customer_number,app_install_time,gender,marital_status,date_of_birth,referral_as_source_of_app_install
1,6/29/18 20:40,MALE,NA,2018-06-05,Not_through_referral
2,7/3/18 19:11,FEMALE,NA,1998-12-08,Not_through_referral
3,7/21/18 12:03,FEMALE,NA,1997-11-19,Installed_through_referral
4,7/23/18 18:22,MALE,NA,2018-01-11,Not_through_referral
5,8/3/18 1:40,MALE,NA,1982-08-19,Not_through_referral
6,6/11/18 17:45,NA,NA,1900-01-00,Not_through_referral
7,6/6/18 11:25,MALE,NA,1993-09-05,Not_through_referral
8,6/21/18 5:19,MALE,NA,2018-04-06,Not_through_referral
9,6/27/18 13:42,FEMALE,NA,2017-09-08,Installed_through_referral
10,7/1/18 21:19,MALE,NA,1998-10-16,Not_through_referral
11,7/4/18 8:25,NA,NA,1900-01-00,Not_through_referral
12,7/14/18 11:08,MALE,NA,1993-06-13,Not_through_referral
13,7/14/18 11:53,FEMALE,NA,1996-07-25,Installed_through_referral
14,7/20/18 16:32,FEMALE,NA,1994-09-12,Not_through_referral
15,7/24/18 20:53,MALE,NA,1987-05-08,Not_through_referral
16,8/9/18 13:16,FEMALE,NA,1996-03-25,Not_through_referral
17,6/3/18 17:54,MALE,NA,2018-06-03,Installed_through_referral
18,7/9/18 20:50,MALE,NA,1993-06-06,Not_through_referral
19,7/9/18 15:36,FEMALE,NA,1996-05-23,Not_through_referral
20,8/10/18 19:35,MALE,NA,1992-06-12,Not_through_referral
21,6/23/18 8:31,MALE,NA,1998-06-01,Not_through_referral
22,6/29/18 13:40,MALE,NA,1998-07-01,Not_through_referral
23,6/26/18 17:55,MALE,NA,2018-06-26,Not_through_referral
24,7/3/18 17:13,MALE,NA,1988-02-15,Installed_through_referral
25,7/8/18 22:47,MALE,NA,1992-06-08,Not_through_referral
26,7/25/18 12:34,FEMALE,NA,2017-12-21,Not_through_referral
27,8/1/18 13:16,FEMALE,NA,1999-10-29,Not_through_referral
28,8/3/18 10:07,MALE,NA,2018-08-01,Not_through_referral
29,8/7/18 13:17,FEMALE,NA,1986-12-15,Not_through_referral
30,6/21/18 12:59,MALE,NA,1981-01-13,Not_through_referral
31,6/16/18 12:10,FEMALE,NA,1999-12-16,Not_through_referral
32,6/22/18 23:03,MALE,NA,1994-07-23,Installed_through_referral
33,6/24/18 10:22,MALE,NA,1984-12-11,Not_through_referral
34,7/4/18 16:31,FEMALE,NA,1989-08-29,Not_through_referral
35,7/19/18 18:21,MALE,NA,1996-07-14,Not_through_referral
36,6/8/18 17:52,FEMALE,NA,1993-12-08,Not_through_referral
37,6/5/18 17:01,MALE,NA,1985-05-20,Not_through_referral
38,6/15/18 12:33,MALE,NA,1997-05-23,Not_through_referral
39,7/13/18 9:32,FEMALE,NA,1995-08-07,Not_through_referral
40,7/22/18 21:09,MALE,NA,1998-11-29,Not_through_referral
41,8/10/18 14:29,MALE,NA,1994-01-03,Installed_through_referral
42,8/4/18 9:51,MALE,NA,1998-03-28,Installed_through_referral
43,6/3/18 9:38,FEMALE,NA,1997-12-05,Installed_through_referral
44,6/13/18 13:58,MALE,NA,1996-08-19,Installed_through_referral
45,6/30/18 1:42,MALE,NA,1998-07-09,Not_through_referral
46,7/29/18 18:09,MALE,NA,2001-10-27,Installed_through_referral
47,8/10/18 10:56,MALE,NA,1988-12-05,Not_through_referral
48,8/12/18 16:27,FEMALE,NA,1998-04-14,Installed_through_referral
49,6/1/18 15:53,MALE,NA,1996-05-15,Installed_through_referral
50,6/6/18 15:06,MALE,NA,1996-08-05,Not_through_referral
51,6/19/18 21:08,FEMALE,NA,1995-01-05,Not_through_referral
52,7/3/18 14:52,FEMALE,NA,2018-07-03,Not_through_referral
53,7/1/18 18:08,MALE,NA,1998-06-23,Not_through_referral
54,7/3/18 22:18,MALE,NA,1980-01-25,Not_through_referral
55,7/25/18 15:39,MALE,NA,1989-02-28,Not_through_referral
56,8/6/18 11:19,MALE,NA,1996-10-29,Installed_through_referral
57,8/7/18 10:26,NA,NA,1900-01-00,Not_through_referral
58,8/12/18 12:23,MALE,NA,1996-11-27,Not_through_referral
59,8/7/18 19:18,FEMALE,NA,1991-10-11,Installed_through_referral
60,6/6/18 15:01,FEMALE,NA,2018-06-06,Not_through_referral
61,6/6/18 18:22,MALE,NA,1993-06-17,Installed_through_referral
62,6/16/18 13:26,MALE,NA,1995-04-27,Not_through_referral
63,6/18/18 22:59,MALE,NA,1991-02-28,Not_through_referral
64,6/29/18 16:49,MALE,NA,1992-02-27,Not_through_referral
65,7/14/18 23:14,FEMALE,NA,2001-08-30,Installed_through_referral
66,7/23/18 13:59,MALE,NA,1991-10-01,Installed_through_referral
67,6/1/18 15:41,MALE,NA,1999-09-24,Not_through_referral
68,6/9/18 22:26,MALE,NA,1983-10-20,Not_through_referral
69,6/5/18 19:25,MALE,NA,2018-06-05,Not_through_referral
70,6/8/18 13:09,MALE,NA,1992-08-13,Not_through_referral
71,6/25/18 16:32,MALE,NA,1998-05-04,Not_through_referral
72,7/10/18 20:51,FEMALE,NA,1997-11-22,Not_through_referral
73,7/4/18 16:12,MALE,NA,1978-07-04,Not_through_referral
74,7/15/18 20:07,MALE,NA,1981-11-04,Installed_through_referral
75,7/20/18 12:46,MALE,NA,2018-06-02,Not_through_referral
76,7/29/18 17:17,MALE,NA,2001-01-27,Not_through_referral
77,8/19/18 21:15,MALE,NA,1991-03-29,Not_through_referral
78,9/13/18 1:39,FEMALE,NA,1991-11-16,Not_through_referral
79,8/21/18 16:05,MALE,NA,2018-08-05,Not_through_referral
80,8/19/18 8:07,MALE,NA,1976-01-28,Not_through_referral
81,8/23/18 0:48,MALE,NA,1998-10-14,Not_through_referral
82,8/19/18 13:11,FEMALE,NA,1999-01-01,Not_through_referral
83,8/29/18 17:06,MALE,NA,1994-01-16,Not_through_referral
84,9/16/18 18:37,FEMALE,NA,1991-12-06,Installed_through_referral
85,9/17/18 13:03,MALE,NA,2018-09-17,Installed_through_referral
86,9/15/18 12:34,FEMALE,NA,1999-09-07,Installed_through_referral
87,9/28/18 14:36,MALE,NA,2018-09-01,Not_through_referral
88,8/16/18 19:03,FEMALE,NA,1994-11-20,Not_through_referral
89,9/17/18 21:29,MALE,NA,1998-06-04,Not_through_referral
90,8/20/18 23:45,MALE,NA,1989-11-03,Not_through_referral
91,8/17/18 14:05,MALE,NA,1999-01-06,Not_through_referral
92,9/11/18 17:09,FEMALE,NA,1999-06-07,Installed_through_referral
93,9/23/18 11:35,MALE,NA,2017-02-04,Not_through_referral
94,8/20/18 13:30,MALE,NA,2018-08-15,Not_through_referral
95,9/1/18 15:33,MALE,NA,1998-02-02,Not_through_referral
96,9/17/18 10:56,MALE,NA,1990-09-17,Not_through_referral
97,9/4/18 21:59,MALE,NA,1995-08-25,Installed_through_referral
98,9/3/18 18:06,MALE,NA,1999-12-11,Not_through_referral
99,8/16/18 16:21,FEMALE,NA,1997-11-08,Installed_through_referral
100,8/21/18 13:48,MALE,NA,2018-08-21,Installed_through_referral
101,8/15/18 21:52,FEMALE,NA,2016-08-28,Not_through_referral
102,8/19/18 16:44,MALE,NA,1997-11-23,Not_through_referral
103,8/27/18 15:28,NA,NA,1900-01-00,Not_through_referral
104,9/17/18 13:06,FEMALE,NA,1993-06-08,Not_through_referral
105,8/26/18 15:43,MALE,NA,1987-11-01,Not_through_referral
106,9/9/18 18:59,MALE,NA,2001-01-08,Installed_through_referral
107,9/22/18 16:37,MALE,NA,1999-05-21,Not_through_referral
108,8/15/18 23:33,MALE,NA,1993-01-03,Not_through_referral
109,8/31/18 18:19,FEMALE,NA,1980-08-31,Not_through_referral
110,6/3/18 23:30,MALE,NA,1989-10-09,Not_through_referral
111,6/7/18 17:16,FEMALE,NA,1997-11-30,Not_through_referral
112,6/4/18 22:31,MALE,NA,2018-06-04,Installed_through_referral
113,6/19/18 12:20,FEMALE,NA,1981-04-17,Not_through_referral
114,6/24/18 18:24,MALE,NA,2018-06-01,Not_through_referral
115,6/27/18 19:51,FEMALE,NA,2018-05-14,Not_through_referral
116,6/28/18 17:40,FEMALE,NA,1987-10-28,Not_through_referral
117,6/24/18 12:45,MALE,NA,1988-07-22,Not_through_referral
118,6/28/18 4:01,MALE,NA,1997-10-06,Not_through_referral
119,7/9/18 10:41,FEMALE,NA,2018-04-04,Not_through_referral
120,7/4/18 3:07,MALE,NA,1995-08-26,Not_through_referral
121,7/18/18 20:52,MALE,NA,1994-07-14,Not_through_referral
122,8/10/18 10:31,MALE,NA,1974-08-10,Installed_through_referral
123,8/4/18 16:32,MALE,NA,1994-08-19,Not_through_referral
124,6/8/18 13:28,MALE,NA,1991-06-08,Not_through_referral
125,6/13/18 17:45,MALE,NA,2018-06-13,Not_through_referral
126,6/13/18 13:32,FEMALE,NA,2018-06-13,Not_through_referral
127,6/27/18 21:08,MALE,NA,1992-07-10,Installed_through_referral
128,7/11/18 21:27,MALE,NA,2002-09-20,Not_through_referral
129,7/4/18 15:45,MALE,NA,2018-07-04,Installed_through_referral
130,7/9/18 20:20,FEMALE,NA,1996-07-09,Installed_through_referral
131,7/12/18 12:25,MALE,NA,1992-07-12,Installed_through_referral
132,7/21/18 18:23,FEMALE,NA,1988-11-28,Not_through_referral
133,7/22/18 12:36,FEMALE,NA,1985-07-06,Not_through_referral
134,7/23/18 18:20,MALE,NA,1999-06-30,Not_through_referral
135,7/27/18 6:54,MALE,NA,1999-11-17,Not_through_referral
136,7/27/18 18:02,MALE,NA,1990-10-14,Not_through_referral
137,8/4/18 12:38,FEMALE,NA,1992-04-14,Not_through_referral
138,8/4/18 13:32,MALE,NA,1996-09-05,Installed_through_referral
139,6/1/18 21:11,FEMALE,NA,2001-07-01,Not_through_referral
140,6/15/18 17:12,FEMALE,NA,1996-07-16,Not_through_referral
141,6/21/18 15:30,MALE,NA,1992-12-08,Not_through_referral
142,6/25/18 19:43,MALE,NA,1985-04-22,Not_through_referral
143,6/29/18 16:12,FEMALE,NA,1991-07-01,Installed_through_referral
144,7/12/18 8:19,MALE,NA,2000-11-24,Installed_through_referral
145,7/20/18 16:00,MALE,NA,1997-10-23,Installed_through_referral
146,7/22/18 18:10,FEMALE,NA,2001-01-04,Not_through_referral
147,7/21/18 8:35,MALE,NA,1993-02-26,Not_through_referral
148,7/26/18 20:25,MALE,NA,1995-07-26,Installed_through_referral
149,6/3/18 17:35,MALE,NA,1995-02-01,Not_through_referral
150,6/8/18 12:55,MALE,NA,1993-11-05,Not_through_referral
151,6/8/18 16:27,MALE,NA,1989-05-14,Not_through_referral
152,6/8/18 20:02,MALE,NA,2018-06-08,Installed_through_referral
153,6/10/18 14:02,MALE,NA,2018-06-10,Not_through_referral
154,6/10/18 16:46,MALE,NA,1992-06-06,Not_through_referral
155,6/6/18 21:11,FEMALE,NA,2000-01-24,Not_through_referral
156,6/17/18 16:24,MALE,NA,2018-06-03,Not_through_referral
157,6/25/18 18:28,MALE,NA,1975-10-03,Not_through_referral
158,6/23/18 16:55,MALE,NA,1968-04-26,Not_through_referral
159,6/29/18 17:03,MALE,NA,1983-06-04,Not_through_referral
160,6/29/18 14:45,MALE,NA,1993-06-29,Installed_through_referral
161,6/28/18 15:40,MALE,NA,2018-06-28,Installed_through_referral
162,7/10/18 18:26,FEMALE,NA,1981-07-10,Installed_through_referral
163,7/4/18 10:43,FEMALE,NA,1995-02-23,Not_through_referral
164,7/13/18 20:21,MALE,NA,1993-05-28,Not_through_referral
165,8/2/18 19:57,MALE,NA,1985-02-18,Not_through_referral
166,8/3/18 0:45,MALE,NA,1994-01-04,Not_through_referral
167,7/25/18 23:50,MALE,NA,1999-02-24,Installed_through_referral
168,8/11/18 20:41,MALE,NA,1992-09-16,Installed_through_referral
169,8/12/18 16:42,FEMALE,NA,1991-04-02,Installed_through_referral
170,6/2/18 20:40,MALE,NA,2018-03-11,Not_through_referral
171,6/5/18 12:47,MALE,NA,1990-11-29,Not_through_referral
172,6/22/18 2:36,MALE,NA,1999-06-22,Not_through_referral
173,6/21/18 23:52,FEMALE,NA,1999-06-10,Not_through_referral
174,6/16/18 15:00,MALE,NA,2018-06-12,Not_through_referral
175,6/26/18 16:03,FEMALE,NA,1997-06-30,Not_through_referral
176,6/30/18 21:13,MALE,NA,1992-03-22,Not_through_referral
177,7/5/18 20:22,MALE,NA,1994-03-21,Not_through_referral
178,7/2/18 23:59,MALE,NA,1998-03-23,Not_through_referral
179,7/19/18 15:08,MALE,NA,1993-10-27,Not_through_referral
180,7/20/18 15:06,MALE,NA,1991-08-15,Installed_through_referral
181,7/18/18 13:16,FEMALE,NA,2018-05-04,Not_through_referral
182,7/29/18 18:25,MALE,NA,1997-06-22,Not_through_referral
183,8/12/18 22:54,MALE,NA,1980-09-15,Not_through_referral
184,8/11/18 21:13,FEMALE,NA,1992-10-28,Not_through_referral
185,8/6/18 10:53,MALE,NA,2000-01-12,Not_through_referral
186,8/8/18 20:01,MALE,NA,1960-08-08,Not_through_referral
187,6/7/18 19:46,FEMALE,NA,1995-06-12,Not_through_referral
188,6/8/18 23:42,MALE,NA,1992-11-03,Not_through_referral
189,6/13/18 0:53,MALE,NA,1995-05-18,Not_through_referral
190,6/20/18 16:37,MALE,NA,2018-06-15,Not_through_referral
191,6/16/18 18:47,MALE,NA,1992-02-01,Not_through_referral
192,6/15/18 18:46,FEMALE,NA,1992-06-20,Installed_through_referral
193,6/28/18 14:23,NA,NA,1900-01-00,Not_through_referral
194,7/7/18 2:03,MALE,NA,1994-06-28,Not_through_referral
195,7/10/18 1:07,MALE,NA,1993-03-25,Not_through_referral
196,7/10/18 18:55,NA,NA,1900-01-00,Not_through_referral
197,7/5/18 16:39,FEMALE,NA,2018-05-12,Not_through_referral
198,7/14/18 0:10,MALE,NA,1998-02-14,Not_through_referral
199,7/14/18 22:38,MALE,NA,1991-09-19,Installed_through_referral
200,7/20/18 12:39,MALE,NA,2018-07-20,Installed_through_referral
201,7/26/18 4:49,MALE,NA,2018-07-26,Not_through_referral
202,8/5/18 18:07,MALE,NA,1999-10-26,Not_through_referral
203,8/9/18 13:30,MALE,NA,1994-02-06,Not_through_referral
204,8/14/18 13:20,MALE,NA,2018-08-14,Installed_through_referral
205,6/10/18 14:04,MALE,NA,2018-05-28,Not_through_referral
206,6/5/18 10:58,MALE,NA,2013-12-04,Not_through_referral
207,6/4/18 16:39,MALE,NA,2018-06-04,Installed_through_referral
208,6/12/18 21:58,MALE,NA,2018-06-12,Installed_through_referral
209,6/16/18 18:44,MALE,NA,1986-02-28,Not_through_referral
210,6/23/18 16:56,MALE,NA,2018-06-23,Installed_through_referral
211,6/24/18 14:06,FEMALE,NA,1987-05-10,Not_through_referral
212,6/23/18 18:02,MALE,NA,1999-06-09,Not_through_referral
213,6/26/18 3:03,FEMALE,NA,1995-07-03,Installed_through_referral
214,6/28/18 13:13,MALE,NA,2016-06-28,Not_through_referral
215,6/30/18 12:34,MALE,NA,1999-04-19,Installed_through_referral
216,7/2/18 18:32,MALE,NA,1996-06-01,Installed_through_referral
217,7/10/18 22:18,MALE,NA,1985-09-15,Not_through_referral
218,7/7/18 23:55,MALE,NA,1994-07-07,Installed_through_referral
219,7/9/18 22:34,MALE,NA,1996-10-21,Not_through_referral
220,7/6/18 16:17,MALE,NA,1994-01-27,Installed_through_referral
221,7/9/18 18:20,MALE,NA,1986-10-09,Installed_through_referral
222,7/15/18 15:21,MALE,NA,2000-01-13,Not_through_referral
223,7/30/18 2:00,MALE,NA,1990-02-12,Installed_through_referral
224,8/13/18 11:20,FEMALE,NA,1992-10-19,Not_through_referral
225,8/6/18 0:55,MALE,NA,1990-08-06,Installed_through_referral
226,8/9/18 0:46,MALE,NA,1994-08-26,Not_through_referral
227,6/2/18 16:15,MALE,NA,1998-05-22,Not_through_referral
228,6/10/18 15:45,FEMALE,NA,2018-06-10,Not_through_referral
229,6/17/18 23:58,MALE,NA,1992-06-09,Not_through_referral
230,6/24/18 20:28,MALE,NA,1993-12-04,Not_through_referral
231,6/26/18 20:06,FEMALE,NA,1996-02-17,Not_through_referral
232,6/29/18 15:54,FEMALE,NA,1995-12-15,Not_through_referral
233,7/6/18 18:35,MALE,NA,1988-07-29,Not_through_referral
234,7/6/18 14:14,MALE,NA,1999-01-20,Installed_through_referral
235,7/13/18 20:49,MALE,NA,1990-03-01,Not_through_referral
236,7/18/18 13:01,MALE,NA,1985-08-23,Not_through_referral
237,7/24/18 16:06,MALE,NA,1992-07-24,Not_through_referral
238,8/10/18 13:28,FEMALE,NA,1996-12-28,Installed_through_referral
239,8/5/18 15:15,MALE,NA,1995-06-10,Not_through_referral
240,6/2/18 19:38,MALE,NA,2018-06-02,Installed_through_referral
241,6/5/18 13:08,MALE,NA,1980-07-12,Not_through_referral
242,6/13/18 16:04,FEMALE,NA,1983-02-24,Not_through_referral
243,6/17/18 1:27,MALE,NA,2018-03-01,Not_through_referral
244,6/19/18 12:31,FEMALE,NA,1997-09-30,Installed_through_referral
245,6/26/18 16:54,FEMALE,NA,1999-07-24,Not_through_referral
246,6/27/18 10:48,MALE,NA,1999-03-15,Not_through_referral
247,6/28/18 8:46,MALE,NA,1994-06-28,Installed_through_referral
248,7/24/18 19:51,MALE,NA,1993-03-13,Installed_through_referral
249,8/6/18 20:45,MALE,NA,1989-04-18,Not_through_referral
250,6/6/18 14:44,MALE,NA,1985-05-31,Not_through_referral
251,6/12/18 19:21,MALE,NA,2018-06-12,Installed_through_referral
252,6/20/18 20:51,MALE,NA,1995-03-12,Not_through_referral
253,6/21/18 0:33,MALE,NA,1998-10-19,Not_through_referral
254,6/16/18 18:55,FEMALE,NA,1996-06-08,Not_through_referral
255,6/20/18 17:01,MALE,NA,2018-06-20,Installed_through_referral
256,6/20/18 21:41,FEMALE,NA,1990-05-31,Not_through_referral
257,6/15/18 13:22,MALE,NA,1991-04-16,Not_through_referral
258,6/18/18 21:00,FEMALE,NA,1981-08-30,Not_through_referral
259,7/2/18 12:28,FEMALE,NA,1980-08-17,Not_through_referral
260,7/9/18 8:45,MALE,NA,1976-12-02,Not_through_referral
261,7/2/18 10:18,MALE,NA,1998-12-25,Not_through_referral
262,7/1/18 20:13,MALE,NA,1997-08-08,Not_through_referral
263,7/14/18 16:20,MALE,NA,1984-08-10,Installed_through_referral
264,7/15/18 15:08,MALE,NA,1988-12-25,Not_through_referral
265,7/19/18 22:46,MALE,NA,2018-07-16,Installed_through_referral
266,7/30/18 22:37,FEMALE,NA,1990-03-29,Installed_through_referral
267,8/9/18 13:40,MALE,NA,1996-09-09,Not_through_referral
268,8/10/18 22:48,MALE,NA,1991-08-05,Installed_through_referral
269,8/5/18 14:03,MALE,NA,1973-07-21,Not_through_referral
270,8/13/18 16:49,MALE,NA,1998-05-14,Not_through_referral
271,8/22/18 16:06,MALE,NA,1997-03-24,Not_through_referral
272,8/31/18 16:09,FEMALE,NA,1995-02-11,Installed_through_referral
273,9/1/18 20:15,MALE,NA,2000-12-06,Not_through_referral
274,9/5/18 9:23,MALE,NA,1999-02-01,Not_through_referral
275,9/5/18 20:15,FEMALE,NA,1998-07-11,Not_through_referral
276,9/17/18 15:03,MALE,NA,1998-03-03,Not_through_referral
277,8/15/18 23:00,MALE,NA,1996-09-26,Not_through_referral
278,8/24/18 17:11,FEMALE,NA,2018-08-24,Not_through_referral
279,8/26/18 2:33,MALE,NA,1997-05-17,Not_through_referral
280,8/25/18 16:39,NA,NA,1900-01-00,Not_through_referral
281,9/13/18 11:17,MALE,NA,1991-11-09,Not_through_referral
282,9/13/18 19:15,MALE,NA,2018-09-13,Installed_through_referral
283,9/23/18 7:14,MALE,NA,2000-11-30,Not_through_referral
284,8/20/18 10:07,MALE,NA,1994-10-01,Installed_through_referral
285,8/31/18 18:11,MALE,NA,1990-09-20,Installed_through_referral
286,8/24/18 18:51,MALE,NA,1993-06-11,Installed_through_referral
287,8/25/18 16:59,FEMALE,NA,1966-06-08,Installed_through_referral
288,8/22/18 21:47,MALE,NA,1995-09-26,Installed_through_referral
289,8/25/18 13:52,MALE,NA,2018-08-15,Not_through_referral
290,8/26/18 18:27,MALE,NA,1996-12-15,Installed_through_referral
291,9/20/18 18:54,MALE,NA,1980-04-08,Not_through_referral
292,9/14/18 17:22,NA,NA,1900-01-00,Not_through_referral
293,9/10/18 18:45,MALE,NA,2018-09-10,Installed_through_referral
294,9/29/18 20:45,FEMALE,NA,2003-06-25,Installed_through_referral
295,8/17/18 7:45,FEMALE,NA,1980-01-17,Not_through_referral
296,9/2/18 13:06,MALE,NA,1998-06-06,Not_through_referral
297,9/2/18 12:37,MALE,NA,1998-12-14,Not_through_referral
298,9/2/18 21:23,MALE,NA,1994-10-08,Installed_through_referral
299,9/2/18 18:19,MALE,NA,1994-06-05,Not_through_referral
300,8/25/18 19:09,MALE,NA,2001-06-23,Installed_through_referral
301,9/2/18 19:47,MALE,NA,1997-10-18,Installed_through_referral
302,9/2/18 19:21,MALE,NA,2018-09-02,Not_through_referral
303,9/17/18 9:14,FEMALE,NA,1998-09-17,Installed_through_referral
304,9/17/18 16:50,MALE,NA,1996-06-18,Not_through_referral
305,9/16/18 13:07,MALE,NA,1999-09-16,Not_through_referral
306,8/17/18 18:38,MALE,NA,1981-07-05,Not_through_referral
307,9/14/18 17:53,MALE,NA,2018-09-05,Not_through_referral
308,8/16/18 16:12,MALE,NA,2018-08-16,Installed_through_referral
309,8/15/18 14:29,MALE,NA,2000-06-29,Installed_through_referral
310,8/24/18 19:33,MALE,NA,2000-10-01,Installed_through_referral
311,9/9/18 16:42,MALE,NA,2018-09-09,Not_through_referral
312,9/21/18 10:24,MALE,NA,1974-05-08,Not_through_referral
313,9/24/18 16:52,MALE,NA,1996-03-21,Installed_through_referral
314,8/15/18 17:31,FEMALE,NA,1996-07-18,Not_through_referral
315,8/17/18 20:45,MALE,NA,1997-04-29,Not_through_referral
316,8/24/18 12:06,MALE,NA,1996-04-04,Not_through_referral
317,8/25/18 15:02,FEMALE,NA,1999-08-11,Not_through_referral
318,9/5/18 19:37,MALE,NA,1993-03-10,Installed_through_referral
319,9/6/18 13:52,MALE,NA,1996-05-21,Not_through_referral
320,8/28/18 22:58,MALE,NA,1987-09-06,Not_through_referral
321,6/3/18 22:32,MALE,NA,2018-03-01,Not_through_referral
322,6/16/18 11:27,MALE,NA,1982-03-11,Not_through_referral
323,6/14/18 16:29,MALE,NA,2018-06-14,Not_through_referral
324,6/28/18 13:59,MALE,NA,2000-10-10,Not_through_referral
325,6/24/18 21:40,MALE,NA,1996-11-24,Not_through_referral
326,7/7/18 21:51,MALE,NA,1991-07-07,Not_through_referral
327,7/12/18 21:59,NA,NA,1900-01-00,Not_through_referral
328,7/15/18 14:20,FEMALE,NA,1997-01-21,Installed_through_referral
329,7/30/18 17:01,MALE,NA,1991-05-24,Installed_through_referral
330,7/31/18 15:29,MALE,NA,2000-09-17,Not_through_referral
331,6/3/18 10:04,FEMALE,NA,1996-08-13,Not_through_referral
332,6/8/18 12:04,MALE,NA,2018-06-08,Not_through_referral
333,6/9/18 17:21,FEMALE,NA,1977-08-03,Installed_through_referral
334,6/6/18 13:05,MALE,NA,1999-06-07,Not_through_referral
335,6/13/18 13:31,MALE,NA,1994-09-20,Not_through_referral
336,6/13/18 21:48,MALE,NA,1994-06-29,Not_through_referral
337,6/21/18 2:29,MALE,NA,1991-02-22,Not_through_referral
338,6/14/18 13:05,MALE,NA,1981-02-01,Not_through_referral
339,7/1/18 11:28,MALE,NA,2018-07-01,Not_through_referral
340,6/23/18 11:36,MALE,NA,2004-08-21,Not_through_referral
341,6/29/18 17:47,MALE,NA,1994-04-04,Not_through_referral
342,7/7/18 16:27,FEMALE,NA,2018-07-05,Not_through_referral
343,7/8/18 10:54,MALE,NA,2018-07-01,Not_through_referral
344,7/1/18 18:33,MALE,NA,1996-07-29,Not_through_referral
345,7/14/18 13:33,MALE,NA,1999-09-22,Not_through_referral
346,7/21/18 18:38,MALE,NA,1990-05-25,Not_through_referral
347,7/24/18 13:41,FEMALE,NA,1993-03-15,Installed_through_referral
348,8/12/18 19:57,FEMALE,NA,1995-09-13,Installed_through_referral
349,8/8/18 14:03,MALE,NA,1985-04-07,Not_through_referral
350,8/5/18 20:12,MALE,NA,1989-04-07,Not_through_referral
351,8/7/18 9:02,MALE,NA,2001-06-24,Installed_through_referral
352,6/1/18 15:13,MALE,NA,1995-05-01,Not_through_referral
353,6/6/18 0:40,MALE,NA,2009-03-18,Installed_through_referral
354,6/11/18 17:58,FEMALE,NA,2018-06-13,Not_through_referral
355,6/17/18 20:11,FEMALE,NA,2018-06-17,Not_through_referral
356,6/23/18 16:35,FEMALE,NA,1994-04-01,Installed_through_referral
357,7/15/18 20:28,MALE,NA,2018-07-15,Not_through_referral
358,7/26/18 17:45,MALE,NA,1981-08-16,Installed_through_referral
359,8/1/18 17:17,FEMALE,NA,1994-02-01,Not_through_referral
360,8/3/18 14:03,MALE,NA,2018-08-03,Not_through_referral
361,7/30/18 13:19,MALE,NA,2018-07-16,Not_through_referral
362,7/25/18 20:46,MALE,NA,1965-03-21,Not_through_referral
363,7/29/18 14:33,FEMALE,NA,1987-02-03,Installed_through_referral
364,7/25/18 15:13,MALE,NA,2018-07-25,Not_through_referral
365,8/4/18 2:51,MALE,NA,1990-08-04,Installed_through_referral
366,8/8/18 11:01,MALE,NA,1999-12-07,Installed_through_referral
367,6/10/18 13:51,MALE,NA,1988-11-17,Not_through_referral
368,6/6/18 17:57,MALE,NA,1986-02-02,Not_through_referral
369,6/7/18 16:19,MALE,NA,2018-06-04,Not_through_referral
370,6/8/18 13:32,MALE,NA,1988-06-08,Installed_through_referral
371,6/5/18 12:08,MALE,NA,1992-08-12,Not_through_referral
372,6/11/18 2:30,MALE,NA,2018-06-11,Installed_through_referral
373,6/6/18 23:54,MALE,NA,1997-07-30,Not_through_referral
374,6/8/18 12:54,MALE,NA,1988-10-27,Not_through_referral
375,6/18/18 3:20,MALE,NA,1996-11-05,Not_through_referral
376,6/14/18 17:35,FEMALE,NA,1994-06-18,Not_through_referral
377,6/15/18 22:00,MALE,NA,2000-12-09,Not_through_referral
378,6/15/18 22:56,MALE,NA,1998-06-19,Installed_through_referral
379,6/17/18 11:13,FEMALE,NA,1971-08-17,Not_through_referral
380,6/17/18 13:51,MALE,NA,1999-06-17,Not_through_referral
381,6/13/18 18:34,MALE,NA,1992-07-01,Not_through_referral
382,6/25/18 14:19,MALE,NA,1989-11-25,Not_through_referral
383,6/28/18 11:56,FEMALE,NA,2018-06-28,Not_through_referral
384,6/24/18 18:02,FEMALE,NA,1994-02-01,Not_through_referral
385,7/3/18 14:24,MALE,NA,1993-10-19,Not_through_referral
386,7/7/18 22:32,MALE,NA,1989-03-05,Not_through_referral
387,7/12/18 12:55,FEMALE,NA,2001-10-07,Not_through_referral
388,7/15/18 15:10,MALE,NA,1993-07-26,Not_through_referral
389,7/14/18 18:22,MALE,NA,1996-07-20,Not_through_referral
390,7/18/18 18:07,MALE,NA,1996-05-31,Installed_through_referral
391,7/21/18 13:04,MALE,NA,2000-08-08,Not_through_referral
392,7/21/18 14:39,MALE,NA,1984-07-17,Not_through_referral
393,7/22/18 19:11,MALE,NA,2018-07-22,Not_through_referral
394,7/28/18 20:58,MALE,NA,2018-03-08,Installed_through_referral
395,7/31/18 20:25,MALE,NA,1997-10-05,Installed_through_referral
396,8/4/18 12:57,MALE,NA,1965-08-04,Not_through_referral
397,8/7/18 16:20,FEMALE,NA,1993-09-03,Not_through_referral
398,8/10/18 23:09,MALE,NA,1992-08-03,Installed_through_referral
399,6/2/18 13:49,MALE,NA,1981-09-19,Not_through_referral
400,6/3/18 10:48,MALE,NA,2018-06-03,Not_through_referral
401,6/4/18 21:56,FEMALE,NA,1992-12-12,Installed_through_referral
402,6/4/18 22:24,MALE,NA,1995-12-20,Not_through_referral
403,6/7/18 10:34,FEMALE,NA,1989-08-02,Not_through_referral
404,6/11/18 16:55,FEMALE,NA,2018-06-11,Not_through_referral
405,6/15/18 20:33,MALE,NA,1989-10-31,Not_through_referral
406,6/21/18 0:51,MALE,NA,1992-11-04,Not_through_referral
407,6/17/18 16:11,MALE,NA,2018-05-17,Not_through_referral
408,6/28/18 16:28,FEMALE,NA,1992-06-13,Installed_through_referral
409,6/23/18 20:21,MALE,NA,1987-10-10,Not_through_referral
410,6/30/18 21:14,MALE,NA,1994-06-10,Installed_through_referral
411,6/23/18 4:45,FEMALE,NA,1999-07-27,Not_through_referral
412,7/17/18 10:45,MALE,NA,1977-04-04,Not_through_referral
413,7/13/18 12:24,MALE,NA,2000-05-02,Installed_through_referral
414,7/23/18 13:45,MALE,NA,2018-07-23,Not_through_referral
415,7/24/18 14:46,MALE,NA,1983-08-16,Installed_through_referral
416,7/23/18 22:17,MALE,NA,1982-05-04,Not_through_referral
417,7/25/18 18:19,MALE,NA,2001-05-29,Not_through_referral
418,8/4/18 21:58,MALE,NA,2018-07-20,Not_through_referral
419,8/8/18 20:47,MALE,NA,2018-08-08,Not_through_referral
420,8/10/18 19:21,MALE,NA,1993-11-30,Not_through_referral
421,8/9/18 16:35,MALE,NA,2018-08-09,Not_through_referral
422,8/11/18 18:49,FEMALE,NA,1994-09-03,Not_through_referral
423,6/2/18 19:35,MALE,NA,1996-02-23,Not_through_referral
424,6/6/18 12:52,MALE,NA,2018-06-20,Not_through_referral
425,6/4/18 10:54,MALE,NA,1972-07-22,Not_through_referral
426,6/3/18 18:45,MALE,NA,1996-12-18,Not_through_referral
427,6/12/18 18:54,MALE,NA,1993-06-16,Not_through_referral
428,6/9/18 14:35,MALE,NA,2018-06-09,Installed_through_referral
429,6/11/18 11:17,MALE,NA,1994-04-16,Installed_through_referral
430,6/15/18 15:55,MALE,NA,1981-07-16,Not_through_referral
431,6/24/18 19:36,MALE,NA,1995-04-16,Not_through_referral
432,6/26/18 13:15,MALE,NA,1987-02-01,Not_through_referral
433,7/10/18 9:57,MALE,NA,1995-10-04,Not_through_referral
434,7/9/18 12:45,FEMALE,NA,1996-12-16,Not_through_referral
435,7/10/18 16:56,MALE,NA,1997-08-10,Not_through_referral
436,7/15/18 19:00,MALE,NA,1995-07-15,Not_through_referral
437,7/13/18 14:59,MALE,NA,1995-02-25,Installed_through_referral
438,7/14/18 20:30,MALE,NA,1994-07-14,Not_through_referral
439,7/29/18 21:52,MALE,NA,1996-06-09,Not_through_referral
440,7/30/18 17:41,MALE,NA,1975-07-27,Installed_through_referral
441,8/1/18 3:34,MALE,NA,1993-12-03,Installed_through_referral
442,8/9/18 11:46,MALE,NA,1993-03-18,Not_through_referral
443,8/14/18 15:52,FEMALE,NA,1996-07-26,Not_through_referral
444,8/5/18 14:02,FEMALE,NA,1998-11-16,Not_through_referral
445,6/12/18 0:02,FEMALE,NA,1991-08-19,Not_through_referral
446,6/15/18 22:43,MALE,NA,1997-07-20,Not_through_referral
447,6/13/18 9:28,MALE,NA,1990-04-13,Installed_through_referral
448,6/23/18 0:51,MALE,NA,1996-10-10,Installed_through_referral
449,6/29/18 13:08,MALE,NA,1992-07-18,Not_through_referral
450,6/24/18 11:47,MALE,NA,2018-06-24,Not_through_referral
451,6/24/18 0:34,MALE,NA,1996-06-24,Installed_through_referral
452,6/29/18 2:03,MALE,NA,2000-05-10,Installed_through_referral
453,6/27/18 18:06,MALE,NA,2018-06-27,Installed_through_referral
454,7/5/18 8:29,MALE,NA,1995-05-24,Installed_through_referral
455,7/11/18 9:18,MALE,NA,2018-07-11,Not_through_referral
456,7/6/18 16:15,FEMALE,NA,1994-09-28,Installed_through_referral
457,7/3/18 15:48,MALE,NA,1998-10-18,Not_through_referral
458,7/5/18 18:00,MALE,NA,2000-05-13,Not_through_referral
459,7/11/18 14:42,MALE,NA,1988-04-18,Installed_through_referral
460,7/2/18 22:56,FEMALE,NA,1993-04-13,Not_through_referral
461,7/13/18 18:14,FEMALE,NA,1990-05-27,Installed_through_referral
462,7/15/18 1:03,MALE,NA,1994-06-27,Not_through_referral
463,8/9/18 14:15,MALE,NA,1997-03-02,Not_through_referral
464,8/12/18 21:18,MALE,NA,1993-06-30,Not_through_referral
465,8/9/18 19:39,NA,NA,1900-01-00,Not_through_referral
466,6/1/18 9:28,MALE,NA,2000-05-07,Not_through_referral
467,6/8/18 16:53,MALE,NA,1995-01-05,Installed_through_referral
468,6/12/18 22:21,MALE,NA,2001-03-10,Not_through_referral
469,6/15/18 15:47,MALE,NA,1992-04-14,Installed_through_referral
470,6/17/18 19:32,MALE,NA,1977-04-02,Not_through_referral
471,6/21/18 13:32,MALE,NA,1990-06-21,Installed_through_referral
472,6/15/18 12:56,MALE,NA,1977-10-27,Not_through_referral
473,6/13/18 9:12,MALE,NA,1980-03-26,Not_through_referral
474,6/16/18 14:55,MALE,NA,2000-07-11,Installed_through_referral
475,6/19/18 15:36,MALE,NA,1993-06-19,Not_through_referral
476,6/21/18 10:59,MALE,NA,2000-02-16,Not_through_referral
477,6/30/18 9:54,MALE,NA,1999-08-25,Not_through_referral
478,6/23/18 20:05,MALE,NA,2018-06-23,Installed_through_referral
479,6/27/18 16:33,MALE,NA,2018-06-06,Not_through_referral
480,7/4/18 17:09,MALE,NA,1997-02-23,Not_through_referral
481,7/7/18 12:23,NA,NA,1900-01-00,Not_through_referral
482,7/11/18 18:16,MALE,NA,1982-08-05,Installed_through_referral
483,7/3/18 17:57,MALE,NA,2000-04-17,Not_through_referral
484,7/9/18 17:08,MALE,NA,1993-02-17,Not_through_referral
485,7/8/18 17:37,MALE,NA,1993-04-08,Not_through_referral
486,7/9/18 16:49,MALE,NA,1991-05-02,Installed_through_referral
487,7/7/18 17:44,MALE,NA,1993-04-09,Not_through_referral
488,7/20/18 17:07,MALE,NA,2008-07-02,Installed_through_referral
489,7/12/18 18:54,MALE,NA,2000-07-21,Not_through_referral
490,7/18/18 10:45,MALE,NA,2018-01-10,Not_through_referral
491,7/27/18 18:18,MALE,NA,1999-12-16,Not_through_referral
492,7/26/18 13:09,MALE,NA,1993-02-14,Not_through_referral
493,7/25/18 18:29,MALE,NA,1998-05-04,Not_through_referral
494,8/2/18 17:33,MALE,NA,1999-01-04,Not_through_referral
495,8/11/18 13:31,FEMALE,NA,1999-12-05,Not_through_referral
496,8/5/18 18:11,MALE,NA,1996-08-18,Installed_through_referral
497,8/10/18 11:42,MALE,NA,1999-07-12,Not_through_referral
498,8/5/18 17:23,MALE,NA,1980-11-01,Not_through_referral
499,6/2/18 21:23,FEMALE,NA,1995-06-16,Installed_through_referral
500,6/1/18 8:45,MALE,NA,1999-08-15,Not_through_referral
501,6/19/18 13:06,MALE,NA,1995-01-29,Not_through_referral
502,6/19/18 7:31,MALE,NA,1991-10-18,Not_through_referral
503,6/16/18 15:42,MALE,NA,1982-06-24,Not_through_referral
504,6/20/18 9:38,FEMALE,NA,2017-01-02,Not_through_referral
505,6/22/18 11:52,MALE,NA,1975-06-01,Not_through_referral
506,7/1/18 11:30,MALE,NA,1987-07-24,Installed_through_referral
507,6/22/18 18:24,MALE,NA,1991-10-29,Not_through_referral
508,6/24/18 11:07,MALE,NA,1999-08-19,Not_through_referral
509,6/26/18 20:43,MALE,NA,1987-04-22,Not_through_referral
510,6/23/18 10:45,MALE,NA,1999-09-07,Installed_through_referral
511,7/1/18 0:32,MALE,NA,2012-04-12,Not_through_referral
512,7/7/18 1:43,MALE,NA,1993-03-23,Not_through_referral
513,7/6/18 0:42,FEMALE,NA,1999-08-03,Installed_through_referral
514,7/3/18 22:40,FEMALE,NA,1997-02-02,Not_through_referral
515,7/22/18 20:49,MALE,NA,1983-07-28,Not_through_referral
516,7/15/18 16:30,MALE,NA,2018-07-15,Not_through_referral
517,7/18/18 0:32,MALE,NA,1991-03-24,Not_through_referral
518,8/1/18 14:12,MALE,NA,1993-08-01,Installed_through_referral
519,7/28/18 0:49,MALE,NA,1994-08-13,Not_through_referral
520,8/3/18 16:55,MALE,NA,1978-09-28,Not_through_referral
521,7/26/18 17:07,FEMALE,NA,1987-08-26,Installed_through_referral
522,8/5/18 20:36,MALE,NA,1993-04-11,Not_through_referral
523,8/6/18 10:24,FEMALE,NA,2018-08-04,Not_through_referral
524,8/9/18 22:59,MALE,NA,1998-08-09,Installed_through_referral
525,8/13/18 17:37,MALE,NA,1984-08-14,Not_through_referral
526,8/6/18 14:53,MALE,NA,1999-02-04,Not_through_referral
527,6/6/18 16:09,MALE,NA,1989-11-11,Not_through_referral
528,6/5/18 17:22,MALE,NA,1985-12-11,Not_through_referral
529,6/10/18 22:16,MALE,NA,2018-05-09,Not_through_referral
530,6/7/18 12:24,MALE,NA,2018-06-07,Not_through_referral
531,6/9/18 23:56,MALE,NA,1982-01-10,Not_through_referral
532,6/4/18 1:46,FEMALE,NA,1990-06-04,Installed_through_referral
533,6/8/18 11:40,MALE,NA,1997-02-18,Not_through_referral
534,6/17/18 5:37,MALE,NA,1992-06-18,Not_through_referral
535,6/13/18 7:48,MALE,NA,1998-03-15,Not_through_referral
536,6/21/18 10:46,FEMALE,NA,2000-09-03,Not_through_referral
537,6/20/18 19:22,MALE,NA,2018-06-20,Installed_through_referral
538,6/13/18 21:22,MALE,NA,1995-07-08,Not_through_referral
539,6/21/18 16:43,MALE,NA,2018-06-05,Not_through_referral
540,6/15/18 13:38,MALE,NA,1999-12-08,Not_through_referral
541,6/22/18 23:44,MALE,NA,1990-10-03,Not_through_referral
542,6/22/18 15:24,MALE,NA,1984-07-12,Not_through_referral
543,6/27/18 10:03,MALE,NA,1977-12-29,Not_through_referral
544,6/25/18 16:23,FEMALE,NA,2018-06-25,Not_through_referral
545,6/29/18 15:26,FEMALE,NA,1993-11-16,Not_through_referral
546,7/7/18 1:17,MALE,NA,2018-06-02,Not_through_referral
547,7/7/18 20:10,MALE,NA,1988-12-11,Not_through_referral
548,7/19/18 19:26,MALE,NA,1985-01-21,Installed_through_referral
549,7/21/18 18:03,MALE,NA,1995-07-21,Not_through_referral
550,7/22/18 15:40,MALE,NA,1997-06-20,Not_through_referral
551,7/14/18 18:55,MALE,NA,2018-07-14,Not_through_referral
552,7/16/18 13:44,MALE,NA,1994-01-07,Not_through_referral
553,7/28/18 9:38,MALE,NA,2018-02-25,Installed_through_referral
554,8/3/18 17:52,MALE,NA,1990-12-21,Not_through_referral
555,8/11/18 9:57,FEMALE,NA,1996-06-19,Not_through_referral
556,8/4/18 18:56,MALE,NA,1998-10-20,Not_through_referral
557,8/10/18 10:09,MALE,NA,1998-08-10,Installed_through_referral
558,9/5/18 8:56,MALE,NA,1981-12-25,Installed_through_referral
559,9/14/18 16:10,MALE,NA,1993-12-29,Not_through_referral
560,9/16/18 21:37,MALE,NA,1986-06-18,Not_through_referral
561,9/28/18 20:55,MALE,NA,1994-09-16,Not_through_referral
562,8/18/18 18:36,MALE,NA,2000-10-14,Installed_through_referral
563,8/17/18 15:58,MALE,NA,1957-08-02,Not_through_referral
564,9/14/18 4:39,MALE,NA,1991-08-30,Not_through_referral
565,9/29/18 22:02,FEMALE,NA,1992-12-05,Installed_through_referral
566,8/16/18 16:26,MALE,NA,1990-09-29,Not_through_referral
567,8/16/18 20:33,MALE,NA,1993-04-16,Installed_through_referral
568,8/27/18 19:08,MALE,NA,1996-08-08,Not_through_referral
569,8/26/18 8:08,MALE,NA,1994-08-09,Installed_through_referral
570,9/6/18 21:47,MALE,NA,1991-11-24,Not_through_referral
571,8/30/18 18:40,MALE,NA,2018-08-13,Installed_through_referral
572,9/2/18 17:41,FEMALE,NA,1967-09-04,Not_through_referral
573,9/11/18 16:23,FEMALE,NA,1998-11-20,Installed_through_referral
574,9/12/18 17:27,FEMALE,NA,1997-11-09,Installed_through_referral
575,9/8/18 20:18,MALE,NA,1983-09-24,Not_through_referral
576,9/13/18 20:36,MALE,NA,2018-09-04,Not_through_referral
577,9/23/18 20:14,MALE,NA,1982-06-13,Not_through_referral
578,8/22/18 21:18,MALE,NA,2017-12-19,Not_through_referral
579,8/23/18 15:24,MALE,NA,1985-08-01,Not_through_referral
580,8/19/18 23:46,FEMALE,NA,1989-05-27,Installed_through_referral
581,8/28/18 11:07,MALE,NA,1997-08-13,Installed_through_referral
582,9/19/18 14:51,FEMALE,NA,1989-11-12,Installed_through_referral
583,9/10/18 21:20,MALE,NA,1990-07-09,Not_through_referral
584,9/19/18 8:17,MALE,NA,2000-08-06,Not_through_referral
585,9/19/18 7:50,MALE,NA,1992-09-01,Not_through_referral
586,8/16/18 13:47,NA,NA,1900-01-00,Not_through_referral
587,8/18/18 12:38,FEMALE,NA,1992-05-23,Not_through_referral
588,8/31/18 18:53,MALE,NA,2018-08-16,Not_through_referral
589,8/26/18 13:34,MALE,NA,1993-06-10,Not_through_referral
590,9/2/18 12:58,FEMALE,NA,2018-09-01,Not_through_referral
591,8/28/18 18:17,MALE,NA,1985-08-10,Not_through_referral
592,8/28/18 21:59,MALE,NA,2000-03-15,Not_through_referral
593,9/9/18 11:14,FEMALE,NA,1994-09-02,Installed_through_referral
594,9/23/18 13:19,MALE,NA,1993-10-08,Not_through_referral
595,8/20/18 11:03,MALE,NA,1996-03-03,Not_through_referral
596,8/31/18 9:24,MALE,NA,2006-01-05,Not_through_referral
597,9/20/18 20:12,MALE,NA,1993-03-03,Installed_through_referral
598,9/8/18 20:57,FEMALE,NA,1991-05-14,Not_through_referral
599,9/19/18 19:16,MALE,NA,1997-02-10,Not_through_referral
600,9/25/18 19:16,MALE,NA,1995-05-14,Not_through_referral
601,9/23/18 23:03,MALE,NA,1996-05-12,Not_through_referral
602,9/28/18 14:03,MALE,NA,2018-09-28,Not_through_referral
603,9/25/18 18:00,FEMALE,NA,1992-03-30,Not_through_referral
604,8/22/18 0:56,MALE,NA,2014-12-13,Not_through_referral
605,8/24/18 21:54,MALE,NA,2000-07-11,Installed_through_referral
606,8/19/18 14:22,MALE,NA,1991-04-26,Not_through_referral
607,8/15/18 17:25,MALE,NA,2000-08-15,Installed_through_referral
608,8/30/18 21:07,MALE,NA,1997-01-11,Installed_through_referral
609,9/4/18 13:00,MALE,NA,2000-07-21,Installed_through_referral
610,9/6/18 6:25,MALE,NA,2012-02-29,Not_through_referral
611,9/1/18 19:02,FEMALE,NA,1997-05-10,Not_through_referral
612,9/5/18 13:51,MALE,NA,1992-11-18,Not_through_referral
613,8/31/18 15:16,MALE,NA,1999-04-12,Not_through_referral
614,8/30/18 21:17,MALE,NA,1975-07-31,Not_through_referral
615,9/3/18 18:19,MALE,NA,1993-10-05,Installed_through_referral
616,9/11/18 17:49,MALE,NA,2018-09-07,Not_through_referral
617,9/11/18 12:35,MALE,NA,1999-07-03,Not_through_referral
618,9/16/18 17:15,MALE,NA,1999-09-09,Not_through_referral
619,9/11/18 12:20,FEMALE,NA,1991-11-12,Installed_through_referral
620,9/24/18 21:14,MALE,NA,1995-09-24,Not_through_referral
621,9/25/18 18:45,MALE,NA,1995-01-01,Not_through_referral
622,9/23/18 10:13,FEMALE,NA,2000-05-07,Not_through_referral
623,8/14/18 23:22,MALE,NA,2018-08-14,Installed_through_referral
624,8/30/18 23:52,MALE,NA,1995-10-05,Installed_through_referral
625,8/27/18 15:14,MALE,NA,2000-03-19,Not_through_referral
626,9/4/18 9:38,MALE,NA,2000-03-03,Installed_through_referral
627,9/5/18 18:21,FEMALE,NA,1996-07-06,Installed_through_referral
628,9/11/18 15:13,MALE,NA,2018-07-03,Not_through_referral
629,9/27/18 16:58,MALE,NA,2018-09-27,Installed_through_referral
630,8/25/18 13:56,MALE,NA,2018-08-25,Installed_through_referral
631,8/16/18 9:28,MALE,NA,1981-12-22,Not_through_referral
632,8/21/18 19:49,FEMALE,NA,1999-04-10,Not_through_referral
633,8/17/18 15:10,MALE,NA,2018-08-17,Installed_through_referral
634,8/26/18 11:55,MALE,NA,2018-08-26,Installed_through_referral
635,9/3/18 20:17,MALE,NA,1997-02-03,Not_through_referral
636,9/1/18 16:05,MALE,NA,2018-09-01,Installed_through_referral
637,9/4/18 11:04,MALE,NA,2001-03-19,Installed_through_referral
638,8/29/18 12:21,FEMALE,NA,2018-08-29,Not_through_referral
639,9/8/18 19:40,MALE,NA,1969-12-04,Not_through_referral
640,9/11/18 16:53,MALE,NA,1989-07-09,Not_through_referral
641,8/20/18 12:25,MALE,NA,2000-02-22,Not_through_referral
642,8/30/18 14:55,MALE,NA,1995-08-07,Not_through_referral
643,9/12/18 20:53,FEMALE,NA,2018-09-02,Not_through_referral
644,9/10/18 17:32,MALE,NA,1985-07-05,Not_through_referral
645,9/7/18 14:12,MALE,NA,1997-01-11,Not_through_referral
646,9/24/18 18:55,MALE,NA,1997-12-16,Not_through_referral
647,6/2/18 16:19,MALE,NA,2017-09-03,Not_through_referral
648,6/7/18 16:22,MALE,NA,1998-11-15,Installed_through_referral
649,6/7/18 18:24,MALE,NA,1985-06-06,Not_through_referral
650,6/7/18 20:59,MALE,NA,1999-02-22,Not_through_referral
651,6/14/18 20:45,FEMALE,NA,1996-06-14,Installed_through_referral
652,6/19/18 21:03,MALE,NA,1982-06-07,Not_through_referral
653,6/25/18 15:26,MALE,NA,1999-06-21,Installed_through_referral
654,7/5/18 14:09,MALE,NA,1992-07-14,Installed_through_referral
655,7/2/18 15:59,FEMALE,NA,1997-06-26,Not_through_referral
656,7/6/18 21:50,MALE,NA,1980-12-06,Installed_through_referral
657,7/17/18 15:29,MALE,NA,1992-04-27,Installed_through_referral
658,7/15/18 8:08,MALE,NA,1999-01-25,Not_through_referral
659,7/24/18 14:40,MALE,NA,1996-02-26,Installed_through_referral
660,8/1/18 11:23,MALE,NA,1978-10-12,Not_through_referral
661,7/26/18 14:10,MALE,NA,1991-02-01,Not_through_referral
662,7/25/18 15:46,MALE,NA,2018-07-25,Installed_through_referral
663,7/24/18 14:38,MALE,NA,1994-08-18,Installed_through_referral
664,8/12/18 10:01,FEMALE,NA,1964-09-28,Installed_through_referral
665,6/2/18 17:13,MALE,NA,1996-08-22,Installed_through_referral
666,6/9/18 17:05,FEMALE,NA,1985-06-09,Not_through_referral
667,6/6/18 18:26,MALE,NA,1993-06-15,Not_through_referral
668,6/6/18 16:34,FEMALE,NA,1991-11-13,Not_through_referral
669,6/20/18 11:35,MALE,NA,1989-11-03,Not_through_referral
670,6/21/18 3:20,FEMALE,NA,2000-04-17,Not_through_referral
671,6/14/18 22:47,MALE,NA,2018-06-12,Not_through_referral
672,6/17/18 13:35,MALE,NA,1992-11-25,Not_through_referral
673,6/20/18 13:09,FEMALE,NA,1994-07-18,Not_through_referral
674,6/18/18 18:54,MALE,NA,2000-08-11,Not_through_referral
675,6/15/18 14:46,NA,NA,1900-01-00,Not_through_referral
676,6/19/18 16:49,MALE,NA,1995-10-08,Not_through_referral
677,6/27/18 19:57,FEMALE,NA,2018-06-06,Not_through_referral
678,6/22/18 15:10,MALE,NA,1993-08-20,Installed_through_referral
679,6/23/18 16:17,MALE,NA,1978-02-10,Not_through_referral
680,7/1/18 21:59,MALE,NA,2001-11-15,Not_through_referral
681,7/7/18 16:31,MALE,NA,1999-09-22,Not_through_referral
682,7/5/18 19:10,FEMALE,NA,2018-07-05,Installed_through_referral
683,7/6/18 21:27,MALE,NA,1990-07-06,Not_through_referral
684,7/19/18 18:05,MALE,NA,1993-08-07,Installed_through_referral
685,7/20/18 12:13,FEMALE,NA,1987-10-20,Not_through_referral
686,7/22/18 14:37,MALE,NA,1999-02-14,Not_through_referral
687,7/23/18 0:49,NA,NA,1900-01-00,Not_through_referral
688,6/3/18 11:21,MALE,NA,1998-05-13,Installed_through_referral
689,6/10/18 15:32,FEMALE,NA,2011-06-30,Installed_through_referral
690,6/21/18 15:56,MALE,NA,2018-06-14,Not_through_referral
691,6/13/18 0:24,FEMALE,NA,2018-06-10,Not_through_referral
692,6/26/18 13:16,FEMALE,NA,2001-11-28,Not_through_referral
693,7/6/18 18:27,MALE,NA,1994-10-25,Not_through_referral
694,7/3/18 13:01,MALE,NA,2014-08-13,Not_through_referral
695,7/10/18 18:51,MALE,NA,2000-09-15,Not_through_referral
696,7/5/18 18:15,MALE,NA,1993-07-05,Installed_through_referral
697,7/7/18 16:28,MALE,NA,2018-04-05,Installed_through_referral
698,7/8/18 11:26,FEMALE,NA,1977-07-07,Not_through_referral
699,7/4/18 21:40,MALE,NA,1990-11-01,Not_through_referral
700,7/9/18 13:14,MALE,NA,1998-06-08,Installed_through_referral
701,8/8/18 22:39,MALE,NA,1993-08-18,Not_through_referral
702,8/6/18 15:37,MALE,NA,1986-10-18,Not_through_referral
703,6/2/18 16:30,MALE,NA,1991-07-09,Installed_through_referral
704,6/12/18 16:40,MALE,NA,1996-05-15,Not_through_referral
705,6/7/18 14:25,MALE,NA,2018-06-07,Not_through_referral
706,6/8/18 19:52,MALE,NA,1985-05-05,Not_through_referral
707,6/26/18 18:51,NA,NA,1900-01-00,Not_through_referral
708,6/23/18 17:43,MALE,NA,1984-09-16,Installed_through_referral
709,6/24/18 3:46,FEMALE,NA,1996-02-10,Not_through_referral
710,6/22/18 16:06,MALE,NA,1990-07-04,Not_through_referral
711,6/25/18 22:20,MALE,NA,1998-06-25,Installed_through_referral
712,7/5/18 14:05,MALE,NA,1982-09-20,Not_through_referral
713,7/18/18 17:43,FEMALE,NA,2018-07-18,Not_through_referral
714,7/22/18 16:04,MALE,NA,1996-03-24,Not_through_referral
715,7/19/18 15:14,MALE,NA,2018-07-19,Not_through_referral
716,6/2/18 17:24,MALE,NA,1988-08-05,Installed_through_referral
717,6/7/18 23:45,MALE,NA,1991-01-02,Not_through_referral
718,6/10/18 0:01,MALE,NA,2018-06-10,Not_through_referral
719,6/12/18 14:51,FEMALE,NA,1983-11-07,Not_through_referral
720,6/13/18 16:07,FEMALE,NA,1994-08-18,Not_through_referral
721,6/26/18 23:32,FEMALE,NA,1995-05-01,Not_through_referral
722,7/7/18 15:13,MALE,NA,1989-04-22,Installed_through_referral
723,7/13/18 14:30,MALE,NA,1996-09-09,Not_through_referral
724,7/13/18 12:04,MALE,NA,2018-07-13,Not_through_referral
725,7/16/18 0:16,MALE,NA,1995-08-08,Installed_through_referral
726,7/27/18 20:09,MALE,NA,2017-12-03,Not_through_referral
727,7/31/18 22:02,MALE,NA,2000-07-12,Not_through_referral
728,7/26/18 16:11,MALE,NA,1989-09-07,Not_through_referral
729,8/7/18 18:39,FEMALE,NA,2000-02-10,Installed_through_referral
730,6/7/18 16:01,MALE,NA,1980-01-01,Not_through_referral
731,6/9/18 12:45,MALE,NA,1991-08-27,Installed_through_referral
732,6/8/18 11:16,MALE,NA,1990-04-07,Installed_through_referral
733,6/16/18 12:48,FEMALE,NA,1989-11-13,Not_through_referral
734,6/30/18 11:18,MALE,NA,1978-08-21,Not_through_referral
735,6/29/18 11:11,MALE,NA,1993-07-10,Installed_through_referral
736,7/1/18 12:52,MALE,NA,1980-05-04,Not_through_referral
737,7/2/18 14:27,NA,NA,1900-01-00,Not_through_referral
738,7/16/18 23:10,MALE,NA,1996-11-19,Installed_through_referral
739,7/21/18 17:50,MALE,NA,1971-01-12,Not_through_referral
740,7/22/18 14:35,MALE,NA,2018-07-22,Not_through_referral
741,8/2/18 21:07,MALE,NA,1995-04-12,Not_through_referral
742,8/5/18 14:49,MALE,NA,1993-06-16,Not_through_referral
743,8/11/18 21:41,FEMALE,NA,1999-08-13,Installed_through_referral
744,8/9/18 12:42,MALE,NA,1996-12-17,Not_through_referral
745,8/13/18 12:55,MALE,NA,2001-10-16,Not_through_referral
746,6/2/18 14:24,MALE,NA,1995-11-07,Not_through_referral
747,6/3/18 18:58,MALE,NA,2018-06-03,Not_through_referral
748,6/12/18 21:30,FEMALE,NA,1985-04-18,Installed_through_referral
749,6/10/18 16:05,MALE,NA,1985-09-18,Installed_through_referral
750,6/5/18 0:54,MALE,NA,1986-01-13,Installed_through_referral
751,6/13/18 17:43,FEMALE,NA,2018-06-13,Not_through_referral
752,6/14/18 20:05,FEMALE,NA,1990-10-11,Not_through_referral
753,6/27/18 17:45,MALE,NA,1972-12-01,Not_through_referral
754,7/10/18 18:16,FEMALE,NA,1985-10-20,Not_through_referral
755,7/10/18 15:45,FEMALE,NA,1991-10-17,Not_through_referral
756,7/20/18 17:14,NA,NA,1900-01-00,Not_through_referral
757,7/20/18 21:12,MALE,NA,1999-09-17,Not_through_referral
758,7/15/18 16:46,MALE,NA,1992-04-07,Not_through_referral
759,7/21/18 1:38,FEMALE,NA,1988-07-21,Not_through_referral
760,7/24/18 14:43,FEMALE,NA,1993-11-23,Not_through_referral
761,7/23/18 17:26,MALE,NA,2018-07-23,Not_through_referral
762,8/3/18 13:41,FEMALE,NA,2018-06-01,Not_through_referral
763,8/5/18 18:11,MALE,NA,1991-06-12,Not_through_referral
764,8/12/18 13:20,FEMALE,NA,1991-03-28,Not_through_referral
765,6/2/18 20:04,MALE,NA,1994-01-16,Not_through_referral
766,6/10/18 9:16,FEMALE,NA,1998-03-03,Not_through_referral
767,6/12/18 15:38,MALE,NA,1984-10-16,Installed_through_referral
768,6/9/18 23:30,MALE,NA,1999-06-21,Installed_through_referral
769,6/17/18 19:01,MALE,NA,1984-08-15,Not_through_referral
770,6/24/18 3:03,FEMALE,NA,1994-05-07,Not_through_referral
771,6/27/18 21:12,FEMALE,NA,2018-06-12,Not_through_referral
772,8/2/18 6:48,NA,NA,1900-01-00,Not_through_referral
773,7/23/18 18:47,MALE,NA,1990-04-13,Installed_through_referral
774,8/3/18 19:37,MALE,NA,2018-01-26,Not_through_referral
775,6/2/18 14:46,MALE,NA,1987-06-02,Not_through_referral
776,6/20/18 21:33,MALE,NA,1991-06-20,Installed_through_referral
777,6/18/18 10:00,MALE,NA,1992-06-08,Not_through_referral
778,7/2/18 19:49,FEMALE,NA,1995-07-07,Not_through_referral
779,7/9/18 14:26,FEMALE,NA,1991-12-21,Not_through_referral
780,7/13/18 21:31,FEMALE,NA,2018-04-02,Not_through_referral
781,7/13/18 18:16,MALE,NA,1984-09-18,Not_through_referral
782,7/17/18 14:04,FEMALE,NA,1988-01-06,Not_through_referral
783,7/27/18 19:05,FEMALE,NA,2000-04-30,Installed_through_referral
784,7/29/18 1:56,MALE,NA,1993-06-08,Installed_through_referral
785,7/31/18 19:18,MALE,NA,1995-04-03,Not_through_referral
786,8/14/18 13:01,FEMALE,NA,2016-01-16,Not_through_referral
787,8/11/18 10:19,MALE,NA,1997-04-17,Installed_through_referral
788,8/13/18 19:15,FEMALE,NA,2000-08-05,Not_through_referral
789,6/9/18 13:49,FEMALE,NA,1985-10-15,Not_through_referral
790,6/9/18 23:46,MALE,NA,2018-06-08,Not_through_referral
791,6/21/18 22:47,MALE,NA,1997-06-20,Not_through_referral
792,6/16/18 12:28,MALE,NA,1986-11-15,Not_through_referral
793,6/15/18 11:47,MALE,NA,1984-07-17,Not_through_referral
794,6/26/18 19:01,MALE,NA,1997-03-25,Not_through_referral
795,7/2/18 15:44,MALE,NA,2017-05-08,Not_through_referral
796,7/1/18 21:16,FEMALE,NA,1989-07-25,Not_through_referral
797,7/3/18 13:35,NA,NA,1900-01-00,Not_through_referral
798,7/5/18 17:05,FEMALE,NA,2018-07-05,Not_through_referral
799,7/21/18 17:46,FEMALE,NA,1961-03-06,Not_through_referral
800,7/14/18 20:03,MALE,NA,1982-04-21,Not_through_referral
801,7/16/18 16:56,FEMALE,NA,1991-07-16,Not_through_referral
802,7/26/18 16:44,MALE,NA,1969-02-07,Not_through_referral
803,8/3/18 17:58,FEMALE,NA,1998-10-17,Not_through_referral
804,8/9/18 15:30,MALE,NA,2018-08-09,Installed_through_referral
805,8/9/18 12:50,MALE,NA,1997-07-05,Not_through_referral
806,9/13/18 1:42,MALE,NA,1977-07-11,Not_through_referral
807,9/17/18 16:02,FEMALE,NA,1997-07-13,Not_through_referral
808,8/31/18 23:51,MALE,NA,2018-08-04,Installed_through_referral
809,8/29/18 13:06,MALE,NA,1993-08-26,Not_through_referral
810,9/27/18 13:09,MALE,NA,1987-09-23,Not_through_referral
811,8/22/18 16:44,FEMALE,NA,1988-10-08,Not_through_referral
812,8/27/18 12:10,MALE,NA,2018-08-27,Installed_through_referral
813,8/26/18 0:33,MALE,NA,1997-09-09,Not_through_referral
814,8/28/18 19:31,MALE,NA,1997-02-04,Not_through_referral
815,9/12/18 10:02,MALE,NA,1994-05-31,Not_through_referral
816,8/31/18 10:04,MALE,NA,1991-02-09,Not_through_referral
817,8/25/18 15:03,MALE,NA,1984-12-03,Not_through_referral
818,8/23/18 16:52,MALE,NA,1989-05-25,Installed_through_referral
819,9/19/18 14:49,FEMALE,NA,1993-01-20,Not_through_referral
820,8/18/18 21:02,MALE,NA,1982-03-20,Not_through_referral
821,8/22/18 20:46,FEMALE,NA,1995-11-03,Not_through_referral
822,8/25/18 8:08,MALE,NA,2041-11-23,Not_through_referral
823,9/20/18 11:11,MALE,NA,1992-10-11,Not_through_referral
824,9/13/18 14:27,MALE,NA,2000-06-11,Not_through_referral
825,9/10/18 9:57,MALE,NA,1994-09-10,Not_through_referral
826,9/26/18 14:52,MALE,NA,2006-12-14,Not_through_referral
827,9/23/18 13:17,MALE,NA,1994-02-21,Installed_through_referral
828,9/22/18 9:28,MALE,NA,2000-01-01,Not_through_referral
829,9/22/18 19:29,FEMALE,NA,2004-12-11,Not_through_referral
830,8/18/18 14:03,MALE,NA,1997-10-29,Not_through_referral
831,8/21/18 11:50,FEMALE,NA,1998-08-03,Not_through_referral
832,8/23/18 13:45,MALE,NA,2001-06-14,Not_through_referral
833,8/15/18 11:58,MALE,NA,1994-01-26,Not_through_referral
834,9/1/18 20:09,FEMALE,NA,1993-09-15,Installed_through_referral
835,9/5/18 19:29,FEMALE,NA,2018-02-01,Not_through_referral
836,9/11/18 17:52,MALE,NA,2018-01-20,Not_through_referral
837,9/13/18 0:18,MALE,NA,1991-07-01,Not_through_referral
838,9/17/18 20:41,MALE,NA,1994-12-21,Not_through_referral
839,9/22/18 20:03,MALE,NA,1994-10-21,Not_through_referral
840,8/17/18 20:26,MALE,NA,2015-09-06,Not_through_referral
841,8/19/18 13:42,MALE,NA,2018-06-16,Installed_through_referral
842,9/19/18 16:09,MALE,NA,2000-12-01,Not_through_referral
843,8/27/18 9:48,MALE,NA,2018-02-21,Installed_through_referral
844,9/21/18 14:03,MALE,NA,1990-11-21,Not_through_referral
845,9/8/18 18:45,MALE,NA,1989-01-21,Not_through_referral
846,9/27/18 0:44,FEMALE,NA,2018-03-08,Installed_through_referral
847,8/24/18 17:41,MALE,NA,1983-08-24,Installed_through_referral
848,9/3/18 17:07,NA,NA,1900-01-00,Not_through_referral
849,8/28/18 21:03,MALE,NA,2018-06-19,Not_through_referral
850,9/11/18 13:22,MALE,NA,2018-09-11,Installed_through_referral
851,9/28/18 14:04,NA,NA,1900-01-00,Not_through_referral
852,6/4/18 16:42,MALE,NA,2018-06-04,Installed_through_referral
853,6/11/18 19:00,FEMALE,NA,2000-08-17,Not_through_referral
854,6/9/18 19:04,MALE,NA,1991-08-03,Not_through_referral
855,6/11/18 19:09,MALE,NA,2001-01-01,Installed_through_referral
856,6/19/18 14:26,MALE,NA,1993-08-31,Installed_through_referral
857,6/16/18 8:25,MALE,NA,1989-06-16,Not_through_referral
858,6/15/18 13:56,FEMALE,NA,1980-10-12,Not_through_referral
859,6/27/18 17:00,MALE,NA,2018-06-27,Not_through_referral
860,6/27/18 19:25,FEMALE,NA,1999-05-14,Not_through_referral
861,6/22/18 14:24,MALE,NA,2018-05-21,Not_through_referral
862,6/24/18 19:43,MALE,NA,1998-05-12,Installed_through_referral
863,7/13/18 21:46,MALE,NA,1993-07-21,Installed_through_referral
864,7/24/18 19:52,MALE,NA,1998-07-07,Not_through_referral
865,8/9/18 7:26,MALE,NA,1996-06-15,Installed_through_referral
866,6/16/18 17:38,MALE,NA,1988-10-27,Not_through_referral
867,6/17/18 19:35,MALE,NA,1986-05-25,Not_through_referral
868,6/23/18 15:36,MALE,NA,1980-11-04,Not_through_referral
869,6/28/18 17:16,MALE,NA,1996-09-17,Not_through_referral
870,8/2/18 19:28,MALE,NA,1995-02-01,Installed_through_referral
871,7/23/18 18:40,MALE,NA,2018-07-23,Installed_through_referral
872,8/1/18 22:39,MALE,NA,1991-05-16,Installed_through_referral
873,6/2/18 15:49,MALE,NA,1995-06-06,Not_through_referral
874,6/3/18 11:35,MALE,NA,2018-06-03,Installed_through_referral
875,6/10/18 16:37,MALE,NA,1996-03-18,Not_through_referral
876,6/14/18 14:34,MALE,NA,1999-01-04,Not_through_referral
877,6/21/18 14:58,MALE,NA,1967-01-09,Not_through_referral
878,6/17/18 21:45,MALE,NA,2011-07-07,Installed_through_referral
879,7/10/18 15:48,FEMALE,NA,1998-03-28,Not_through_referral
880,7/19/18 12:43,MALE,NA,2000-09-26,Installed_through_referral
881,7/15/18 13:28,MALE,NA,1991-08-06,Not_through_referral
882,7/27/18 21:18,MALE,NA,1978-07-15,Not_through_referral
883,7/28/18 20:25,FEMALE,NA,2018-07-23,Not_through_referral
884,8/10/18 18:39,FEMALE,NA,2002-03-10,Installed_through_referral
885,8/10/18 13:26,MALE,NA,1995-03-08,Not_through_referral
886,8/14/18 17:27,MALE,NA,1997-12-25,Not_through_referral
887,8/8/18 14:58,MALE,NA,1997-05-01,Not_through_referral
888,6/1/18 3:00,MALE,NA,1997-06-26,Not_through_referral
889,6/2/18 21:16,FEMALE,NA,1994-08-23,Installed_through_referral
890,6/5/18 16:23,MALE,NA,1985-01-31,Not_through_referral
891,6/12/18 21:22,MALE,NA,1994-06-01,Not_through_referral
892,6/12/18 13:16,MALE,NA,1996-06-18,Not_through_referral
893,6/24/18 13:29,MALE,NA,2000-12-29,Not_through_referral
894,6/23/18 13:13,MALE,NA,2018-02-25,Not_through_referral
895,7/11/18 19:08,MALE,NA,1998-12-14,Not_through_referral
896,7/12/18 17:39,MALE,NA,2001-07-30,Installed_through_referral
897,7/15/18 16:26,MALE,NA,1970-03-10,Not_through_referral
898,7/29/18 12:53,FEMALE,NA,1998-12-27,Not_through_referral
899,8/1/18 17:43,MALE,NA,1998-10-07,Not_through_referral
900,8/12/18 22:41,FEMALE,NA,2000-01-19,Installed_through_referral
901,8/5/18 22:55,MALE,NA,1990-05-09,Installed_through_referral
902,8/3/18 22:27,MALE,NA,1987-02-07,Not_through_referral
903,8/13/18 14:48,FEMALE,NA,1991-12-22,Not_through_referral
904,6/1/18 20:43,FEMALE,NA,1992-09-27,Not_through_referral
905,6/11/18 2:11,FEMALE,NA,2018-06-11,Installed_through_referral
906,6/5/18 19:35,MALE,NA,1998-11-14,Installed_through_referral
907,6/12/18 11:29,MALE,NA,1990-06-12,Installed_through_referral
908,6/9/18 13:16,MALE,NA,1997-05-14,Not_through_referral
909,6/4/18 16:14,FEMALE,NA,2000-01-01,Installed_through_referral
910,6/6/18 19:28,MALE,NA,2047-06-15,Not_through_referral
911,6/8/18 20:46,FEMALE,NA,1996-04-21,Not_through_referral
912,6/15/18 20:09,MALE,NA,1966-10-15,Not_through_referral
913,6/19/18 21:26,FEMALE,NA,2017-09-29,Installed_through_referral
914,6/20/18 22:29,MALE,NA,1987-07-19,Installed_through_referral
915,6/13/18 16:15,MALE,NA,2000-02-23,Installed_through_referral
916,7/5/18 20:56,MALE,NA,1997-04-17,Not_through_referral
917,7/17/18 13:56,MALE,NA,2018-07-17,Not_through_referral
918,7/18/18 21:26,MALE,NA,1998-07-06,Not_through_referral
919,7/28/18 9:41,FEMALE,NA,2000-12-15,Not_through_referral
920,8/9/18 14:56,MALE,NA,2018-04-30,Not_through_referral
921,6/1/18 8:53,FEMALE,NA,1996-09-14,Not_through_referral
922,6/4/18 11:15,NA,NA,1900-01-00,Not_through_referral
923,6/11/18 15:19,MALE,NA,1997-12-09,Not_through_referral
924,6/3/18 19:46,MALE,NA,1978-09-27,Not_through_referral
925,6/5/18 16:34,FEMALE,NA,1998-04-13,Not_through_referral
926,6/21/18 19:16,MALE,NA,2018-06-21,Installed_through_referral
927,6/14/18 20:49,MALE,NA,2018-06-14,Installed_through_referral
928,6/15/18 23:17,MALE,NA,1976-03-17,Not_through_referral
929,6/16/18 16:39,MALE,NA,1989-06-01,Not_through_referral
930,6/29/18 12:59,MALE,NA,1999-06-30,Not_through_referral
931,7/7/18 16:25,MALE,NA,1997-01-27,Installed_through_referral
932,7/7/18 17:40,FEMALE,NA,1998-02-21,Not_through_referral
933,7/15/18 16:30,FEMALE,NA,1989-11-03,Not_through_referral
934,7/27/18 21:33,MALE,NA,1983-05-31,Not_through_referral
935,8/3/18 12:44,FEMALE,NA,1989-09-25,Not_through_referral
936,7/26/18 11:49,MALE,NA,1990-03-20,Not_through_referral
937,7/23/18 20:43,MALE,NA,2017-08-02,Not_through_referral
938,8/5/18 17:00,MALE,NA,1986-12-28,Not_through_referral
939,6/1/18 22:17,MALE,NA,2018-06-01,Installed_through_referral
940,6/5/18 19:18,MALE,NA,1986-06-07,Not_through_referral
941,6/7/18 13:01,FEMALE,NA,1991-06-04,Not_through_referral
942,6/4/18 14:52,MALE,NA,2018-06-04,Installed_through_referral
943,6/4/18 10:51,MALE,NA,1986-08-02,Installed_through_referral
944,6/21/18 16:43,MALE,NA,2018-06-21,Installed_through_referral
945,6/25/18 7:19,MALE,NA,1997-09-24,Not_through_referral
946,7/2/18 16:46,MALE,NA,1986-02-14,Installed_through_referral
947,7/21/18 23:23,MALE,NA,1997-07-01,Installed_through_referral
948,7/14/18 15:52,MALE,NA,2018-07-14,Installed_through_referral
949,7/15/18 14:14,MALE,NA,2018-05-24,Not_through_referral
950,7/18/18 18:17,MALE,NA,1984-12-06,Not_through_referral
951,7/23/18 17:27,MALE,NA,2018-07-23,Not_through_referral
952,7/31/18 15:12,MALE,NA,1980-12-14,Not_through_referral
953,8/13/18 12:28,MALE,NA,1996-08-21,Installed_through_referral
954,8/14/18 16:45,MALE,NA,2018-08-14,Installed_through_referral
955,6/1/18 18:16,FEMALE,NA,1994-07-29,Installed_through_referral
956,6/1/18 19:09,MALE,NA,2014-12-26,Not_through_referral
957,6/2/18 13:41,MALE,NA,2018-06-02,Installed_through_referral
958,6/11/18 15:18,MALE,NA,1992-05-12,Installed_through_referral
959,6/3/18 17:56,MALE,NA,2018-06-02,Installed_through_referral
960,6/20/18 16:23,MALE,NA,1986-08-25,Installed_through_referral
961,6/19/18 19:35,FEMALE,NA,1996-06-19,Not_through_referral
962,6/15/18 7:05,MALE,NA,1990-02-21,Not_through_referral
963,6/16/18 22:16,MALE,NA,1984-09-16,Not_through_referral
964,6/28/18 15:43,MALE,NA,1959-02-17,Not_through_referral
965,6/29/18 23:29,MALE,NA,1999-09-26,Not_through_referral
966,7/5/18 16:34,MALE,NA,1995-03-26,Installed_through_referral
967,7/1/18 14:38,MALE,NA,1986-10-30,Not_through_referral
968,7/20/18 12:08,FEMALE,NA,2000-05-09,Installed_through_referral
969,7/31/18 16:47,MALE,NA,2000-02-23,Not_through_referral
970,7/27/18 23:21,MALE,NA,1995-11-13,Not_through_referral
971,7/30/18 0:06,MALE,NA,1980-09-26,Not_through_referral
972,8/3/18 19:05,MALE,NA,1988-09-01,Not_through_referral
973,8/11/18 8:13,FEMALE,NA,1997-06-21,Not_through_referral
974,6/12/18 22:50,NA,NA,1900-01-00,Not_through_referral
975,6/9/18 22:18,MALE,NA,1986-12-15,Not_through_referral
976,6/21/18 15:27,NA,NA,1900-01-00,Not_through_referral
977,6/19/18 13:00,MALE,NA,1996-02-07,Installed_through_referral
978,6/22/18 1:49,MALE,NA,1997-09-23,Not_through_referral
979,6/29/18 15:51,MALE,NA,1996-04-16,Not_through_referral
980,6/22/18 15:07,MALE,NA,2018-06-22,Installed_through_referral
981,7/9/18 14:17,MALE,NA,1995-02-24,Not_through_referral
982,7/21/18 20:14,MALE,NA,1972-02-14,Not_through_referral
983,7/16/18 18:15,MALE,NA,1996-07-12,Not_through_referral
984,7/24/18 21:14,MALE,NA,2018-07-05,Not_through_referral
985,7/31/18 17:36,MALE,NA,1992-10-28,Not_through_referral
986,8/8/18 21:12,MALE,NA,1996-09-22,Not_through_referral
987,8/11/18 17:44,MALE,NA,1996-01-21,Not_through_referral
988,8/5/18 12:01,MALE,NA,2018-08-05,Installed_through_referral
989,8/5/18 18:18,MALE,NA,1971-07-01,Not_through_referral
990,6/6/18 14:58,MALE,NA,1997-09-28,Not_through_referral
991,6/13/18 23:49,MALE,NA,1983-11-26,Not_through_referral
992,6/20/18 14:52,MALE,NA,1979-04-21,Not_through_referral
993,6/16/18 17:50,MALE,NA,1995-07-02,Not_through_referral
994,6/20/18 14:24,FEMALE,NA,2018-05-05,Not_through_referral
995,6/18/18 20:54,FEMALE,NA,1992-06-18,Installed_through_referral
996,6/22/18 16:28,MALE,NA,2018-01-15,Not_through_referral
997,6/24/18 14:19,MALE,NA,2018-06-24,Installed_through_referral
998,6/25/18 17:49,MALE,NA,2018-06-25,Not_through_referral
999,7/7/18 18:18,FEMALE,NA,1992-09-05,Not_through_referral
1000,7/21/18 10:21,FEMALE,NA,1990-08-25,Installed_through_referral
1001,7/19/18 14:14,MALE,NA,2018-07-19,Not_through_referral
1002,8/4/18 17:48,MALE,NA,2000-05-07,Not_through_referral
1003,8/14/18 16:26,FEMALE,NA,2018-08-05,Installed_through_referral
1004,8/13/18 12:54,MALE,NA,1971-07-20,Installed_through_referral
1005,8/21/18 19:49,MALE,NA,1990-09-18,Installed_through_referral
1006,9/2/18 9:33,MALE,NA,2000-03-18,Not_through_referral
1007,8/24/18 16:56,FEMALE,NA,1990-08-20,Not_through_referral
1008,8/15/18 18:22,MALE,NA,1999-03-16,Not_through_referral
1009,8/15/18 21:05,MALE,NA,2017-09-02,Installed_through_referral
1010,8/21/18 1:50,MALE,NA,1989-03-18,Installed_through_referral
1011,8/25/18 20:36,FEMALE,NA,2000-08-25,Not_through_referral
1012,8/28/18 20:47,MALE,NA,1997-01-08,Installed_through_referral
1013,8/28/18 18:24,MALE,NA,1992-05-02,Installed_through_referral
1014,9/1/18 16:16,MALE,NA,2018-09-01,Installed_through_referral
1015,9/12/18 16:27,FEMALE,NA,2001-08-16,Installed_through_referral
1016,9/17/18 18:41,NA,NA,1900-01-00,Not_through_referral
1017,9/18/18 16:42,MALE,NA,1991-07-18,Not_through_referral
1018,9/22/18 19:44,FEMALE,NA,1994-10-20,Not_through_referral
1019,8/18/18 15:00,MALE,NA,1986-08-30,Not_through_referral
1020,8/17/18 14:58,MALE,NA,2018-08-17,Installed_through_referral
1021,8/18/18 14:46,MALE,NA,2018-08-01,Installed_through_referral
1022,9/1/18 18:45,NA,NA,1900-01-00,Not_through_referral
1023,8/26/18 3:57,MALE,NA,1990-08-26,Installed_through_referral
1024,8/28/18 20:29,NA,NA,1900-01-00,Not_through_referral
1025,9/12/18 13:09,MALE,NA,2000-09-30,Not_through_referral
1026,9/15/18 17:08,MALE,NA,2018-04-16,Installed_through_referral
1027,9/28/18 17:08,MALE,NA,2018-07-09,Not_through_referral
1028,8/20/18 19:44,NA,NA,1900-01-00,Not_through_referral
1029,8/14/18 21:06,MALE,NA,1992-06-17,Not_through_referral
1030,8/20/18 19:50,FEMALE,NA,1990-08-04,Not_through_referral
1031,8/22/18 15:35,NA,NA,1900-01-00,Not_through_referral
1032,9/6/18 12:38,FEMALE,NA,2018-09-06,Not_through_referral
1033,9/5/18 22:02,FEMALE,NA,1994-09-16,Installed_through_referral
1034,8/27/18 21:25,MALE,NA,1999-07-22,Installed_through_referral
1035,9/1/18 13:40,MALE,NA,2018-09-01,Not_through_referral
1036,9/5/18 17:06,FEMALE,NA,1995-12-06,Not_through_referral
1037,9/9/18 20:05,MALE,NA,1989-09-05,Installed_through_referral
1038,8/17/18 9:55,MALE,NA,2018-08-11,Installed_through_referral
1039,8/20/18 16:21,MALE,NA,1967-08-08,Not_through_referral
1040,8/28/18 15:01,FEMALE,NA,1989-03-05,Not_through_referral
1041,9/16/18 19:30,MALE,NA,1991-08-09,Not_through_referral
1042,9/14/18 13:20,MALE,NA,2010-09-21,Installed_through_referral
1043,9/22/18 9:36,MALE,NA,1998-10-04,Not_through_referral
1044,8/25/18 16:28,MALE,NA,1992-06-26,Not_through_referral
1045,8/20/18 22:20,MALE,NA,1995-11-27,Not_through_referral
1046,8/24/18 20:47,FEMALE,NA,2000-04-09,Not_through_referral
1047,8/22/18 15:44,MALE,NA,2018-07-09,Not_through_referral
1048,8/25/18 18:12,MALE,NA,1999-03-12,Installed_through_referral
1049,9/2/18 23:12,MALE,NA,1995-12-07,Not_through_referral
1050,9/24/18 17:21,MALE,NA,2018-09-24,Installed_through_referral
1051,8/23/18 14:38,MALE,NA,1995-02-14,Not_through_referral
1052,8/23/18 12:41,MALE,NA,1994-08-23,Not_through_referral
1053,9/4/18 16:30,MALE,NA,1993-04-12,Not_through_referral
1054,9/10/18 15:49,MALE,NA,1998-07-15,Not_through_referral
1055,9/15/18 18:48,MALE,NA,1994-12-28,Not_through_referral
1056,9/11/18 3:06,MALE,NA,2017-09-28,Not_through_referral
1057,9/27/18 9:47,MALE,NA,1998-09-29,Installed_through_referral
1058,8/18/18 22:24,MALE,NA,1996-04-24,Not_through_referral
1059,8/17/18 14:46,FEMALE,NA,1993-12-29,Installed_through_referral
1060,8/22/18 20:06,FEMALE,NA,1991-08-20,Not_through_referral
1061,8/15/18 22:18,MALE,NA,1995-05-02,Not_through_referral
1062,8/25/18 14:58,MALE,NA,1993-09-15,Not_through_referral
1063,9/9/18 23:29,MALE,NA,1989-10-02,Installed_through_referral
1064,9/8/18 20:26,MALE,NA,1990-06-10,Not_through_referral
1065,9/10/18 20:43,MALE,NA,1999-11-14,Not_through_referral
1066,9/28/18 22:56,FEMALE,NA,1994-03-10,Installed_through_referral
1067,8/17/18 19:42,FEMALE,NA,2000-10-03,Not_through_referral
1068,8/25/18 15:33,MALE,NA,1987-06-14,Not_through_referral
1069,8/30/18 17:24,MALE,NA,1991-02-07,Installed_through_referral
1070,9/1/18 12:12,FEMALE,NA,1989-07-20,Installed_through_referral
1071,8/26/18 17:01,NA,NA,1900-01-00,Not_through_referral
1072,9/8/18 9:45,FEMALE,NA,1997-09-21,Not_through_referral
1073,9/29/18 18:57,NA,NA,1900-01-00,Not_through_referral
1074,8/23/18 17:35,MALE,NA,1988-08-16,Not_through_referral
1075,8/25/18 15:25,MALE,NA,1978-01-10,Installed_through_referral
1076,8/29/18 12:53,MALE,NA,1990-09-27,Not_through_referral
1077,6/7/18 9:58,MALE,NA,1993-08-18,Not_through_referral
1078,6/11/18 21:17,MALE,NA,2018-06-11,Not_through_referral
1079,6/4/18 20:02,FEMALE,NA,1989-04-28,Not_through_referral
1080,6/14/18 10:19,MALE,NA,1995-08-22,Not_through_referral
1081,6/13/18 13:39,MALE,NA,1986-05-01,Installed_through_referral
1082,6/21/18 15:14,MALE,NA,2001-01-15,Installed_through_referral
1083,6/30/18 18:30,MALE,NA,1986-06-20,Not_through_referral
1084,6/23/18 23:17,MALE,NA,1991-06-30,Not_through_referral
1085,6/27/18 17:15,MALE,NA,1986-01-18,Not_through_referral
1086,6/27/18 13:29,MALE,NA,2018-06-27,Not_through_referral
1087,6/22/18 15:11,MALE,NA,1998-06-22,Not_through_referral
1088,6/27/18 20:11,MALE,NA,1992-09-05,Not_through_referral
1089,7/10/18 14:51,MALE,NA,2006-10-11,Not_through_referral
1090,7/20/18 13:38,MALE,NA,1992-10-27,Not_through_referral
1091,7/24/18 15:32,MALE,NA,1993-07-24,Not_through_referral
1092,6/2/18 13:37,MALE,NA,1993-03-02,Not_through_referral
1093,6/1/18 18:17,MALE,NA,1988-10-13,Installed_through_referral
1094,6/12/18 0:13,MALE,NA,2000-05-19,Installed_through_referral
1095,6/5/18 18:29,MALE,NA,1973-05-02,Installed_through_referral
1096,6/12/18 18:00,MALE,NA,2018-06-12,Installed_through_referral
1097,6/9/18 16:20,FEMALE,NA,1988-04-12,Not_through_referral
1098,6/17/18 19:45,MALE,NA,2018-06-17,Not_through_referral
1099,6/20/18 12:03,FEMALE,NA,2018-06-20,Not_through_referral
1100,6/14/18 16:23,MALE,NA,1991-12-13,Not_through_referral
1101,6/26/18 18:36,FEMALE,NA,1959-06-27,Installed_through_referral
1102,6/22/18 22:23,MALE,NA,1994-05-18,Not_through_referral
1103,6/29/18 15:23,FEMALE,NA,1990-06-29,Not_through_referral
1104,7/7/18 15:20,MALE,NA,1992-01-17,Not_through_referral
1105,7/18/18 13:47,MALE,NA,1990-11-15,Not_through_referral
1106,7/21/18 21:12,MALE,NA,1991-08-21,Not_through_referral
1107,7/13/18 23:26,FEMALE,NA,1998-07-13,Not_through_referral
1108,7/27/18 11:03,NA,NA,1900-01-00,Not_through_referral
1109,8/3/18 22:08,MALE,NA,2018-01-05,Not_through_referral
1110,8/9/18 15:06,FEMALE,NA,1985-12-03,Not_through_referral
1111,8/8/18 19:34,MALE,NA,2018-08-08,Installed_through_referral
1112,6/4/18 2:15,FEMALE,NA,1953-06-04,Installed_through_referral
1113,6/10/18 12:06,MALE,NA,1989-04-07,Not_through_referral
1114,6/21/18 19:20,MALE,NA,1989-12-25,Not_through_referral
1115,6/18/18 16:35,MALE,NA,1988-11-19,Not_through_referral
1116,6/18/18 13:06,MALE,NA,1992-01-16,Not_through_referral
1117,6/27/18 14:24,MALE,NA,2018-06-27,Installed_through_referral
1118,6/26/18 15:20,MALE,NA,1984-06-26,Not_through_referral
1119,7/12/18 13:49,MALE,NA,1994-09-15,Not_through_referral
1120,7/15/18 14:57,MALE,NA,1995-08-17,Installed_through_referral
1121,7/14/18 23:17,MALE,NA,1996-05-01,Not_through_referral
1122,7/17/18 19:34,MALE,NA,1997-12-26,Not_through_referral
1123,7/19/18 1:18,MALE,NA,2000-04-01,Installed_through_referral
1124,7/15/18 20:21,MALE,NA,2018-07-15,Not_through_referral
1125,7/29/18 14:22,MALE,NA,1990-12-04,Installed_through_referral
1126,7/23/18 15:27,MALE,NA,1989-01-27,Not_through_referral
1127,8/10/18 15:50,MALE,NA,1997-12-10,Not_through_referral
1128,6/3/18 1:49,FEMALE,NA,1987-05-18,Installed_through_referral
1129,6/6/18 11:13,MALE,NA,1991-02-10,Not_through_referral
1130,6/8/18 17:37,MALE,NA,1989-10-06,Not_through_referral
1131,6/9/18 10:45,FEMALE,NA,2000-12-21,Not_through_referral
1132,6/15/18 6:18,MALE,NA,1998-02-24,Not_through_referral
1133,6/23/18 21:59,MALE,NA,1977-08-21,Not_through_referral
1134,6/27/18 11:24,MALE,NA,1997-08-24,Not_through_referral
1135,6/28/18 23:08,FEMALE,NA,1993-05-24,Not_through_referral
1136,6/26/18 21:35,MALE,NA,1991-04-29,Not_through_referral
1137,6/28/18 20:06,MALE,NA,1993-11-01,Installed_through_referral
1138,6/25/18 17:30,FEMALE,NA,1996-07-10,Not_through_referral
1139,7/8/18 17:05,MALE,NA,1998-04-15,Not_through_referral
1140,7/14/18 20:01,MALE,NA,1986-07-14,Not_through_referral
1141,7/24/18 14:54,FEMALE,NA,1987-10-02,Not_through_referral
1142,6/2/18 3:01,FEMALE,NA,1979-11-22,Not_through_referral
1143,6/3/18 21:27,FEMALE,NA,1994-01-27,Installed_through_referral
1144,6/20/18 19:40,MALE,NA,2018-06-20,Not_through_referral
1145,6/15/18 20:10,FEMALE,NA,2018-01-25,Not_through_referral
1146,6/15/18 21:43,MALE,NA,1992-06-11,Installed_through_referral
1147,6/27/18 8:32,MALE,NA,1988-01-05,Not_through_referral
1148,6/29/18 15:42,MALE,NA,1994-10-18,Not_through_referral
1149,6/28/18 13:01,MALE,NA,1999-05-10,Installed_through_referral
1150,7/4/18 15:18,MALE,NA,2000-01-15,Installed_through_referral
1151,7/3/18 13:07,MALE,NA,1979-07-03,Not_through_referral
1152,7/21/18 19:13,MALE,NA,1988-02-29,Not_through_referral
1153,7/20/18 12:32,FEMALE,NA,1996-05-01,Not_through_referral
1154,7/28/18 23:14,MALE,NA,1993-12-09,Installed_through_referral
1155,7/29/18 19:31,FEMALE,NA,1985-04-19,Installed_through_referral
1156,7/26/18 19:22,MALE,NA,1995-06-27,Installed_through_referral
1157,8/2/18 16:10,MALE,NA,1982-12-17,Not_through_referral
1158,7/25/18 13:08,MALE,NA,1995-01-15,Not_through_referral
1159,8/12/18 19:01,MALE,NA,1985-02-11,Installed_through_referral
1160,8/7/18 14:48,FEMALE,NA,1991-09-01,Installed_through_referral
1161,8/9/18 20:07,MALE,NA,1992-10-22,Not_through_referral
1162,6/1/18 20:37,MALE,NA,2018-06-01,Installed_through_referral
1163,6/11/18 16:53,MALE,NA,2007-12-20,Not_through_referral
1164,6/17/18 16:26,MALE,NA,1997-10-02,Installed_through_referral
1165,6/27/18 10:48,MALE,NA,1981-02-28,Not_through_referral
1166,6/27/18 17:00,FEMALE,NA,1995-05-09,Installed_through_referral
1167,6/30/18 19:47,MALE,NA,2018-06-30,Installed_through_referral
1168,6/23/18 12:50,MALE,NA,2018-06-23,Not_through_referral
1169,6/26/18 15:33,MALE,NA,2018-06-26,Installed_through_referral
1170,6/27/18 1:24,MALE,NA,1992-06-27,Installed_through_referral
1171,6/30/18 23:29,MALE,NA,1999-06-06,Not_through_referral
1172,7/8/18 11:28,MALE,NA,1988-01-07,Installed_through_referral
1173,7/9/18 19:02,MALE,NA,1993-10-06,Not_through_referral
1174,7/5/18 0:43,FEMALE,NA,1994-11-04,Not_through_referral
1175,7/22/18 13:54,MALE,NA,1997-07-10,Installed_through_referral
1176,7/15/18 19:28,MALE,NA,1987-01-03,Not_through_referral
1177,7/22/18 10:47,MALE,NA,1996-08-11,Not_through_referral
1178,7/16/18 0:26,MALE,NA,1996-08-05,Installed_through_referral
1179,7/26/18 13:50,MALE,NA,1983-10-05,Installed_through_referral
1180,7/30/18 16:38,FEMALE,NA,1993-12-01,Not_through_referral
1181,8/8/18 20:23,MALE,NA,1998-11-05,Not_through_referral
1182,8/9/18 19:24,FEMALE,NA,1995-04-29,Not_through_referral
1183,6/1/18 0:18,FEMALE,NA,1991-03-01,Not_through_referral
1184,6/7/18 22:52,MALE,NA,1991-07-09,Installed_through_referral
1185,6/12/18 21:13,MALE,NA,2003-06-14,Installed_through_referral
1186,6/13/18 20:46,MALE,NA,1985-12-25,Not_through_referral
1187,6/30/18 19:41,MALE,NA,1996-05-08,Not_through_referral
1188,7/3/18 22:28,MALE,NA,1986-02-11,Not_through_referral
1189,7/9/18 13:02,MALE,NA,1990-11-02,Not_through_referral
1190,7/4/18 12:00,MALE,NA,1994-01-05,Not_through_referral
1191,8/1/18 10:51,MALE,NA,2018-08-01,Installed_through_referral
1192,7/26/18 19:20,MALE,NA,1981-07-26,Not_through_referral
1193,8/14/18 18:33,MALE,NA,1996-07-17,Installed_through_referral
1194,8/7/18 13:12,MALE,NA,1992-12-31,Not_through_referral
1195,8/6/18 17:55,MALE,NA,1992-02-27,Not_through_referral
1196,6/2/18 10:45,MALE,NA,1990-06-23,Installed_through_referral
1197,6/10/18 13:43,MALE,NA,1986-06-10,Installed_through_referral
1198,6/18/18 13:21,FEMALE,NA,1993-08-05,Not_through_referral
1199,6/14/18 23:38,MALE,NA,1991-08-27,Not_through_referral
1200,6/23/18 16:24,MALE,NA,1984-07-22,Not_through_referral
1201,7/7/18 7:01,MALE,NA,1996-04-25,Not_through_referral
1202,7/8/18 14:49,MALE,NA,2018-03-23,Not_through_referral
1203,7/17/18 13:44,FEMALE,NA,1991-08-27,Installed_through_referral
1204,8/2/18 18:05,FEMALE,NA,1983-08-02,Installed_through_referral
1205,8/7/18 20:13,MALE,NA,1994-10-17,Not_through_referral
1206,8/12/18 18:53,MALE,NA,1995-08-12,Not_through_referral
1207,8/11/18 16:14,MALE,NA,2018-08-11,Installed_through_referral
1208,8/10/18 22:46,MALE,NA,1992-05-10,Not_through_referral
1209,6/3/18 1:07,MALE,NA,1997-03-04,Not_through_referral
1210,6/11/18 19:15,FEMALE,NA,1997-08-21,Not_through_referral
1211,6/3/18 19:41,MALE,NA,1986-05-01,Not_through_referral
1212,6/8/18 8:40,FEMALE,NA,2018-06-05,Installed_through_referral
1213,6/8/18 9:06,MALE,NA,2000-07-19,Not_through_referral
1214,6/13/18 18:56,MALE,NA,2018-06-13,Installed_through_referral
1215,6/28/18 14:03,FEMALE,NA,1990-12-28,Not_through_referral
1216,6/28/18 18:57,MALE,NA,1996-08-08,Not_through_referral
1217,7/12/18 17:53,FEMALE,NA,1987-07-20,Not_through_referral
1218,7/31/18 17:20,MALE,NA,2018-07-31,Not_through_referral
1219,8/1/18 17:29,MALE,NA,1998-09-27,Not_through_referral
1220,8/4/18 12:42,FEMALE,NA,1999-06-09,Not_through_referral
1221,8/4/18 19:40,MALE,NA,2000-08-04,Installed_through_referral
1222,6/12/18 21:01,MALE,NA,2017-01-29,Installed_through_referral
1223,6/12/18 13:04,MALE,NA,1996-07-07,Not_through_referral
1224,6/4/18 16:16,MALE,NA,1990-12-17,Not_through_referral
1225,6/10/18 17:23,FEMALE,NA,1997-05-15,Installed_through_referral
1226,6/21/18 1:13,MALE,NA,2003-03-03,Not_through_referral
1227,6/16/18 23:35,MALE,NA,1990-10-18,Not_through_referral
1228,6/16/18 1:01,FEMALE,NA,1994-06-14,Not_through_referral
1229,6/25/18 19:18,MALE,NA,1992-11-24,Installed_through_referral
1230,6/28/18 18:20,MALE,NA,1986-12-01,Not_through_referral
1231,6/24/18 15:30,MALE,NA,1990-10-12,Not_through_referral
1232,6/30/18 12:46,FEMALE,NA,1996-04-03,Not_through_referral
1233,6/29/18 22:23,FEMALE,NA,1992-10-06,Installed_through_referral
1234,7/5/18 11:34,MALE,NA,1994-01-01,Not_through_referral
1235,7/20/18 10:02,MALE,NA,1998-03-18,Not_through_referral
1236,7/24/18 16:24,FEMALE,NA,1999-08-26,Installed_through_referral
1237,7/26/18 14:53,FEMALE,NA,1999-07-16,Installed_through_referral
1238,8/12/18 9:58,FEMALE,NA,1994-12-15,Not_through_referral
1239,8/12/18 14:14,MALE,NA,1982-09-16,Not_through_referral
1240,8/21/18 13:26,MALE,NA,1997-06-25,Not_through_referral
1241,8/21/18 10:47,MALE,NA,2000-02-04,Not_through_referral
1242,8/18/18 13:44,FEMALE,NA,1996-07-18,Not_through_referral
1243,9/2/18 17:19,FEMALE,NA,1992-04-02,Not_through_referral
1244,8/20/18 20:30,FEMALE,NA,1996-05-18,Installed_through_referral
1245,9/1/18 17:33,MALE,NA,1995-09-16,Not_through_referral
1246,8/31/18 20:16,MALE,NA,2001-02-04,Installed_through_referral
1247,8/31/18 6:57,MALE,NA,1995-07-12,Not_through_referral
1248,9/28/18 12:55,MALE,NA,1998-05-17,Not_through_referral
1249,8/23/18 20:41,MALE,NA,1997-09-05,Not_through_referral
1250,8/24/18 13:48,MALE,NA,2018-08-24,Not_through_referral
1251,9/6/18 20:01,MALE,NA,1993-09-07,Not_through_referral
1252,8/19/18 1:57,MALE,NA,2018-03-29,Not_through_referral
1253,8/18/18 3:06,FEMALE,NA,1989-12-12,Not_through_referral
1254,8/23/18 12:15,MALE,NA,1997-07-18,Not_through_referral
1255,8/31/18 14:50,MALE,NA,1997-09-08,Installed_through_referral
1256,8/30/18 14:44,MALE,NA,1999-09-18,Installed_through_referral
1257,9/6/18 14:25,MALE,NA,2016-09-16,Installed_through_referral
1258,9/7/18 16:37,MALE,NA,1996-07-04,Not_through_referral
1259,9/10/18 22:09,FEMALE,NA,1991-02-27,Not_through_referral
1260,9/8/18 18:05,MALE,NA,2000-03-22,Not_through_referral
1261,8/19/18 14:25,MALE,NA,1991-09-18,Not_through_referral
1262,8/16/18 18:29,MALE,NA,2018-08-16,Installed_through_referral
1263,9/1/18 17:45,MALE,NA,1975-01-02,Installed_through_referral
1264,9/14/18 11:59,FEMALE,NA,1991-08-03,Not_through_referral
1265,8/21/18 9:17,FEMALE,NA,1999-10-08,Installed_through_referral
1266,8/21/18 15:15,FEMALE,NA,1993-05-15,Not_through_referral
1267,8/28/18 17:56,MALE,NA,2000-03-24,Installed_through_referral
1268,9/16/18 14:10,MALE,NA,1997-01-28,Not_through_referral
1269,9/11/18 13:53,MALE,NA,1996-08-30,Not_through_referral
1270,9/28/18 21:11,MALE,NA,1999-02-07,Installed_through_referral
1271,8/16/18 12:50,MALE,NA,2018-06-21,Not_through_referral
1272,8/16/18 21:49,FEMALE,NA,2003-01-10,Not_through_referral
1273,8/15/18 22:23,MALE,NA,2018-08-15,Not_through_referral
1274,8/18/18 21:02,MALE,NA,1997-04-09,Not_through_referral
1275,8/27/18 19:32,MALE,NA,2018-08-17,Installed_through_referral
1276,9/6/18 21:16,FEMALE,NA,1993-04-07,Not_through_referral
1277,9/3/18 16:31,MALE,NA,1989-08-30,Not_through_referral
1278,9/19/18 0:05,FEMALE,NA,1994-04-26,Installed_through_referral
1279,9/29/18 14:05,MALE,NA,1991-03-17,Not_through_referral
1280,8/25/18 19:27,MALE,NA,1999-05-30,Not_through_referral
1281,8/20/18 15:14,MALE,NA,2018-08-20,Installed_through_referral
1282,8/24/18 22:21,MALE,NA,2018-07-02,Not_through_referral
1283,8/28/18 23:45,FEMALE,NA,1995-05-11,Installed_through_referral
1284,9/16/18 19:53,MALE,NA,1991-06-29,Not_through_referral
1285,9/18/18 13:47,MALE,NA,1990-02-15,Installed_through_referral
1286,8/20/18 23:03,MALE,NA,1999-06-21,Not_through_referral
1287,9/4/18 17:45,FEMALE,NA,1995-06-21,Installed_through_referral
1288,9/20/18 13:10,FEMALE,NA,1987-06-09,Not_through_referral
1289,9/21/18 21:57,MALE,NA,1975-04-15,Installed_through_referral
1290,6/4/18 0:00,FEMALE,NA,2000-10-21,Not_through_referral
1291,6/5/18 17:49,MALE,NA,2018-06-05,Not_through_referral
1292,6/20/18 23:06,MALE,NA,1997-12-21,Installed_through_referral
1293,6/21/18 1:12,MALE,NA,1999-09-19,Not_through_referral
1294,6/21/18 15:08,MALE,NA,1987-07-28,Not_through_referral
1295,6/29/18 18:06,MALE,NA,1980-07-22,Not_through_referral
1296,6/29/18 16:17,FEMALE,NA,1998-12-12,Not_through_referral
1297,7/6/18 15:34,MALE,NA,1994-07-16,Not_through_referral
1298,7/8/18 21:20,MALE,NA,1982-03-19,Not_through_referral
1299,7/17/18 15:03,FEMALE,NA,1988-07-01,Installed_through_referral
1300,7/20/18 11:52,MALE,NA,1995-07-20,Installed_through_referral
1301,8/3/18 18:14,MALE,NA,2018-08-03,Not_through_referral
1302,7/30/18 18:49,MALE,NA,2000-11-25,Not_through_referral
1303,7/26/18 4:21,MALE,NA,1996-05-11,Installed_through_referral
1304,6/1/18 0:29,MALE,NA,1975-01-12,Not_through_referral
1305,6/15/18 22:47,NA,NA,1900-01-00,Not_through_referral
1306,6/14/18 16:39,FEMALE,NA,1981-03-04,Not_through_referral
1307,6/19/18 20:58,FEMALE,NA,1991-12-15,Not_through_referral
1308,6/16/18 13:57,MALE,NA,1993-06-08,Not_through_referral
1309,6/21/18 15:31,MALE,NA,1995-03-31,Not_through_referral
1310,6/18/18 17:59,MALE,NA,1999-06-24,Installed_through_referral
1311,6/23/18 17:14,MALE,NA,1996-06-17,Not_through_referral
1312,6/25/18 0:48,FEMALE,NA,1995-09-19,Not_through_referral
1313,6/26/18 13:59,MALE,NA,1995-06-05,Installed_through_referral
1314,6/30/18 7:15,MALE,NA,2018-06-07,Not_through_referral
1315,6/24/18 20:05,MALE,NA,1995-06-14,Not_through_referral
1316,7/8/18 14:38,FEMALE,NA,1992-05-02,Installed_through_referral
1317,7/10/18 13:12,MALE,NA,1996-06-10,Installed_through_referral
1318,7/16/18 0:13,MALE,NA,2016-09-16,Not_through_referral
1319,7/28/18 21:05,MALE,NA,1999-09-23,Not_through_referral
1320,7/31/18 9:36,MALE,NA,1997-10-13,Not_through_referral
1321,8/3/18 9:23,FEMALE,NA,2018-08-03,Not_through_referral
1322,7/26/18 10:04,MALE,NA,2017-10-24,Not_through_referral
1323,7/31/18 10:37,MALE,NA,1992-09-12,Installed_through_referral
1324,8/1/18 0:28,MALE,NA,1985-07-30,Not_through_referral
1325,8/4/18 15:34,MALE,NA,1993-05-31,Not_through_referral
1326,8/10/18 15:26,FEMALE,NA,1999-01-27,Installed_through_referral
1327,8/11/18 13:03,FEMALE,NA,1991-12-20,Not_through_referral
1328,8/10/18 23:02,MALE,NA,1985-08-12,Installed_through_referral
1329,8/4/18 13:46,FEMALE,NA,1999-09-09,Installed_through_referral
1330,8/10/18 18:23,MALE,NA,1997-10-26,Installed_through_referral
1331,6/6/18 20:11,FEMALE,NA,1997-01-27,Not_through_referral
1332,6/5/18 21:42,FEMALE,NA,1998-08-08,Not_through_referral
1333,6/13/18 16:58,MALE,NA,1994-08-15,Not_through_referral
1334,6/16/18 11:20,MALE,NA,1994-05-10,Not_through_referral
1335,6/16/18 22:16,MALE,NA,2001-12-19,Not_through_referral
1336,6/29/18 11:35,FEMALE,NA,1979-07-10,Installed_through_referral
1337,7/7/18 23:36,MALE,NA,1983-03-05,Not_through_referral
1338,7/2/18 12:29,FEMALE,NA,2001-04-30,Not_through_referral
1339,7/9/18 16:01,MALE,NA,1987-09-19,Not_through_referral
1340,7/19/18 20:18,MALE,NA,2018-06-14,Installed_through_referral
1341,7/25/18 23:20,MALE,NA,2018-07-25,Not_through_referral
1342,7/28/18 10:46,MALE,NA,1997-09-13,Not_through_referral
1343,7/29/18 1:39,MALE,NA,1993-07-01,Installed_through_referral
1344,8/2/18 17:32,MALE,NA,1994-12-26,Not_through_referral
1345,7/28/18 2:01,FEMALE,NA,1994-01-02,Not_through_referral
1346,8/6/18 20:01,MALE,NA,1993-08-19,Installed_through_referral
1347,6/6/18 17:47,FEMALE,NA,1997-10-08,Not_through_referral
1348,6/10/18 16:49,FEMALE,NA,1989-02-25,Not_through_referral
1349,6/17/18 17:18,MALE,NA,1994-12-18,Installed_through_referral
1350,6/23/18 16:18,MALE,NA,1995-12-16,Installed_through_referral
1351,6/28/18 8:22,NA,NA,1900-01-00,Not_through_referral
1352,6/25/18 2:42,MALE,NA,1993-06-25,Not_through_referral
1353,6/26/18 18:48,NA,NA,1900-01-00,Not_through_referral
1354,6/30/18 18:32,MALE,NA,1966-06-01,Installed_through_referral
1355,6/29/18 15:03,MALE,NA,1980-06-05,Not_through_referral
1356,7/3/18 19:51,FEMALE,NA,1995-09-27,Not_through_referral
1357,7/11/18 12:38,MALE,NA,2018-07-03,Installed_through_referral
1358,7/16/18 18:53,FEMALE,NA,2018-07-12,Not_through_referral
1359,7/18/18 17:37,MALE,NA,1998-10-01,Not_through_referral
1360,7/14/18 22:29,MALE,NA,1998-05-25,Not_through_referral
1361,7/22/18 13:41,MALE,NA,1998-04-22,Not_through_referral
1362,7/29/18 22:42,MALE,NA,1999-01-08,Not_through_referral
1363,7/24/18 17:28,MALE,NA,1994-10-14,Not_through_referral
1364,8/10/18 11:19,MALE,NA,1999-04-01,Not_through_referral
1365,6/2/18 19:48,MALE,NA,2018-06-02,Not_through_referral
1366,6/9/18 17:44,FEMALE,NA,1984-08-23,Not_through_referral
1367,6/18/18 14:18,MALE,NA,1994-06-18,Not_through_referral
1368,6/15/18 18:06,MALE,NA,1994-10-10,Not_through_referral
1369,6/16/18 14:37,MALE,NA,1992-07-31,Not_through_referral
1370,6/29/18 16:57,MALE,NA,2018-06-29,Installed_through_referral
1371,6/30/18 7:42,MALE,NA,1970-06-29,Not_through_referral
1372,6/24/18 15:13,FEMALE,NA,1985-10-04,Not_through_referral
1373,7/10/18 11:23,MALE,NA,1997-01-27,Not_through_referral
1374,7/2/18 23:03,FEMALE,NA,1990-09-25,Installed_through_referral
1375,7/6/18 12:24,MALE,NA,1996-11-22,Installed_through_referral
1376,7/6/18 19:00,MALE,NA,1995-08-25,Not_through_referral
1377,7/20/18 18:59,MALE,NA,1996-06-21,Not_through_referral
1378,7/16/18 12:52,MALE,NA,2018-07-10,Not_through_referral
1379,7/17/18 15:00,MALE,NA,2006-04-01,Installed_through_referral
1380,7/26/18 17:59,FEMALE,NA,1989-08-13,Installed_through_referral
1381,7/28/18 11:05,MALE,NA,2018-07-06,Not_through_referral
1382,8/2/18 23:54,FEMALE,NA,1992-03-13,Not_through_referral
1383,8/8/18 11:38,FEMALE,NA,1995-05-08,Not_through_referral
1384,8/14/18 14:39,MALE,NA,2018-08-14,Installed_through_referral
1385,8/5/18 17:52,FEMALE,NA,1982-10-22,Not_through_referral
1386,8/5/18 10:25,MALE,NA,1996-10-10,Not_through_referral
1387,6/10/18 14:45,FEMALE,NA,1988-05-12,Not_through_referral
1388,6/10/18 0:38,MALE,NA,1999-11-22,Installed_through_referral
1389,6/12/18 17:32,MALE,NA,1995-03-08,Not_through_referral
1390,6/9/18 5:20,MALE,NA,1970-06-09,Not_through_referral
1391,6/17/18 16:02,FEMALE,NA,1999-05-27,Not_through_referral
1392,6/17/18 16:06,MALE,NA,1979-03-07,Not_through_referral
1393,7/2/18 19:54,MALE,NA,1995-07-11,Not_through_referral
1394,7/4/18 18:44,MALE,NA,1998-09-07,Not_through_referral
1395,7/12/18 13:24,MALE,NA,2000-01-13,Not_through_referral
1396,7/11/18 23:23,MALE,NA,1987-12-31,Not_through_referral
1397,7/6/18 9:29,MALE,NA,1997-10-05,Not_through_referral
1398,7/19/18 17:35,MALE,NA,2018-07-19,Not_through_referral
1399,7/21/18 21:25,MALE,NA,1991-01-19,Not_through_referral
1400,7/15/18 12:16,MALE,NA,1998-12-06,Not_through_referral
1401,8/2/18 18:39,MALE,NA,1998-05-28,Installed_through_referral
1402,7/29/18 14:38,MALE,NA,1989-06-26,Not_through_referral
1403,7/25/18 17:04,MALE,NA,1999-08-26,Installed_through_referral
1404,7/31/18 15:35,FEMALE,NA,1993-04-14,Not_through_referral
1405,8/5/18 19:53,FEMALE,NA,1994-10-12,Not_through_referral
1406,8/14/18 11:47,FEMALE,NA,1991-03-19,Installed_through_referral
1407,8/12/18 12:15,MALE,NA,1993-03-20,Not_through_referral
1408,6/9/18 17:10,MALE,NA,1991-07-22,Installed_through_referral
1409,6/4/18 20:47,FEMALE,NA,1997-03-03,Not_through_referral
1410,6/3/18 18:39,MALE,NA,1985-12-20,Not_through_referral
1411,6/6/18 9:45,MALE,NA,2018-04-22,Not_through_referral
1412,6/4/18 13:46,FEMALE,NA,1987-02-06,Not_through_referral
1413,6/21/18 2:24,FEMALE,NA,1998-08-12,Not_through_referral
1414,6/17/18 12:00,MALE,NA,2016-01-09,Not_through_referral
1415,6/21/18 22:27,MALE,NA,1993-09-26,Not_through_referral
1416,6/13/18 16:46,FEMALE,NA,1997-08-23,Not_through_referral
1417,6/14/18 19:46,MALE,NA,2018-06-14,Installed_through_referral
1418,7/1/18 13:09,MALE,NA,1986-10-30,Not_through_referral
1419,7/8/18 16:47,MALE,NA,2018-07-08,Not_through_referral
1420,8/3/18 17:55,MALE,NA,1991-05-25,Not_through_referral
1421,7/25/18 14:23,MALE,NA,1993-05-05,Not_through_referral
1422,6/3/18 19:36,FEMALE,NA,1993-03-31,Not_through_referral
1423,6/4/18 18:15,MALE,NA,1978-03-19,Not_through_referral
1424,6/8/18 23:36,MALE,NA,1995-05-14,Not_through_referral
1425,6/10/18 1:04,MALE,NA,1997-07-05,Not_through_referral
1426,6/13/18 9:21,MALE,NA,1981-02-24,Not_through_referral
1427,6/19/18 20:04,MALE,NA,1981-12-27,Not_through_referral
1428,6/19/18 16:58,FEMALE,NA,1993-06-02,Installed_through_referral
1429,6/22/18 21:11,MALE,NA,2018-01-05,Not_through_referral
1430,6/24/18 16:09,FEMALE,NA,1996-04-11,Not_through_referral
1431,6/25/18 22:14,FEMALE,NA,1993-01-11,Not_through_referral
1432,7/6/18 19:13,MALE,NA,1990-05-25,Installed_through_referral
1433,7/8/18 18:36,MALE,NA,1998-12-23,Not_through_referral
1434,7/10/18 14:54,MALE,NA,2018-07-10,Installed_through_referral
1435,7/11/18 16:35,FEMALE,NA,1980-10-18,Not_through_referral
1436,7/14/18 17:19,MALE,NA,2018-07-14,Not_through_referral
1437,7/14/18 19:36,MALE,NA,1998-03-24,Installed_through_referral
1438,7/15/18 0:54,MALE,NA,1997-10-03,Not_through_referral
1439,8/14/18 13:32,MALE,NA,1999-10-09,Not_through_referral
1440,6/7/18 14:13,MALE,NA,1985-12-29,Not_through_referral
1441,6/11/18 17:43,MALE,NA,1997-09-13,Not_through_referral
1442,6/10/18 11:55,FEMALE,NA,1993-06-25,Installed_through_referral
1443,6/21/18 9:31,MALE,NA,1999-07-13,Not_through_referral
1444,6/20/18 20:43,MALE,NA,1992-05-22,Not_through_referral
1445,6/20/18 9:49,MALE,NA,1995-05-09,Not_through_referral
1446,6/20/18 18:47,MALE,NA,1992-09-13,Installed_through_referral
1447,7/10/18 19:03,MALE,NA,1997-08-22,Not_through_referral
1448,7/4/18 12:30,MALE,NA,2018-07-04,Not_through_referral
1449,7/15/18 11:47,MALE,NA,1997-01-10,Not_through_referral
1450,7/20/18 13:03,FEMALE,NA,1980-07-20,Installed_through_referral
1451,8/1/18 11:40,FEMALE,NA,2018-08-01,Not_through_referral
1452,7/30/18 21:46,MALE,NA,1992-04-30,Not_through_referral
1453,7/25/18 13:55,FEMALE,NA,1995-05-19,Installed_through_referral
1454,8/8/18 19:04,MALE,NA,1995-08-19,Installed_through_referral
1455,6/3/18 9:36,MALE,NA,1997-09-02,Installed_through_referral
1456,6/9/18 18:17,MALE,NA,2018-06-09,Installed_through_referral
1457,6/22/18 19:19,NA,NA,1900-01-00,Not_through_referral
1458,6/25/18 15:47,MALE,NA,2018-06-25,Not_through_referral
1459,6/22/18 16:57,MALE,NA,2018-06-22,Installed_through_referral
1460,7/5/18 17:36,MALE,NA,2018-07-05,Installed_through_referral
1461,7/8/18 19:19,FEMALE,NA,1989-07-27,Not_through_referral
1462,7/15/18 20:40,MALE,NA,2018-07-15,Not_through_referral
1463,7/29/18 2:24,FEMALE,NA,1997-05-22,Installed_through_referral
1464,8/3/18 18:01,MALE,NA,1999-06-24,Not_through_referral
1465,8/20/18 9:51,MALE,NA,1992-04-06,Not_through_referral
1466,8/23/18 23:07,MALE,NA,1988-10-23,Not_through_referral
1467,8/20/18 8:52,FEMALE,NA,1998-07-10,Not_through_referral
1468,9/4/18 10:42,MALE,NA,1992-03-18,Not_through_referral
1469,9/5/18 18:12,MALE,NA,2018-09-05,Not_through_referral
1470,8/30/18 8:58,FEMALE,NA,1990-08-30,Not_through_referral
1471,8/30/18 21:39,MALE,NA,1987-01-30,Installed_through_referral
1472,9/15/18 0:04,MALE,NA,1987-06-07,Not_through_referral
1473,9/15/18 17:36,MALE,NA,1989-09-29,Not_through_referral
1474,9/22/18 23:04,MALE,NA,1993-05-31,Not_through_referral
1475,9/27/18 13:37,MALE,NA,1979-05-30,Not_through_referral
1476,8/20/18 16:22,MALE,NA,1994-11-24,Not_through_referral
1477,8/26/18 1:12,FEMALE,NA,1989-09-22,Installed_through_referral
1478,9/15/18 16:41,MALE,NA,1988-03-04,Not_through_referral
1479,9/26/18 23:48,MALE,NA,2000-09-08,Installed_through_referral
1480,8/28/18 17:13,MALE,NA,1998-02-22,Not_through_referral
1481,9/8/18 12:36,MALE,NA,1981-04-30,Not_through_referral
1482,9/20/18 18:53,FEMALE,NA,1997-08-16,Not_through_referral
1483,9/13/18 12:24,MALE,NA,1994-11-13,Installed_through_referral
1484,8/17/18 23:02,MALE,NA,2018-08-17,Installed_through_referral
1485,9/5/18 16:40,FEMALE,NA,1995-12-27,Not_through_referral
1486,9/4/18 19:30,FEMALE,NA,1998-08-17,Installed_through_referral
1487,9/18/18 2:28,MALE,NA,1998-04-14,Installed_through_referral
1488,9/11/18 17:03,MALE,NA,2018-09-11,Installed_through_referral
1489,8/24/18 15:50,FEMALE,NA,2001-03-18,Not_through_referral
1490,8/16/18 1:23,MALE,NA,1998-04-13,Not_through_referral
1491,8/31/18 17:29,FEMALE,NA,2018-08-31,Not_through_referral
1492,8/30/18 17:57,MALE,NA,1991-01-01,Installed_through_referral
1493,8/31/18 14:11,MALE,NA,2018-08-31,Installed_through_referral
1494,9/13/18 21:37,MALE,NA,2018-09-13,Not_through_referral
1495,9/13/18 15:56,MALE,NA,2000-05-03,Not_through_referral
1496,8/30/18 13:42,FEMALE,NA,2018-02-16,Installed_through_referral
1497,8/30/18 13:06,MALE,NA,2018-08-15,Not_through_referral
1498,8/30/18 14:38,MALE,NA,1999-08-18,Installed_through_referral
1499,9/2/18 0:06,FEMALE,NA,1992-07-03,Not_through_referral
1500,8/22/18 15:38,MALE,NA,2018-08-23,Installed_through_referral
1501,9/21/18 12:18,FEMALE,NA,1994-09-01,Not_through_referral
1502,8/23/18 12:33,MALE,NA,1997-09-26,Not_through_referral
1503,8/25/18 20:08,FEMALE,NA,1972-07-25,Not_through_referral
1504,9/1/18 12:46,MALE,NA,2000-05-31,Installed_through_referral
1505,8/30/18 17:22,MALE,NA,1993-09-06,Not_through_referral
1506,9/7/18 18:07,MALE,NA,1991-10-03,Not_through_referral
1507,9/28/18 23:27,MALE,NA,1987-09-19,Not_through_referral
1508,9/21/18 20:53,MALE,NA,1992-06-19,Not_through_referral
1509,6/12/18 20:24,FEMALE,NA,1985-10-17,Not_through_referral
1510,6/7/18 23:08,FEMALE,NA,1998-06-26,Not_through_referral
1511,6/4/18 17:39,MALE,NA,2016-07-21,Not_through_referral
1512,6/5/18 14:49,MALE,NA,1997-08-05,Not_through_referral
1513,6/6/18 12:38,MALE,NA,1987-08-27,Installed_through_referral
1514,6/20/18 22:29,MALE,NA,2018-06-20,Not_through_referral
1515,6/27/18 20:39,MALE,NA,1994-03-06,Installed_through_referral
1516,6/25/18 13:04,MALE,NA,2018-06-25,Not_through_referral
1517,6/25/18 16:47,FEMALE,NA,1987-08-05,Installed_through_referral
1518,6/27/18 15:28,MALE,NA,1993-06-14,Installed_through_referral
1519,6/23/18 22:21,MALE,NA,1999-06-23,Installed_through_referral
1520,6/28/18 17:40,MALE,NA,2001-12-27,Not_through_referral
1521,7/10/18 9:19,MALE,NA,2001-05-23,Installed_through_referral
1522,7/1/18 14:43,FEMALE,NA,1997-09-21,Not_through_referral
1523,7/15/18 0:45,MALE,NA,1987-04-15,Not_through_referral
1524,7/18/18 23:13,MALE,NA,1984-07-23,Not_through_referral
1525,7/24/18 13:31,MALE,NA,1999-02-05,Not_through_referral
1526,7/31/18 21:09,MALE,NA,2018-07-19,Not_through_referral
1527,8/2/18 17:26,FEMALE,NA,1999-03-05,Not_through_referral
1528,8/10/18 18:44,FEMALE,NA,1996-03-06,Not_through_referral
1529,8/10/18 15:17,MALE,NA,2018-05-07,Not_through_referral
1530,8/12/18 21:49,MALE,NA,2018-04-12,Not_through_referral
1531,8/3/18 21:39,MALE,NA,1994-08-11,Not_through_referral
1532,6/2/18 12:08,MALE,NA,1992-10-20,Not_through_referral
1533,6/2/18 17:15,MALE,NA,1994-05-10,Not_through_referral
1534,6/4/18 21:24,MALE,NA,2018-06-04,Installed_through_referral
1535,6/12/18 16:00,MALE,NA,1997-08-10,Installed_through_referral
1536,6/3/18 19:09,MALE,NA,1988-12-08,Not_through_referral
1537,6/8/18 22:46,MALE,NA,1987-10-24,Not_through_referral
1538,6/9/18 15:43,MALE,NA,1992-08-01,Installed_through_referral
1539,6/15/18 16:24,MALE,NA,1997-08-26,Not_through_referral
1540,6/21/18 14:09,MALE,NA,1996-11-23,Installed_through_referral
1541,6/21/18 11:30,MALE,NA,1998-01-24,Not_through_referral
1542,6/23/18 21:44,MALE,NA,1984-06-23,Not_through_referral
1543,6/24/18 21:36,MALE,NA,2017-11-12,Installed_through_referral
1544,7/28/18 13:02,MALE,NA,1995-03-18,Not_through_referral
1545,8/11/18 14:46,MALE,NA,1993-01-15,Not_through_referral
1546,6/9/18 18:13,MALE,NA,1983-11-13,Not_through_referral
1547,6/7/18 12:50,MALE,NA,1997-01-11,Installed_through_referral
1548,6/5/18 16:26,MALE,NA,1991-06-30,Not_through_referral
1549,6/9/18 15:41,MALE,NA,2018-06-09,Not_through_referral
1550,6/24/18 19:04,MALE,NA,1984-02-10,Not_through_referral
1551,6/29/18 19:24,MALE,NA,1977-02-03,Not_through_referral
1552,6/30/18 23:26,MALE,NA,1999-11-04,Not_through_referral
1553,6/29/18 15:14,MALE,NA,1987-06-29,Not_through_referral
1554,6/24/18 18:59,MALE,NA,1999-09-21,Not_through_referral
1555,7/10/18 17:02,MALE,NA,1999-08-04,Not_through_referral
1556,7/20/18 13:09,MALE,NA,1992-06-13,Not_through_referral
1557,7/16/18 23:02,FEMALE,NA,1996-10-12,Not_through_referral
1558,7/16/18 22:48,MALE,NA,2018-03-29,Not_through_referral
1559,7/28/18 19:33,MALE,NA,1997-10-12,Not_through_referral
1560,8/5/18 14:49,MALE,NA,2018-08-05,Not_through_referral
1561,8/14/18 13:40,FEMALE,NA,2018-07-17,Not_through_referral
1562,8/5/18 19:27,MALE,NA,2015-03-20,Not_through_referral
1563,6/2/18 12:46,MALE,NA,1978-09-01,Installed_through_referral
1564,6/5/18 16:08,FEMALE,NA,1977-05-10,Installed_through_referral
1565,6/5/18 15:13,MALE,NA,1992-02-21,Not_through_referral
1566,6/18/18 11:12,MALE,NA,1990-06-15,Not_through_referral
1567,6/19/18 18:46,FEMALE,NA,1994-08-08,Installed_through_referral
1568,6/22/18 18:19,FEMALE,NA,1995-07-29,Not_through_referral
1569,6/29/18 14:16,MALE,NA,1993-03-27,Not_through_referral
1570,6/29/18 16:58,NA,NA,1900-01-00,Not_through_referral
1571,6/24/18 21:47,FEMALE,NA,1994-11-04,Not_through_referral
1572,7/4/18 11:11,MALE,NA,1997-02-10,Not_through_referral
1573,7/10/18 18:12,MALE,NA,1997-07-16,Not_through_referral
1574,7/6/18 19:42,FEMALE,NA,1996-04-17,Installed_through_referral
1575,7/2/18 11:58,MALE,NA,1990-04-24,Not_through_referral
1576,7/19/18 21:41,MALE,NA,1987-12-01,Not_through_referral
1577,7/14/18 19:30,MALE,NA,1999-03-10,Installed_through_referral
1578,7/23/18 14:43,MALE,NA,1998-07-23,Not_through_referral
1579,7/27/18 13:32,FEMALE,NA,1997-06-17,Not_through_referral
1580,7/29/18 10:52,FEMALE,NA,1996-04-18,Not_through_referral
1581,7/27/18 15:11,MALE,NA,1977-03-18,Installed_through_referral
1582,8/8/18 18:16,MALE,NA,1999-07-08,Not_through_referral
1583,8/5/18 20:43,FEMALE,NA,1997-05-26,Not_through_referral
1584,6/10/18 15:23,MALE,NA,1996-11-09,Not_through_referral
1585,6/11/18 20:58,MALE,NA,2018-06-11,Installed_through_referral
1586,6/7/18 18:15,MALE,NA,1990-01-10,Not_through_referral
1587,6/16/18 18:57,MALE,NA,1990-11-17,Not_through_referral
1588,6/18/18 15:17,MALE,NA,1978-06-17,Not_through_referral
1589,6/14/18 16:13,MALE,NA,2002-09-12,Not_through_referral
1590,6/14/18 19:39,MALE,NA,1999-12-14,Installed_through_referral
1591,6/17/18 23:18,MALE,NA,1994-10-18,Not_through_referral
1592,6/21/18 13:50,MALE,NA,1990-04-30,Not_through_referral
1593,6/15/18 11:43,FEMALE,NA,1997-08-31,Installed_through_referral
1594,6/24/18 21:49,FEMALE,NA,1995-09-30,Not_through_referral
1595,6/30/18 15:17,MALE,NA,1994-06-02,Not_through_referral
1596,7/7/18 13:57,MALE,NA,2018-07-07,Not_through_referral
1597,7/22/18 18:29,MALE,NA,1994-02-04,Not_through_referral
1598,7/14/18 22:43,MALE,NA,1998-07-08,Installed_through_referral
1599,7/19/18 15:35,MALE,NA,1994-07-10,Not_through_referral
1600,8/13/18 14:18,MALE,NA,1997-06-05,Not_through_referral
1601,6/5/18 22:17,MALE,NA,2018-06-27,Not_through_referral
1602,6/10/18 18:23,MALE,NA,2018-06-10,Installed_through_referral
1603,6/10/18 17:52,MALE,NA,1993-08-15,Not_through_referral
1604,6/3/18 20:26,MALE,NA,1972-08-29,Not_through_referral
1605,6/10/18 18:04,FEMALE,NA,1988-12-08,Not_through_referral
1606,6/9/18 7:20,FEMALE,NA,2001-06-27,Not_through_referral
1607,6/9/18 20:22,FEMALE,NA,1987-11-03,Installed_through_referral
1608,6/10/18 8:17,MALE,NA,1994-09-04,Not_through_referral
1609,6/16/18 17:39,FEMALE,NA,1976-11-19,Not_through_referral
1610,6/18/18 11:20,MALE,NA,1998-06-04,Not_through_referral
1611,6/30/18 17:34,MALE,NA,2018-06-30,Installed_through_referral
1612,7/1/18 10:33,FEMALE,NA,1996-07-16,Not_through_referral
1613,6/28/18 19:57,FEMALE,NA,2016-02-20,Not_through_referral
1614,7/24/18 22:42,FEMALE,NA,1993-09-12,Installed_through_referral
1615,7/27/18 21:55,MALE,NA,1991-11-30,Not_through_referral
1616,8/5/18 17:39,MALE,NA,2000-02-11,Not_through_referral
1617,6/2/18 14:22,FEMALE,NA,2018-06-01,Installed_through_referral
1618,6/12/18 19:01,FEMALE,NA,2018-06-12,Not_through_referral
1619,6/14/18 14:31,MALE,NA,2001-12-26,Not_through_referral
1620,6/17/18 21:39,MALE,NA,1991-10-31,Not_through_referral
1621,6/30/18 18:06,MALE,NA,1981-10-31,Not_through_referral
1622,6/28/18 16:24,MALE,NA,1991-04-22,Not_through_referral
1623,6/28/18 0:54,MALE,NA,2018-06-01,Not_through_referral
1624,6/27/18 13:42,FEMALE,NA,2000-05-09,Installed_through_referral
1625,7/3/18 18:26,MALE,NA,1989-03-16,Not_through_referral
1626,7/6/18 12:04,MALE,NA,1998-10-24,Not_through_referral
1627,7/8/18 21:21,MALE,NA,1972-05-05,Not_through_referral
1628,7/18/18 18:34,MALE,NA,2018-04-13,Installed_through_referral
1629,7/16/18 23:02,FEMALE,NA,1995-06-06,Not_through_referral
1630,7/26/18 9:52,NA,NA,1900-01-00,Not_through_referral
1631,7/29/18 9:54,MALE,NA,1997-04-19,Not_through_referral
1632,8/1/18 16:12,MALE,NA,2018-03-04,Not_through_referral
1633,7/25/18 11:33,MALE,NA,2018-07-25,Not_through_referral
1634,8/5/18 10:28,MALE,NA,2018-08-05,Installed_through_referral
1635,8/12/18 5:10,MALE,NA,1997-06-02,Not_through_referral
1636,8/14/18 20:51,FEMALE,NA,1996-09-14,Installed_through_referral
1637,8/11/18 19:26,FEMALE,NA,1991-11-18,Not_through_referral
1638,6/1/18 15:59,MALE,NA,1990-10-23,Not_through_referral
1639,6/21/18 13:48,MALE,NA,1989-06-24,Not_through_referral
1640,6/28/18 15:42,FEMALE,NA,1988-06-04,Not_through_referral
1641,7/16/18 22:33,MALE,NA,1983-09-14,Not_through_referral
1642,7/15/18 15:22,MALE,NA,1988-10-20,Not_through_referral
1643,8/5/18 14:28,MALE,NA,1997-07-18,Not_through_referral
1644,8/14/18 20:02,MALE,NA,1992-04-26,Not_through_referral
1645,8/14/18 17:28,MALE,NA,2018-08-14,Installed_through_referral
1646,6/20/18 14:03,NA,NA,1900-01-00,Not_through_referral
1647,6/24/18 20:14,MALE,NA,1999-11-08,Not_through_referral
1648,6/26/18 20:24,MALE,NA,1982-06-26,Installed_through_referral
1649,6/29/18 16:28,MALE,NA,1998-01-15,Not_through_referral
1650,7/6/18 21:25,MALE,NA,1998-08-10,Installed_through_referral
1651,7/9/18 21:17,MALE,NA,1990-05-03,Not_through_referral
1652,7/5/18 15:18,MALE,NA,1987-06-13,Installed_through_referral
1653,7/5/18 16:59,MALE,NA,1984-12-17,Installed_through_referral
1654,7/11/18 9:48,FEMALE,NA,2001-03-24,Installed_through_referral
1655,7/16/18 18:44,MALE,NA,2018-07-16,Not_through_referral
1656,7/19/18 14:23,FEMALE,NA,2018-07-04,Not_through_referral
1657,8/8/18 14:06,MALE,NA,2018-08-08,Installed_through_referral
1658,8/4/18 11:57,MALE,NA,2001-12-13,Installed_through_referral
1659,8/9/18 16:47,MALE,NA,1993-09-13,Not_through_referral
1660,6/1/18 18:10,MALE,NA,1992-10-01,Not_through_referral
1661,6/6/18 2:26,MALE,NA,1985-08-15,Not_through_referral
1662,6/4/18 13:24,MALE,NA,1997-09-16,Not_through_referral
1663,6/11/18 14:47,MALE,NA,1985-06-29,Installed_through_referral
1664,6/7/18 15:35,FEMALE,NA,1998-06-07,Not_through_referral
1665,6/18/18 15:23,MALE,NA,2018-06-18,Not_through_referral
1666,6/20/18 0:47,MALE,NA,2013-04-29,Not_through_referral
1667,7/10/18 18:33,MALE,NA,2018-07-10,Installed_through_referral
1668,7/1/18 18:18,MALE,NA,1990-11-23,Not_through_referral
1669,7/3/18 19:47,MALE,NA,1988-10-05,Not_through_referral
1670,7/14/18 15:34,MALE,NA,2018-07-14,Not_through_referral
1671,7/16/18 17:35,MALE,NA,2018-07-16,Not_through_referral
1672,7/28/18 0:07,MALE,NA,2000-07-28,Not_through_referral
1673,7/29/18 20:27,MALE,NA,1996-01-22,Not_through_referral
1674,7/26/18 15:37,MALE,NA,1996-04-23,Not_through_referral
1675,8/12/18 14:49,MALE,NA,2018-05-01,Not_through_referral
1676,8/25/18 16:01,MALE,NA,2018-08-25,Not_through_referral
1677,8/31/18 19:57,MALE,NA,2000-06-04,Not_through_referral
1678,8/25/18 23:44,MALE,NA,2018-08-25,Installed_through_referral
1679,8/28/18 21:17,MALE,NA,1993-05-20,Installed_through_referral
1680,9/8/18 18:08,FEMALE,NA,1993-11-21,Not_through_referral
1681,9/20/18 20:31,FEMALE,NA,1985-05-14,Installed_through_referral
1682,8/25/18 14:44,MALE,NA,2003-08-25,Not_through_referral
1683,8/15/18 12:53,MALE,NA,1990-05-04,Installed_through_referral
1684,9/17/18 20:15,MALE,NA,1982-03-19,Not_through_referral
1685,9/15/18 8:55,FEMALE,NA,2018-07-23,Installed_through_referral
1686,9/27/18 17:26,MALE,NA,2018-09-27,Installed_through_referral
1687,9/25/18 14:39,MALE,NA,1987-12-26,Not_through_referral
1688,9/29/18 19:25,MALE,NA,1987-11-23,Not_through_referral
1689,9/5/18 21:22,FEMALE,NA,2018-09-05,Not_through_referral
1690,9/10/18 21:03,MALE,NA,2018-09-10,Installed_through_referral
1691,9/12/18 13:46,MALE,NA,1997-09-08,Not_through_referral
1692,9/19/18 17:49,MALE,NA,1970-02-12,Not_through_referral
1693,8/15/18 13:49,FEMALE,NA,1997-02-01,Not_through_referral
1694,8/25/18 16:02,MALE,NA,2018-08-06,Not_through_referral
1695,8/27/18 22:38,MALE,NA,2000-10-22,Installed_through_referral
1696,8/28/18 12:19,MALE,NA,1999-08-28,Not_through_referral
1697,9/9/18 21:48,MALE,NA,2018-01-24,Not_through_referral
1698,9/18/18 1:08,MALE,NA,1995-07-06,Not_through_referral
1699,8/28/18 8:46,FEMALE,NA,1995-09-04,Not_through_referral
1700,8/30/18 12:57,MALE,NA,2017-12-15,Not_through_referral
1701,8/31/18 17:56,MALE,NA,1988-09-15,Not_through_referral
1702,8/25/18 20:20,MALE,NA,2018-08-25,Installed_through_referral
1703,9/28/18 20:29,MALE,NA,1996-10-02,Not_through_referral
1704,8/24/18 15:35,MALE,NA,1997-06-01,Not_through_referral
1705,8/25/18 20:22,MALE,NA,2000-02-08,Not_through_referral
1706,9/5/18 18:54,NA,NA,1900-01-00,Not_through_referral
1707,8/29/18 17:04,MALE,NA,2000-10-16,Not_through_referral
1708,9/29/18 22:26,MALE,NA,1998-06-09,Not_through_referral
1709,8/17/18 16:40,MALE,NA,1989-08-18,Installed_through_referral
1710,8/24/18 13:49,MALE,NA,1996-02-05,Not_through_referral
1711,8/30/18 21:19,MALE,NA,1992-04-05,Not_through_referral
1712,9/1/18 11:00,MALE,NA,2018-09-01,Not_through_referral
1713,9/24/18 7:36,MALE,NA,1997-01-26,Installed_through_referral
1714,9/27/18 18:48,MALE,NA,2018-09-27,Installed_through_referral
1715,8/25/18 14:05,MALE,NA,1979-02-03,Not_through_referral
1716,8/28/18 12:44,MALE,NA,1987-08-24,Not_through_referral
1717,8/25/18 20:11,MALE,NA,1988-05-23,Not_through_referral
1718,9/12/18 15:44,MALE,NA,1993-09-27,Not_through_referral
1719,9/24/18 19:01,FEMALE,NA,1992-06-23,Not_through_referral
1720,8/22/18 18:02,FEMALE,NA,1990-10-11,Not_through_referral
1721,8/18/18 11:36,MALE,NA,2000-06-22,Installed_through_referral
1722,8/22/18 12:18,MALE,NA,2000-07-25,Installed_through_referral
1723,8/15/18 18:07,MALE,NA,1995-10-24,Not_through_referral
1724,8/30/18 9:18,MALE,NA,1989-10-02,Not_through_referral
1725,9/5/18 16:25,MALE,NA,2000-01-31,Not_through_referral
1726,8/27/18 21:26,MALE,NA,1987-01-29,Not_through_referral
1727,8/29/18 17:47,MALE,NA,2018-08-29,Not_through_referral
1728,9/2/18 16:13,MALE,NA,1996-09-16,Not_through_referral
1729,9/11/18 19:53,MALE,NA,1995-12-02,Installed_through_referral
1730,9/8/18 23:54,MALE,NA,1995-09-08,Installed_through_referral
1731,9/8/18 15:49,MALE,NA,1991-05-02,Not_through_referral
1732,6/1/18 18:28,MALE,NA,1980-05-10,Not_through_referral
1733,6/11/18 14:15,FEMALE,NA,1994-04-07,Installed_through_referral
1734,6/12/18 19:25,MALE,NA,2009-01-05,Not_through_referral
1735,6/4/18 10:57,FEMALE,NA,2000-03-17,Not_through_referral
1736,6/21/18 17:43,MALE,NA,1999-12-29,Installed_through_referral
1737,6/20/18 11:24,MALE,NA,2006-09-07,Not_through_referral
1738,6/22/18 10:35,MALE,NA,2001-05-11,Not_through_referral
1739,6/15/18 15:22,MALE,NA,1996-01-10,Installed_through_referral
1740,6/21/18 16:52,FEMALE,NA,1990-09-21,Not_through_referral
1741,6/25/18 12:59,FEMALE,NA,1992-01-26,Not_through_referral
1742,7/2/18 23:23,MALE,NA,1994-07-10,Not_through_referral
1743,7/10/18 18:47,MALE,NA,2017-05-21,Not_through_referral
1744,7/5/18 18:32,MALE,NA,1991-05-02,Not_through_referral
1745,7/9/18 18:26,MALE,NA,1971-09-09,Not_through_referral
1746,7/3/18 18:44,MALE,NA,2018-07-03,Not_through_referral
1747,7/3/18 19:59,MALE,NA,2018-07-03,Installed_through_referral
1748,7/22/18 10:35,MALE,NA,1999-08-18,Not_through_referral
1749,7/21/18 16:52,MALE,NA,2018-07-21,Installed_through_referral
1750,7/19/18 18:16,MALE,NA,1986-05-10,Installed_through_referral
1751,7/30/18 19:46,FEMALE,NA,1992-09-24,Not_through_referral
1752,8/3/18 17:08,MALE,NA,1988-08-23,Not_through_referral
1753,8/11/18 22:36,MALE,NA,1986-07-14,Installed_through_referral
1754,6/4/18 10:46,MALE,NA,1993-05-09,Not_through_referral
1755,6/6/18 12:19,MALE,NA,1982-08-02,Installed_through_referral
1756,6/8/18 20:22,MALE,NA,1989-04-02,Not_through_referral
1757,6/15/18 16:50,FEMALE,NA,1980-09-20,Not_through_referral
1758,6/16/18 22:51,MALE,NA,2018-05-02,Not_through_referral
1759,6/20/18 23:00,FEMALE,NA,1993-10-12,Not_through_referral
1760,6/27/18 14:08,FEMALE,NA,1997-08-17,Installed_through_referral
1761,6/29/18 15:33,FEMALE,NA,1995-08-07,Not_through_referral
1762,6/26/18 16:19,FEMALE,NA,2003-02-01,Not_through_referral
1763,6/29/18 12:16,FEMALE,NA,1999-03-13,Not_through_referral
1764,7/13/18 17:53,FEMALE,NA,1968-12-14,Not_through_referral
1765,7/24/18 13:52,MALE,NA,1982-08-12,Installed_through_referral
1766,8/14/18 18:47,MALE,NA,1996-02-04,Not_through_referral
1767,8/10/18 17:48,FEMALE,NA,2018-08-10,Not_through_referral
1768,8/3/18 21:21,FEMALE,NA,2000-08-23,Not_through_referral
1769,8/5/18 20:07,FEMALE,NA,2018-08-05,Not_through_referral
1770,8/12/18 22:09,MALE,NA,1991-11-24,Not_through_referral
1771,6/3/18 14:50,FEMALE,NA,1996-06-03,Not_through_referral
1772,6/12/18 12:05,MALE,NA,1994-11-11,Not_through_referral
1773,6/12/18 22:00,MALE,NA,1997-06-04,Not_through_referral
1774,6/24/18 14:32,MALE,NA,1985-06-01,Not_through_referral
1775,6/30/18 20:45,FEMALE,NA,1999-12-22,Not_through_referral
1776,7/6/18 19:25,MALE,NA,1995-08-22,Not_through_referral
1777,7/16/18 11:08,MALE,NA,1996-04-27,Not_through_referral
1778,7/31/18 10:55,MALE,NA,1997-10-12,Installed_through_referral
1779,7/28/18 12:45,MALE,NA,1996-05-02,Not_through_referral
1780,8/5/18 14:43,MALE,NA,2000-12-09,Installed_through_referral
1781,8/9/18 14:18,MALE,NA,2018-08-09,Not_through_referral
1782,8/11/18 13:59,MALE,NA,1997-07-03,Not_through_referral
1783,8/14/18 12:47,MALE,NA,1989-08-15,Installed_through_referral
1784,8/11/18 14:39,FEMALE,NA,2006-05-03,Installed_through_referral
1785,6/1/18 14:16,MALE,NA,1998-12-11,Not_through_referral
1786,6/7/18 13:56,MALE,NA,1993-09-14,Not_through_referral
1787,6/4/18 22:22,MALE,NA,1989-04-05,Installed_through_referral
1788,6/12/18 19:20,MALE,NA,1984-10-22,Not_through_referral
1789,6/22/18 10:52,MALE,NA,1995-06-28,Not_through_referral
1790,6/13/18 19:58,MALE,NA,1991-07-05,Not_through_referral
1791,6/25/18 15:12,MALE,NA,1996-02-22,Installed_through_referral
1792,6/24/18 21:51,MALE,NA,1998-09-25,Not_through_referral
1793,6/23/18 16:20,MALE,NA,2000-06-27,Not_through_referral
1794,7/1/18 21:41,MALE,NA,1999-07-11,Installed_through_referral
1795,7/2/18 9:02,MALE,NA,1998-10-29,Not_through_referral
1796,7/29/18 19:04,MALE,NA,1980-04-25,Installed_through_referral
1797,7/27/18 14:57,MALE,NA,1979-05-25,Not_through_referral
1798,8/4/18 10:38,MALE,NA,1998-07-20,Not_through_referral
1799,8/4/18 19:54,MALE,NA,1979-04-02,Installed_through_referral
1800,6/1/18 18:43,MALE,NA,1992-09-10,Not_through_referral
1801,6/11/18 12:27,MALE,NA,1982-01-18,Not_through_referral
1802,6/6/18 1:47,MALE,NA,1986-04-08,Not_through_referral
1803,6/18/18 6:42,FEMALE,NA,1980-01-31,Not_through_referral
1804,6/23/18 18:24,MALE,NA,1983-05-11,Not_through_referral
1805,6/29/18 15:40,MALE,NA,1998-06-01,Not_through_referral
1806,6/22/18 23:38,MALE,NA,1994-06-12,Not_through_referral
1807,6/30/18 2:42,MALE,NA,1988-03-28,Not_through_referral
1808,7/7/18 15:01,MALE,NA,1992-07-07,Installed_through_referral
1809,7/7/18 15:48,MALE,NA,2018-03-09,Installed_through_referral
1810,7/9/18 20:36,MALE,NA,2018-07-29,Not_through_referral
1811,7/15/18 5:01,MALE,NA,1997-07-19,Installed_through_referral
1812,7/14/18 11:36,MALE,NA,1981-03-17,Not_through_referral
1813,7/29/18 14:30,MALE,NA,2018-02-26,Not_through_referral
1814,7/26/18 22:29,MALE,NA,1977-05-16,Not_through_referral
1815,7/28/18 18:10,MALE,NA,2018-07-14,Not_through_referral
1816,8/10/18 10:34,FEMALE,NA,1971-08-19,Not_through_referral
1817,8/7/18 13:52,MALE,NA,2018-08-07,Not_through_referral
1818,6/4/18 11:00,MALE,NA,2018-06-04,Installed_through_referral
1819,6/9/18 4:11,MALE,NA,1999-08-15,Not_through_referral
1820,6/6/18 23:01,FEMALE,NA,2018-06-06,Installed_through_referral
1821,6/9/18 17:21,MALE,NA,2018-06-09,Installed_through_referral
1822,6/15/18 8:38,MALE,NA,2018-03-28,Not_through_referral
1823,6/17/18 13:32,MALE,NA,2018-06-17,Not_through_referral
1824,6/18/18 19:01,MALE,NA,1995-10-22,Not_through_referral
1825,6/16/18 16:41,MALE,NA,1997-06-27,Not_through_referral
1826,6/18/18 23:59,MALE,NA,1983-03-28,Not_through_referral
1827,7/7/18 16:18,MALE,NA,1998-08-24,Not_through_referral
1828,7/10/18 10:42,MALE,NA,2000-06-03,Not_through_referral
1829,7/16/18 17:51,FEMALE,NA,1988-09-05,Not_through_referral
1830,7/18/18 15:59,MALE,NA,1995-07-29,Not_through_referral
1831,7/16/18 22:58,MALE,NA,1993-10-31,Installed_through_referral
1832,8/13/18 13:21,MALE,NA,1991-10-29,Installed_through_referral
1833,8/13/18 15:29,MALE,NA,1992-08-13,Installed_through_referral
1834,6/3/18 20:48,FEMALE,NA,2018-06-03,Installed_through_referral
1835,6/7/18 14:22,MALE,NA,1983-11-10,Not_through_referral
1836,6/25/18 16:38,MALE,NA,2018-06-25,Installed_through_referral
1837,7/2/18 16:58,FEMALE,NA,1997-10-02,Installed_through_referral
1838,7/10/18 18:47,MALE,NA,2018-07-10,Not_through_referral
1839,7/6/18 21:40,MALE,NA,1994-07-06,Installed_through_referral
1840,7/4/18 22:21,MALE,NA,1996-05-24,Not_through_referral
1841,7/16/18 22:50,MALE,NA,1988-11-09,Installed_through_referral
1842,7/16/18 15:15,MALE,NA,1985-06-12,Installed_through_referral
1843,7/19/18 1:05,MALE,NA,1998-01-03,Not_through_referral
1844,7/24/18 22:43,MALE,NA,1997-01-15,Not_through_referral
1845,8/9/18 21:31,MALE,NA,1992-12-28,Not_through_referral
1846,8/4/18 16:14,FEMALE,NA,1990-06-29,Not_through_referral
1847,6/16/18 10:49,MALE,NA,1967-02-25,Not_through_referral
1848,6/13/18 20:11,MALE,NA,1995-10-18,Not_through_referral
1849,6/22/18 17:20,FEMALE,NA,1999-11-25,Not_through_referral
1850,6/26/18 1:40,MALE,NA,2018-06-05,Not_through_referral
1851,6/25/18 18:14,MALE,NA,1999-06-13,Not_through_referral
1852,7/17/18 11:26,FEMALE,NA,2000-10-21,Not_through_referral
1853,7/24/18 14:36,FEMALE,NA,1992-08-07,Installed_through_referral
1854,7/27/18 13:27,MALE,NA,1998-07-15,Not_through_referral
1855,8/6/18 18:45,NA,NA,1900-01-00,Not_through_referral
1856,6/2/18 16:32,FEMALE,NA,1993-12-30,Not_through_referral
1857,6/11/18 11:43,MALE,NA,1998-01-05,Not_through_referral
1858,6/3/18 16:01,MALE,NA,1991-10-19,Not_through_referral
1859,6/7/18 19:23,FEMALE,NA,1994-05-10,Not_through_referral
1860,6/4/18 15:52,MALE,NA,2018-06-04,Installed_through_referral
1861,6/23/18 23:16,MALE,NA,1997-11-12,Not_through_referral
1862,7/18/18 20:11,FEMALE,NA,1993-03-19,Installed_through_referral
1863,7/25/18 11:53,MALE,NA,1995-01-20,Installed_through_referral
1864,8/7/18 17:43,FEMALE,NA,1993-08-07,Not_through_referral
1865,6/2/18 10:03,MALE,NA,1998-01-07,Installed_through_referral
1866,6/14/18 15:13,MALE,NA,1987-04-04,Installed_through_referral
1867,6/21/18 2:21,MALE,NA,1994-11-03,Not_through_referral
1868,6/20/18 12:13,MALE,NA,1993-09-16,Not_through_referral
1869,6/14/18 21:23,MALE,NA,2017-11-14,Not_through_referral
1870,6/17/18 11:10,MALE,NA,1992-08-23,Not_through_referral
1871,6/19/18 20:14,FEMALE,NA,2018-05-31,Not_through_referral
1872,6/23/18 10:36,MALE,NA,2018-06-23,Not_through_referral
1873,7/7/18 22:30,MALE,NA,1994-01-01,Installed_through_referral
1874,7/16/18 18:06,MALE,NA,2018-07-16,Not_through_referral
1875,7/25/18 13:39,MALE,NA,1996-03-25,Not_through_referral
1876,7/23/18 14:12,MALE,NA,1996-07-18,Not_through_referral
1877,7/28/18 16:45,FEMALE,NA,2017-05-10,Installed_through_referral
1878,7/26/18 10:31,MALE,NA,1995-06-09,Not_through_referral
1879,8/1/18 23:22,MALE,NA,1994-02-17,Not_through_referral
1880,8/9/18 15:01,MALE,NA,1999-09-06,Not_through_referral
1881,8/8/18 21:56,FEMALE,NA,1991-07-19,Not_through_referral
1882,8/4/18 19:51,FEMALE,NA,1999-09-27,Installed_through_referral
1883,8/23/18 19:11,FEMALE,NA,1974-04-28,Not_through_referral
1884,9/4/18 17:27,MALE,NA,1996-12-26,Installed_through_referral
1885,9/14/18 22:38,MALE,NA,1994-02-19,Not_through_referral
1886,9/22/18 10:11,MALE,NA,2000-12-28,Not_through_referral
1887,9/28/18 21:12,MALE,NA,2018-08-28,Not_through_referral
1888,8/22/18 20:36,FEMALE,NA,2000-08-22,Installed_through_referral
1889,9/16/18 14:32,FEMALE,NA,1999-08-28,Not_through_referral
1890,9/12/18 18:15,MALE,NA,1993-09-27,Not_through_referral
1891,8/25/18 12:38,MALE,NA,1993-10-27,Not_through_referral
1892,9/1/18 13:57,MALE,NA,1994-11-24,Not_through_referral
1893,9/1/18 12:43,MALE,NA,2002-07-16,Not_through_referral
1894,9/12/18 12:56,MALE,NA,1994-09-20,Not_through_referral
1895,9/25/18 12:23,MALE,NA,1957-10-09,Not_through_referral
1896,8/17/18 15:51,MALE,NA,2018-08-17,Installed_through_referral
1897,8/16/18 19:31,MALE,NA,1995-08-09,Not_through_referral
1898,8/21/18 1:25,FEMALE,NA,2018-08-11,Not_through_referral
1899,9/6/18 18:30,FEMALE,NA,2018-06-12,Not_through_referral
1900,8/27/18 14:23,FEMALE,NA,1997-10-19,Not_through_referral
1901,9/2/18 18:18,FEMALE,NA,1996-08-17,Not_through_referral
1902,9/8/18 10:23,MALE,NA,1989-04-02,Installed_through_referral
1903,9/21/18 0:48,MALE,NA,2014-01-30,Not_through_referral
1904,9/20/18 16:44,MALE,NA,1989-03-15,Not_through_referral
1905,8/20/18 11:03,MALE,NA,2000-07-12,Not_through_referral
1906,8/22/18 15:31,MALE,NA,1990-11-13,Not_through_referral
1907,8/17/18 17:30,MALE,NA,1997-03-12,Not_through_referral
1908,9/24/18 8:50,MALE,NA,1993-11-07,Not_through_referral
1909,8/19/18 16:27,MALE,NA,1995-04-12,Installed_through_referral
1910,8/15/18 19:14,MALE,NA,1987-11-09,Not_through_referral
1911,9/4/18 13:20,FEMALE,NA,1999-02-19,Installed_through_referral
1912,8/27/18 15:22,MALE,NA,1997-11-16,Not_through_referral
1913,8/27/18 21:31,FEMALE,NA,1992-09-07,Not_through_referral
1914,9/9/18 10:19,MALE,NA,1995-08-16,Not_through_referral
1915,8/18/18 21:18,MALE,NA,2018-03-29,Not_through_referral
1916,8/22/18 13:41,MALE,NA,1991-06-10,Installed_through_referral
1917,9/5/18 19:06,MALE,NA,1994-03-01,Not_through_referral
1918,9/1/18 0:25,FEMALE,NA,2000-09-01,Installed_through_referral
1919,9/8/18 11:06,MALE,NA,1997-09-09,Not_through_referral
1920,9/15/18 8:10,MALE,NA,2001-04-23,Not_through_referral
1921,8/27/18 16:12,MALE,NA,1990-08-27,Not_through_referral
1922,9/3/18 12:04,MALE,NA,2001-07-02,Not_through_referral
1923,9/8/18 12:28,MALE,NA,1980-03-10,Not_through_referral
1924,9/8/18 19:41,MALE,NA,2018-09-08,Not_through_referral
1925,9/25/18 12:00,MALE,NA,1998-11-04,Installed_through_referral
1926,8/16/18 16:57,MALE,NA,1997-03-12,Not_through_referral
1927,8/23/18 22:46,FEMALE,NA,2000-06-08,Installed_through_referral
1928,8/18/18 12:54,MALE,NA,1990-10-09,Not_through_referral
1929,8/19/18 10:19,MALE,NA,1963-08-04,Not_through_referral
1930,8/29/18 12:33,MALE,NA,1996-10-09,Not_through_referral
1931,9/20/18 21:59,MALE,NA,1993-02-23,Not_through_referral
1932,8/15/18 1:03,NA,NA,1900-01-00,Not_through_referral
1933,9/28/18 17:49,FEMALE,NA,1994-09-17,Installed_through_referral
1934,6/2/18 15:48,MALE,NA,2018-06-02,Installed_through_referral
1935,6/8/18 21:16,MALE,NA,1994-09-07,Not_through_referral
1936,6/14/18 16:42,MALE,NA,2018-06-14,Not_through_referral
1937,6/16/18 11:55,MALE,NA,2018-06-16,Not_through_referral
1938,6/17/18 18:08,MALE,NA,1999-06-12,Not_through_referral
1939,6/21/18 15:58,FEMALE,NA,1979-12-27,Installed_through_referral
1940,7/1/18 10:59,MALE,NA,1997-11-22,Not_through_referral
1941,6/27/18 22:10,MALE,NA,1989-06-23,Not_through_referral
1942,7/7/18 8:53,MALE,NA,2018-07-04,Not_through_referral
1943,7/11/18 16:46,MALE,NA,1989-03-20,Installed_through_referral
1944,7/16/18 12:22,MALE,NA,1999-11-26,Installed_through_referral
1945,8/3/18 14:25,MALE,NA,1994-08-01,Not_through_referral
1946,6/11/18 22:01,NA,NA,1900-01-00,Not_through_referral
1947,6/6/18 13:37,MALE,NA,1994-05-10,Not_through_referral
1948,6/18/18 16:22,MALE,NA,1991-03-17,Not_through_referral
1949,6/27/18 0:24,FEMALE,NA,1991-07-05,Installed_through_referral
1950,7/3/18 21:47,MALE,NA,1995-06-09,Installed_through_referral
1951,7/14/18 23:21,MALE,NA,1996-10-16,Installed_through_referral
1952,8/1/18 19:34,FEMALE,NA,1997-08-01,Not_through_referral
1953,7/26/18 22:27,MALE,NA,1997-08-09,Not_through_referral
1954,8/8/18 13:37,MALE,NA,1994-11-11,Not_through_referral
1955,8/4/18 17:29,FEMALE,NA,2018-08-04,Installed_through_referral
1956,8/8/18 9:58,FEMALE,NA,1965-09-25,Not_through_referral
1957,6/3/18 14:53,NA,NA,1900-01-00,Not_through_referral
1958,6/17/18 18:48,MALE,NA,1995-10-15,Not_through_referral
1959,6/18/18 10:39,MALE,NA,2018-06-18,Not_through_referral
1960,6/17/18 18:21,FEMALE,NA,1980-08-30,Not_through_referral
1961,6/17/18 12:40,MALE,NA,1995-03-04,Installed_through_referral
1962,6/28/18 19:16,MALE,NA,2018-06-28,Not_through_referral
1963,7/7/18 19:17,MALE,NA,1983-07-19,Not_through_referral
1964,7/10/18 18:20,MALE,NA,1995-07-08,Installed_through_referral
1965,7/2/18 17:41,MALE,NA,1991-04-16,Not_through_referral
1966,7/30/18 13:02,FEMALE,NA,2018-07-30,Installed_through_referral
1967,7/28/18 10:44,MALE,NA,2001-06-07,Not_through_referral
1968,8/4/18 17:40,MALE,NA,1998-02-24,Not_through_referral
1969,8/5/18 16:39,MALE,NA,1995-04-02,Installed_through_referral
1970,8/11/18 18:33,FEMALE,NA,1999-06-29,Installed_through_referral
1971,6/3/18 13:41,MALE,NA,1994-03-02,Installed_through_referral
1972,6/3/18 10:53,MALE,NA,1991-04-13,Not_through_referral
1973,6/16/18 12:18,MALE,NA,1993-09-16,Not_through_referral
1974,6/15/18 10:56,MALE,NA,2018-04-25,Not_through_referral
1975,6/17/18 22:45,MALE,NA,1993-06-17,Not_through_referral
1976,6/27/18 23:43,MALE,NA,1987-08-03,Installed_through_referral
1977,6/25/18 14:51,MALE,NA,2018-06-05,Not_through_referral
1978,7/11/18 8:51,MALE,NA,1994-04-08,Not_through_referral
1979,7/20/18 16:49,MALE,NA,1985-12-09,Installed_through_referral
1980,7/14/18 8:28,FEMALE,NA,1996-04-30,Installed_through_referral
1981,7/29/18 18:33,FEMALE,NA,1985-08-28,Installed_through_referral
1982,7/28/18 23:46,MALE,NA,1995-02-14,Installed_through_referral
1983,7/31/18 21:49,MALE,NA,1986-04-22,Not_through_referral
1984,7/30/18 12:48,MALE,NA,2018-06-10,Not_through_referral
1985,6/10/18 0:05,MALE,NA,1992-12-22,Installed_through_referral
1986,6/4/18 12:58,FEMALE,NA,1995-11-07,Not_through_referral
1987,6/11/18 18:59,FEMALE,NA,1994-11-14,Not_through_referral
1988,6/5/18 17:12,FEMALE,NA,1989-03-14,Not_through_referral
1989,6/18/18 22:21,MALE,NA,1995-07-25,Not_through_referral
1990,6/27/18 20:05,FEMALE,NA,1990-04-28,Not_through_referral
1991,6/29/18 21:41,MALE,NA,1989-12-08,Not_through_referral
1992,6/25/18 1:22,MALE,NA,1992-01-15,Not_through_referral
1993,7/3/18 18:09,MALE,NA,1991-08-23,Not_through_referral
1994,7/9/18 17:59,MALE,NA,2018-07-09,Not_through_referral
1995,7/11/18 10:34,MALE,NA,1998-05-27,Not_through_referral
1996,7/13/18 19:57,MALE,NA,1977-08-24,Not_through_referral
1997,7/17/18 23:48,MALE,NA,2000-03-28,Installed_through_referral
1998,7/24/18 14:17,MALE,NA,1999-08-06,Installed_through_referral
1999,8/13/18 19:57,FEMALE,NA,1984-01-23,Not_through_referral
2000,6/11/18 18:41,MALE,NA,2018-06-11,Not_through_referral
2001,6/25/18 23:51,MALE,NA,1992-05-10,Not_through_referral
2002,6/30/18 18:36,FEMALE,NA,1998-09-06,Not_through_referral
2003,6/30/18 21:21,MALE,NA,2018-03-09,Installed_through_referral
2004,6/24/18 18:27,FEMALE,NA,2018-06-19,Not_through_referral
2005,7/6/18 17:23,MALE,NA,2018-07-06,Installed_through_referral
2006,7/19/18 18:08,MALE,NA,1994-02-14,Not_through_referral
2007,7/20/18 15:32,MALE,NA,1995-07-18,Not_through_referral
2008,7/20/18 18:37,MALE,NA,1996-08-22,Installed_through_referral
2009,7/15/18 13:55,MALE,NA,1998-01-16,Not_through_referral
2010,8/1/18 16:46,MALE,NA,1993-08-15,Installed_through_referral
2011,7/29/18 15:00,FEMALE,NA,1997-07-18,Not_through_referral
2012,8/8/18 16:47,MALE,NA,1993-08-09,Installed_through_referral
2013,8/7/18 0:59,MALE,NA,2000-01-31,Not_through_referral
2014,8/14/18 19:29,MALE,NA,1996-11-09,Not_through_referral
2015,6/6/18 9:36,MALE,NA,1995-02-19,Not_through_referral
2016,6/8/18 16:32,MALE,NA,1979-11-17,Not_through_referral
2017,6/6/18 18:39,MALE,NA,1998-07-22,Not_through_referral
2018,6/12/18 19:42,FEMALE,NA,2001-11-15,Not_through_referral
2019,6/9/18 11:59,MALE,NA,1978-03-03,Not_through_referral
2020,6/17/18 13:44,MALE,NA,1966-08-26,Not_through_referral
2021,6/22/18 0:00,MALE,NA,1994-05-25,Installed_through_referral
2022,6/26/18 1:22,FEMALE,NA,1985-07-13,Installed_through_referral
2023,6/23/18 22:08,MALE,NA,1998-08-11,Not_through_referral
2024,7/17/18 17:18,MALE,NA,2018-07-17,Installed_through_referral
2025,7/18/18 15:10,FEMALE,NA,1996-05-31,Installed_through_referral
2026,7/26/18 15:09,MALE,NA,1997-06-25,Not_through_referral
2027,7/29/18 16:18,MALE,NA,1986-11-08,Not_through_referral
2028,8/1/18 16:12,MALE,NA,1997-02-08,Installed_through_referral
2029,7/28/18 17:26,FEMALE,NA,1989-05-18,Installed_through_referral
2030,7/29/18 22:34,MALE,NA,2000-09-28,Installed_through_referral
2031,8/5/18 23:32,FEMALE,NA,2018-04-05,Not_through_referral
2032,8/11/18 8:21,MALE,NA,1993-05-07,Installed_through_referral
2033,8/11/18 19:22,FEMALE,NA,1992-12-17,Installed_through_referral
2034,6/2/18 18:29,FEMALE,NA,1975-08-16,Not_through_referral
2035,6/6/18 19:00,FEMALE,NA,2018-06-06,Not_through_referral
2036,6/10/18 10:49,MALE,NA,1998-12-17,Installed_through_referral
2037,6/12/18 11:30,FEMALE,NA,1997-06-12,Installed_through_referral
2038,6/5/18 16:42,FEMALE,NA,1994-11-19,Not_through_referral
2039,6/22/18 17:29,MALE,NA,1991-06-18,Not_through_referral
2040,6/28/18 23:29,MALE,NA,2000-03-05,Not_through_referral
2041,6/30/18 21:31,MALE,NA,1990-04-13,Not_through_referral
2042,6/24/18 19:51,MALE,NA,2018-06-20,Not_through_referral
2043,7/3/18 12:18,MALE,NA,1982-06-03,Not_through_referral
2044,7/19/18 11:03,FEMALE,NA,1978-03-19,Not_through_referral
2045,7/16/18 19:09,MALE,NA,2018-05-21,Not_through_referral
2046,7/25/18 20:44,MALE,NA,1996-10-12,Installed_through_referral
2047,7/25/18 15:50,FEMALE,NA,2002-06-17,Not_through_referral
2048,7/25/18 19:37,MALE,NA,1992-06-24,Not_through_referral
2049,8/2/18 15:04,MALE,NA,2018-04-09,Not_through_referral
2050,8/11/18 18:08,MALE,NA,1999-01-12,Not_through_referral
2051,8/8/18 16:58,MALE,NA,1999-06-14,Not_through_referral
2052,6/2/18 18:25,MALE,NA,1987-10-09,Not_through_referral
2053,6/9/18 15:58,MALE,NA,2018-06-09,Installed_through_referral
2054,6/11/18 16:03,MALE,NA,1994-06-11,Not_through_referral
2055,6/9/18 17:13,MALE,NA,1992-04-01,Installed_through_referral
2056,6/8/18 14:12,MALE,NA,1992-08-28,Installed_through_referral
2057,6/15/18 22:59,MALE,NA,1996-06-19,Installed_through_referral
2058,6/28/18 19:56,MALE,NA,2000-09-26,Installed_through_referral
2059,7/3/18 14:13,FEMALE,NA,2018-07-03,Not_through_referral
2060,7/5/18 15:49,MALE,NA,1983-03-09,Not_through_referral
2061,7/11/18 20:46,MALE,NA,1991-08-09,Installed_through_referral
2062,7/25/18 18:25,MALE,NA,2018-07-16,Not_through_referral
2063,7/31/18 13:51,FEMALE,NA,1995-07-31,Not_through_referral
2064,8/11/18 12:14,FEMALE,NA,2018-07-23,Not_through_referral
2065,8/5/18 14:15,MALE,NA,1997-04-22,Not_through_referral
2066,8/9/18 21:02,MALE,NA,1997-09-24,Not_through_referral
2067,8/13/18 19:16,MALE,NA,1994-08-09,Not_through_referral
2068,6/5/18 0:25,MALE,NA,1995-10-29,Not_through_referral
2069,6/7/18 14:05,MALE,NA,1980-05-29,Not_through_referral
2070,6/4/18 19:41,MALE,NA,2018-06-04,Installed_through_referral
2071,6/4/18 22:01,FEMALE,NA,1990-12-02,Installed_through_referral
2072,6/6/18 17:26,MALE,NA,1991-12-06,Not_through_referral
2073,6/5/18 12:58,MALE,NA,1993-06-05,Installed_through_referral
2074,6/21/18 17:58,MALE,NA,1995-12-26,Installed_through_referral
2075,6/14/18 10:25,FEMALE,NA,1996-12-07,Not_through_referral
2076,6/18/18 19:56,MALE,NA,1994-02-27,Not_through_referral
2077,6/21/18 23:28,MALE,NA,1985-04-11,Installed_through_referral
2078,6/28/18 21:36,MALE,NA,1987-11-07,Not_through_referral
2079,6/30/18 15:14,MALE,NA,1996-09-08,Not_through_referral
2080,6/27/18 20:07,MALE,NA,1996-08-15,Installed_through_referral
2081,6/26/18 21:55,MALE,NA,1997-12-24,Not_through_referral
2082,7/3/18 20:03,MALE,NA,1985-07-28,Installed_through_referral
2083,7/4/18 19:23,MALE,NA,2018-07-04,Installed_through_referral
2084,7/15/18 16:40,FEMALE,NA,1998-04-02,Not_through_referral
2085,8/1/18 15:49,MALE,NA,1997-08-01,Installed_through_referral
2086,8/3/18 20:16,MALE,NA,2018-08-03,Not_through_referral
2087,8/8/18 10:14,MALE,NA,1993-11-12,Not_through_referral
2088,8/10/18 20:18,MALE,NA,1985-09-10,Installed_through_referral
2089,8/9/18 13:37,MALE,NA,1996-10-09,Not_through_referral
2090,8/16/18 1:03,MALE,NA,1996-06-13,Not_through_referral
2091,8/24/18 13:44,FEMALE,NA,1979-09-16,Not_through_referral
2092,8/23/18 16:26,FEMALE,NA,1984-09-20,Installed_through_referral
2093,9/5/18 13:38,FEMALE,NA,1999-07-05,Not_through_referral
2094,9/14/18 19:36,FEMALE,NA,1997-06-09,Not_through_referral
2095,9/14/18 12:03,MALE,NA,1994-09-14,Not_through_referral
2096,9/12/18 13:36,MALE,NA,2018-09-12,Installed_through_referral
2097,9/15/18 15:14,MALE,NA,1985-07-28,Installed_through_referral
2098,8/25/18 9:30,MALE,NA,1995-08-11,Not_through_referral
2099,8/17/18 14:38,FEMALE,NA,2018-08-17,Not_through_referral
2100,9/5/18 13:20,MALE,NA,2018-09-05,Installed_through_referral
2101,8/27/18 8:18,NA,NA,1900-01-00,Not_through_referral
2102,9/29/18 18:05,FEMALE,NA,1989-08-19,Not_through_referral
2103,8/25/18 12:58,MALE,NA,1992-11-24,Not_through_referral
2104,8/21/18 15:25,MALE,NA,2018-08-21,Installed_through_referral
2105,8/16/18 21:44,MALE,NA,1998-07-11,Installed_through_referral
2106,9/21/18 18:55,MALE,NA,1997-10-16,Not_through_referral
2107,9/18/18 19:55,FEMALE,NA,1993-05-29,Not_through_referral
2108,8/16/18 12:49,MALE,NA,1999-10-22,Installed_through_referral
2109,9/6/18 17:13,FEMALE,NA,1997-02-20,Not_through_referral
2110,9/14/18 23:09,FEMALE,NA,2018-09-02,Not_through_referral
2111,9/15/18 1:51,MALE,NA,2018-09-13,Not_through_referral
2112,8/17/18 16:57,FEMALE,NA,2018-08-17,Not_through_referral
2113,8/20/18 12:48,MALE,NA,1990-12-07,Not_through_referral
2114,9/17/18 21:50,MALE,NA,1999-10-19,Not_through_referral
2115,9/7/18 14:02,MALE,NA,1993-01-04,Installed_through_referral
2116,8/17/18 9:27,FEMALE,NA,2000-04-16,Not_through_referral
2117,8/18/18 19:27,MALE,NA,2018-07-09,Not_through_referral
2118,8/18/18 9:42,MALE,NA,2000-07-19,Not_through_referral
2119,8/25/18 15:19,FEMALE,NA,1995-12-12,Not_through_referral
2120,9/14/18 0:42,MALE,NA,2018-09-14,Not_through_referral
2121,8/22/18 16:13,FEMALE,NA,1994-03-16,Installed_through_referral
2122,8/16/18 15:51,MALE,NA,2000-05-03,Not_through_referral
2123,8/29/18 22:28,MALE,NA,1984-08-29,Not_through_referral
2124,9/2/18 22:21,FEMALE,NA,1990-11-13,Not_through_referral
2125,9/11/18 15:21,FEMALE,NA,1980-04-03,Not_through_referral
2126,9/15/18 0:28,FEMALE,NA,1994-09-16,Installed_through_referral
2127,9/14/18 20:37,MALE,NA,2010-11-17,Not_through_referral
2128,8/15/18 13:46,MALE,NA,2001-03-21,Not_through_referral
2129,8/22/18 5:09,MALE,NA,1996-07-26,Not_through_referral
2130,8/26/18 16:42,MALE,NA,1986-03-01,Not_through_referral
2131,9/1/18 3:04,MALE,NA,1966-12-19,Not_through_referral
2132,9/11/18 22:27,FEMALE,NA,1997-07-13,Not_through_referral
2133,8/18/18 20:12,MALE,NA,1997-12-30,Not_through_referral
2134,8/25/18 18:04,MALE,NA,2000-06-15,Installed_through_referral
2135,8/30/18 15:30,MALE,NA,1999-07-13,Installed_through_referral
2136,8/26/18 13:08,MALE,NA,1967-07-15,Not_through_referral
2137,8/27/18 7:58,FEMALE,NA,1997-09-24,Not_through_referral
2138,8/28/18 20:23,FEMALE,NA,2000-12-22,Installed_through_referral
2139,9/22/18 17:12,MALE,NA,1985-05-05,Not_through_referral
2140,8/14/18 21:25,FEMALE,NA,2017-12-23,Not_through_referral
2141,8/18/18 3:22,MALE,NA,1975-08-02,Installed_through_referral
2142,8/22/18 9:58,MALE,NA,2016-07-07,Not_through_referral
2143,9/4/18 7:25,MALE,NA,1997-10-21,Installed_through_referral
2144,9/5/18 14:25,MALE,NA,1997-02-17,Installed_through_referral
2145,6/10/18 19:48,MALE,NA,1991-01-28,Not_through_referral
2146,6/21/18 14:50,MALE,NA,1992-05-06,Not_through_referral
2147,6/28/18 17:23,MALE,NA,2016-06-03,Not_through_referral
2148,7/2/18 16:41,FEMALE,NA,2018-07-02,Installed_through_referral
2149,7/9/18 15:12,MALE,NA,1987-10-17,Not_through_referral
2150,7/17/18 22:06,MALE,NA,1988-05-11,Not_through_referral
2151,7/24/18 11:33,MALE,NA,2018-07-24,Not_through_referral
2152,6/11/18 15:26,MALE,NA,1996-11-18,Installed_through_referral
2153,6/16/18 11:13,MALE,NA,1964-11-27,Not_through_referral
2154,7/17/18 6:14,MALE,NA,1993-08-01,Not_through_referral
2155,7/30/18 23:33,MALE,NA,1998-12-03,Not_through_referral
2156,7/31/18 1:37,MALE,NA,2018-07-31,Installed_through_referral
2157,8/14/18 18:04,MALE,NA,2018-08-14,Not_through_referral
2158,8/12/18 16:06,MALE,NA,1994-07-14,Installed_through_referral
2159,8/11/18 22:59,MALE,NA,2018-03-21,Not_through_referral
2160,6/9/18 13:15,MALE,NA,1999-07-11,Not_through_referral
2161,6/9/18 18:41,MALE,NA,1997-01-06,Installed_through_referral
2162,6/7/18 20:52,MALE,NA,1997-05-24,Not_through_referral
2163,7/4/18 14:09,MALE,NA,1998-04-04,Not_through_referral
2164,7/7/18 14:01,MALE,NA,1990-02-01,Not_through_referral
2165,7/7/18 16:22,MALE,NA,1999-07-08,Not_through_referral
2166,7/13/18 13:09,MALE,NA,1994-08-04,Installed_through_referral
2167,7/19/18 12:33,MALE,NA,1994-11-05,Not_through_referral
2168,7/30/18 16:57,MALE,NA,2018-07-05,Not_through_referral
2169,8/4/18 18:04,FEMALE,NA,1998-06-14,Not_through_referral
2170,6/16/18 21:14,MALE,NA,1996-06-12,Installed_through_referral
2171,6/15/18 16:23,MALE,NA,1996-03-15,Not_through_referral
2172,6/24/18 17:42,MALE,NA,1991-05-09,Installed_through_referral
2173,7/29/18 16:37,MALE,NA,1999-01-25,Installed_through_referral
2174,7/27/18 0:36,MALE,NA,1998-02-11,Not_through_referral
2175,8/14/18 16:47,MALE,NA,2010-08-14,Installed_through_referral
2176,6/2/18 15:57,FEMALE,NA,1996-04-20,Not_through_referral
2177,6/6/18 16:34,MALE,NA,1985-05-13,Installed_through_referral
2178,6/19/18 0:46,MALE,NA,1997-09-10,Not_through_referral
2179,6/23/18 14:11,MALE,NA,1986-11-24,Not_through_referral
2180,7/25/18 21:43,MALE,NA,1993-05-02,Not_through_referral
2181,7/28/18 19:58,MALE,NA,1989-09-18,Not_through_referral
2182,8/10/18 13:55,MALE,NA,2018-08-10,Not_through_referral
2183,6/12/18 17:59,FEMALE,NA,1994-12-15,Installed_through_referral
2184,6/14/18 3:37,MALE,NA,1996-09-28,Not_through_referral
2185,6/15/18 9:49,MALE,NA,2003-01-26,Not_through_referral
2186,6/26/18 13:02,MALE,NA,1997-03-20,Not_through_referral
2187,7/11/18 20:37,FEMALE,NA,1996-10-18,Not_through_referral
2188,7/19/18 16:24,FEMALE,NA,1990-07-23,Installed_through_referral
2189,7/20/18 0:51,MALE,NA,2018-07-20,Installed_through_referral
2190,7/21/18 21:47,MALE,NA,2018-07-21,Not_through_referral
2191,8/5/18 20:50,MALE,NA,1990-08-05,Installed_through_referral
2192,6/2/18 16:56,MALE,NA,1996-08-17,Not_through_referral
2193,6/17/18 13:48,MALE,NA,1996-12-20,Not_through_referral
2194,7/30/18 15:38,MALE,NA,1998-07-24,Not_through_referral
2195,7/28/18 15:11,MALE,NA,1995-10-24,Not_through_referral
2196,7/26/18 0:31,MALE,NA,1997-07-18,Installed_through_referral
2197,8/11/18 19:16,MALE,NA,1989-09-08,Not_through_referral
2198,8/12/18 18:57,MALE,NA,1999-03-18,Not_through_referral
2199,6/20/18 16:17,MALE,NA,1995-08-25,Installed_through_referral
2200,6/21/18 2:49,FEMALE,NA,1994-05-27,Not_through_referral
2201,6/22/18 17:37,MALE,NA,1995-05-24,Not_through_referral
2202,6/28/18 17:25,MALE,NA,1992-06-17,Not_through_referral
2203,6/26/18 17:43,FEMALE,NA,2017-08-28,Not_through_referral
2204,6/30/18 13:46,MALE,NA,1990-03-22,Not_through_referral
2205,7/9/18 17:20,MALE,NA,1996-11-11,Not_through_referral
2206,7/15/18 19:50,MALE,NA,1995-07-12,Not_through_referral
2207,7/14/18 12:52,MALE,NA,1996-07-10,Not_through_referral
2208,7/15/18 17:03,MALE,NA,1990-11-16,Not_through_referral
2209,8/1/18 17:46,MALE,NA,1997-12-08,Installed_through_referral
2210,8/6/18 14:37,MALE,NA,1998-02-07,Not_through_referral
2211,6/25/18 11:29,MALE,NA,1976-01-19,Not_through_referral
2212,6/25/18 17:19,FEMALE,NA,1997-06-14,Not_through_referral
2213,7/2/18 10:52,MALE,NA,1993-10-06,Installed_through_referral
2214,7/17/18 20:12,FEMALE,NA,2012-05-20,Installed_through_referral
2215,7/17/18 19:17,MALE,NA,1990-08-05,Not_through_referral
2216,6/1/18 17:01,FEMALE,NA,2018-06-01,Not_through_referral
2217,6/9/18 18:04,MALE,NA,1989-08-17,Not_through_referral
2218,6/19/18 14:47,MALE,NA,1998-06-10,Installed_through_referral
2219,6/25/18 15:11,MALE,NA,2018-06-22,Not_through_referral
2220,6/29/18 23:21,MALE,NA,2017-09-27,Not_through_referral
2221,7/9/18 17:26,MALE,NA,2018-07-09,Installed_through_referral
2222,7/12/18 21:34,MALE,NA,1999-06-02,Not_through_referral
2223,7/15/18 12:54,MALE,NA,1987-10-25,Not_through_referral
2224,7/18/18 15:35,FEMALE,NA,1988-11-10,Installed_through_referral
2225,7/27/18 18:43,MALE,NA,1998-09-17,Installed_through_referral
2226,8/22/18 0:27,FEMALE,NA,1996-02-11,Installed_through_referral
2227,8/20/18 13:32,MALE,NA,1984-07-19,Not_through_referral
2228,9/2/18 22:16,MALE,NA,1983-07-06,Not_through_referral
2229,9/14/18 9:38,MALE,NA,1998-08-05,Not_through_referral
2230,9/4/18 17:55,FEMALE,NA,1983-09-13,Installed_through_referral
2231,9/14/18 22:33,MALE,NA,1990-04-19,Not_through_referral
2232,9/24/18 20:16,MALE,NA,1992-10-03,Not_through_referral
2233,8/21/18 19:56,MALE,NA,2018-08-21,Installed_through_referral
2234,8/31/18 1:18,MALE,NA,1993-11-07,Installed_through_referral
2235,9/16/18 11:54,MALE,NA,2018-09-16,Installed_through_referral
2236,8/15/18 8:59,MALE,NA,1997-12-26,Not_through_referral
2237,8/15/18 16:20,FEMALE,NA,1988-02-23,Not_through_referral
2238,8/23/18 22:15,MALE,NA,1992-09-10,Installed_through_referral
2239,8/27/18 9:46,MALE,NA,2018-08-27,Installed_through_referral
2240,9/24/18 18:54,FEMALE,NA,2018-09-20,Not_through_referral
2241,9/29/18 18:02,FEMALE,NA,1963-09-29,Not_through_referral
2242,8/20/18 0:57,MALE,NA,2018-04-30,Installed_through_referral
2243,8/16/18 11:27,MALE,NA,2018-08-07,Not_through_referral
2244,8/15/18 14:41,MALE,NA,2018-08-15,Not_through_referral
2245,8/26/18 9:43,MALE,NA,1986-09-08,Installed_through_referral
2246,8/25/18 23:30,MALE,NA,2018-08-25,Installed_through_referral
2247,9/21/18 22:51,NA,NA,1900-01-00,Not_through_referral
2248,8/24/18 14:51,MALE,NA,1996-05-15,Not_through_referral
2249,8/16/18 11:08,MALE,NA,1991-06-11,Installed_through_referral
2250,9/6/18 12:30,FEMALE,NA,1981-09-22,Not_through_referral
2251,9/7/18 22:36,MALE,NA,2018-09-07,Not_through_referral
2252,9/23/18 17:19,MALE,NA,1987-09-23,Not_through_referral
2253,9/22/18 17:28,MALE,NA,2018-09-22,Installed_through_referral
2254,8/29/18 19:22,FEMALE,NA,1994-06-21,Not_through_referral
2255,9/15/18 20:08,MALE,NA,1981-03-07,Not_through_referral
2256,9/7/18 16:34,MALE,NA,2018-09-07,Installed_through_referral
2257,8/20/18 17:31,MALE,NA,1994-11-27,Not_through_referral
2258,8/17/18 0:44,MALE,NA,2001-07-04,Not_through_referral
2259,9/28/18 16:21,MALE,NA,1995-09-05,Not_through_referral
2260,6/2/18 22:57,MALE,NA,1979-04-27,Not_through_referral
2261,6/8/18 13:50,MALE,NA,1970-06-09,Not_through_referral
2262,6/28/18 23:44,MALE,NA,1986-10-22,Not_through_referral
2263,7/25/18 21:51,MALE,NA,1982-04-30,Not_through_referral
2264,7/30/18 17:07,MALE,NA,2000-09-19,Not_through_referral
2265,6/1/18 17:52,MALE,NA,1992-08-11,Not_through_referral
2266,6/9/18 15:52,FEMALE,NA,1994-11-15,Not_through_referral
2267,6/8/18 12:27,MALE,NA,1990-08-12,Installed_through_referral
2268,6/6/18 15:19,MALE,NA,2018-06-06,Installed_through_referral
2269,6/7/18 12:08,FEMALE,NA,2018-06-07,Installed_through_referral
2270,6/7/18 23:31,MALE,NA,1989-08-18,Not_through_referral
2271,6/4/18 19:34,MALE,NA,2018-06-04,Installed_through_referral
2272,6/7/18 21:42,MALE,NA,1993-06-17,Installed_through_referral
2273,6/3/18 22:08,FEMALE,NA,2018-05-27,Not_through_referral
2274,6/17/18 17:53,MALE,NA,2018-06-08,Not_through_referral
2275,6/21/18 16:50,FEMALE,NA,1984-10-22,Installed_through_referral
2276,7/1/18 11:09,FEMALE,NA,2018-04-14,Not_through_referral
2277,7/8/18 0:01,FEMALE,NA,1998-07-08,Not_through_referral
2278,7/15/18 19:01,MALE,NA,1994-01-10,Not_through_referral
2279,8/10/18 23:23,MALE,NA,1984-05-16,Installed_through_referral
2280,8/11/18 19:07,MALE,NA,1999-12-09,Installed_through_referral
2281,8/11/18 22:18,NA,NA,1900-01-00,Not_through_referral
2282,6/19/18 23:59,FEMALE,NA,2016-07-25,Not_through_referral
2283,6/18/18 16:58,MALE,NA,2018-06-18,Not_through_referral
2284,6/22/18 3:07,MALE,NA,1993-09-24,Installed_through_referral
2285,6/22/18 14:47,FEMALE,NA,1994-06-22,Installed_through_referral
2286,7/25/18 16:41,MALE,NA,1999-07-25,Installed_through_referral
2287,7/23/18 0:07,MALE,NA,1995-02-02,Not_through_referral
2288,8/9/18 22:27,FEMALE,NA,1992-01-15,Not_through_referral
2289,6/6/18 22:15,FEMALE,NA,2018-05-21,Installed_through_referral
2290,6/13/18 18:31,FEMALE,NA,1988-06-07,Not_through_referral
2291,6/30/18 14:54,FEMALE,NA,2018-02-28,Not_through_referral
2292,6/26/18 0:00,MALE,NA,2018-06-26,Installed_through_referral
2293,7/7/18 14:57,MALE,NA,2018-07-01,Not_through_referral
2294,7/14/18 18:44,FEMALE,NA,2018-07-11,Not_through_referral
2295,7/13/18 10:19,MALE,NA,1982-03-31,Not_through_referral
2296,8/5/18 15:10,MALE,NA,2002-01-03,Not_through_referral
2297,6/18/18 11:59,MALE,NA,1991-05-29,Not_through_referral
2298,6/29/18 18:44,MALE,NA,1985-06-29,Not_through_referral
2299,7/12/18 17:55,MALE,NA,1999-09-21,Not_through_referral
2300,7/31/18 12:03,FEMALE,NA,2015-07-11,Not_through_referral
2301,7/28/18 18:16,MALE,NA,1994-03-04,Not_through_referral
2302,8/6/18 18:11,FEMALE,NA,1993-12-07,Installed_through_referral
2303,8/5/18 18:06,MALE,NA,1990-03-01,Not_through_referral
2304,6/3/18 1:54,FEMALE,NA,1983-04-06,Installed_through_referral
2305,6/2/18 21:28,MALE,NA,1999-07-06,Not_through_referral
2306,6/8/18 23:21,MALE,NA,1992-06-04,Not_through_referral
2307,6/14/18 15:41,FEMALE,NA,1999-12-28,Not_through_referral
2308,6/28/18 7:56,MALE,NA,1992-06-28,Not_through_referral
2309,6/27/18 11:53,MALE,NA,1997-06-25,Not_through_referral
2310,6/30/18 17:26,MALE,NA,1973-10-20,Not_through_referral
2311,6/29/18 19:09,MALE,NA,1998-04-20,Installed_through_referral
2312,6/22/18 14:12,MALE,NA,1974-05-12,Not_through_referral
2313,6/24/18 19:37,MALE,NA,1996-08-08,Not_through_referral
2314,6/28/18 17:19,MALE,NA,1980-01-01,Not_through_referral
2315,7/10/18 8:44,MALE,NA,1995-06-04,Not_through_referral
2316,7/2/18 11:01,MALE,NA,2018-07-02,Installed_through_referral
2317,7/9/18 15:16,FEMALE,NA,1997-11-11,Not_through_referral
2318,8/10/18 22:22,MALE,NA,2018-08-10,Not_through_referral
2319,8/8/18 9:24,MALE,NA,1998-07-31,Installed_through_referral
2320,6/4/18 0:51,FEMALE,NA,1988-12-27,Not_through_referral
2321,6/13/18 18:24,MALE,NA,1995-05-01,Installed_through_referral
2322,6/19/18 21:43,MALE,NA,1996-06-19,Installed_through_referral
2323,6/17/18 1:13,MALE,NA,2018-01-08,Not_through_referral
2324,6/24/18 11:44,MALE,NA,1989-11-21,Not_through_referral
2325,6/23/18 10:01,FEMALE,NA,1998-09-22,Not_through_referral
2326,7/15/18 22:47,FEMALE,NA,1990-03-18,Not_through_referral
2327,7/17/18 16:13,MALE,NA,1993-04-09,Not_through_referral
2328,7/16/18 19:01,MALE,NA,2018-07-16,Not_through_referral
2329,7/13/18 12:09,FEMALE,NA,1998-05-22,Not_through_referral
2330,7/15/18 16:00,MALE,NA,1994-03-02,Not_through_referral
2331,7/30/18 22:52,MALE,NA,1999-05-18,Installed_through_referral
2332,7/26/18 10:27,MALE,NA,1992-10-22,Not_through_referral
2333,8/9/18 17:17,MALE,NA,1989-05-11,Installed_through_referral
2334,6/17/18 13:05,MALE,NA,2018-06-03,Not_through_referral
2335,6/16/18 20:33,MALE,NA,1998-10-03,Installed_through_referral
2336,6/22/18 14:50,MALE,NA,1995-06-05,Not_through_referral
2337,7/23/18 11:54,FEMALE,NA,1981-11-16,Not_through_referral
2338,8/9/18 18:35,FEMALE,NA,1994-02-18,Not_through_referral
2339,6/5/18 20:28,MALE,NA,1992-07-10,Not_through_referral
2340,6/25/18 18:58,MALE,NA,2018-06-25,Installed_through_referral
2341,6/26/18 14:44,MALE,NA,2018-06-04,Not_through_referral
2342,7/7/18 23:35,FEMALE,NA,1991-11-07,Not_through_referral
2343,6/20/18 12:11,MALE,NA,2018-04-20,Not_through_referral
2344,7/12/18 15:02,MALE,NA,2018-07-12,Not_through_referral
2345,7/16/18 15:17,MALE,NA,1975-05-06,Not_through_referral
2346,7/22/18 11:32,MALE,NA,1997-01-31,Not_through_referral
2347,7/24/18 13:30,MALE,NA,1996-06-18,Installed_through_referral
2348,8/13/18 20:46,MALE,NA,2000-12-31,Not_through_referral
2349,9/3/18 21:51,MALE,NA,1994-07-22,Installed_through_referral
2350,8/20/18 16:20,MALE,NA,2018-08-20,Not_through_referral
2351,8/18/18 17:24,MALE,NA,1992-03-05,Not_through_referral
2352,8/18/18 22:17,FEMALE,NA,1988-03-02,Installed_through_referral
2353,8/30/18 20:47,MALE,NA,1995-08-08,Installed_through_referral
2354,8/30/18 14:34,MALE,NA,1995-10-19,Not_through_referral
2355,9/10/18 21:59,MALE,NA,2018-09-10,Not_through_referral
2356,8/23/18 10:34,FEMALE,NA,1997-11-22,Not_through_referral
2357,9/1/18 18:02,FEMALE,NA,1991-01-21,Not_through_referral
2358,8/31/18 10:06,FEMALE,NA,1985-07-11,Not_through_referral
2359,8/27/18 19:51,MALE,NA,1986-09-13,Installed_through_referral
2360,8/22/18 20:43,MALE,NA,2018-08-22,Not_through_referral
2361,9/3/18 17:00,MALE,NA,1997-11-15,Not_through_referral
2362,9/6/18 17:34,MALE,NA,2000-03-21,Installed_through_referral
2363,8/31/18 15:42,MALE,NA,1998-08-28,Not_through_referral
2364,8/19/18 14:01,MALE,NA,1999-06-02,Not_through_referral
2365,8/18/18 17:49,MALE,NA,1968-08-18,Not_through_referral
2366,9/19/18 21:50,MALE,NA,1997-06-04,Not_through_referral
2367,9/24/18 18:30,MALE,NA,1992-06-12,Not_through_referral
2368,8/24/18 15:38,MALE,NA,1993-01-30,Not_through_referral
2369,9/1/18 20:18,MALE,NA,1984-04-01,Not_through_referral
2370,8/31/18 22:19,MALE,NA,1995-01-03,Not_through_referral
2371,9/18/18 17:04,MALE,NA,1998-02-24,Installed_through_referral
2372,8/20/18 16:04,MALE,NA,1977-07-14,Not_through_referral
2373,8/17/18 14:57,FEMALE,NA,1999-05-12,Not_through_referral
2374,8/27/18 20:16,FEMALE,NA,2018-10-26,Not_through_referral
2375,9/10/18 0:42,MALE,NA,1997-07-19,Not_through_referral
2376,8/17/18 8:35,MALE,NA,2016-06-17,Not_through_referral
2377,8/24/18 22:33,MALE,NA,1998-08-01,Not_through_referral
2378,8/28/18 15:15,FEMALE,NA,1994-04-06,Installed_through_referral
2379,8/15/18 20:24,FEMALE,NA,1993-08-18,Installed_through_referral
2380,8/21/18 0:01,FEMALE,NA,1993-03-09,Not_through_referral
2381,9/9/18 21:07,MALE,NA,1984-07-13,Not_through_referral
2382,6/3/18 13:41,MALE,NA,1992-03-18,Not_through_referral
2383,6/10/18 13:31,FEMALE,NA,1995-02-03,Installed_through_referral
2384,6/20/18 20:13,MALE,NA,1995-01-01,Not_through_referral
2385,6/15/18 16:42,FEMALE,NA,2018-06-15,Not_through_referral
2386,6/28/18 20:25,MALE,NA,1998-04-08,Not_through_referral
2387,6/25/18 16:56,MALE,NA,1976-11-15,Not_through_referral
2388,7/2/18 19:01,FEMALE,NA,1980-06-26,Installed_through_referral
2389,7/6/18 14:57,MALE,NA,1996-03-24,Not_through_referral
2390,7/21/18 13:57,MALE,NA,1987-01-16,Not_through_referral
2391,7/27/18 19:15,MALE,NA,1982-05-03,Not_through_referral
2392,7/23/18 20:50,MALE,NA,1979-07-23,Installed_through_referral
2393,7/30/18 22:07,MALE,NA,1994-11-29,Not_through_referral
2394,8/11/18 0:56,MALE,NA,2000-03-05,Not_through_referral
2395,6/4/18 11:35,MALE,NA,1987-05-05,Installed_through_referral
2396,6/18/18 11:17,MALE,NA,1996-03-11,Installed_through_referral
2397,6/16/18 14:58,FEMALE,NA,2000-02-24,Not_through_referral
2398,6/29/18 15:09,MALE,NA,1991-06-09,Not_through_referral
2399,7/17/18 9:49,MALE,NA,2018-07-12,Not_through_referral
2400,7/26/18 21:56,MALE,NA,1987-07-02,Installed_through_referral
2401,8/5/18 16:29,MALE,NA,2018-08-05,Installed_through_referral
2402,8/6/18 10:20,MALE,NA,2017-07-28,Not_through_referral
2403,6/4/18 14:58,NA,NA,1900-01-00,Not_through_referral
2404,6/8/18 16:26,MALE,NA,1991-10-09,Not_through_referral
2405,6/18/18 18:23,MALE,NA,1992-01-08,Not_through_referral
2406,6/26/18 20:52,FEMALE,NA,2017-12-01,Installed_through_referral
2407,7/16/18 18:06,MALE,NA,1979-01-24,Not_through_referral
2408,7/31/18 15:05,MALE,NA,1999-07-26,Installed_through_referral
2409,7/29/18 19:35,MALE,NA,1969-03-22,Installed_through_referral
2410,8/13/18 12:25,FEMALE,NA,1998-10-27,Installed_through_referral
2411,6/17/18 16:16,MALE,NA,1992-11-03,Not_through_referral
2412,6/18/18 17:31,FEMALE,NA,1992-07-20,Not_through_referral
2413,6/29/18 11:18,MALE,NA,1994-01-23,Not_through_referral
2414,7/8/18 17:04,FEMALE,NA,2013-10-30,Not_through_referral
2415,7/3/18 20:24,NA,NA,1900-01-00,Not_through_referral
2416,7/7/18 19:30,MALE,NA,1992-10-15,Not_through_referral
2417,8/12/18 13:54,MALE,NA,2000-05-21,Not_through_referral
2418,6/10/18 11:55,FEMALE,NA,2002-09-22,Not_through_referral
2419,6/19/18 11:28,MALE,NA,1983-09-24,Not_through_referral
2420,6/25/18 18:45,FEMALE,NA,2018-06-25,Not_through_referral
2421,6/22/18 16:54,FEMALE,NA,1997-09-23,Installed_through_referral
2422,7/29/18 18:09,MALE,NA,2018-07-29,Not_through_referral
2423,8/3/18 15:09,MALE,NA,1996-04-14,Not_through_referral
2424,6/11/18 18:46,MALE,NA,2018-06-11,Not_through_referral
2425,6/11/18 10:03,MALE,NA,1987-05-01,Not_through_referral
2426,6/6/18 23:42,MALE,NA,1992-10-18,Not_through_referral
2427,6/17/18 2:08,FEMALE,NA,1989-05-17,Not_through_referral
2428,6/26/18 21:06,MALE,NA,2018-06-26,Not_through_referral
2429,7/6/18 17:01,MALE,NA,2018-07-06,Installed_through_referral
2430,7/14/18 18:59,FEMALE,NA,1984-07-14,Not_through_referral
2431,8/12/18 13:09,MALE,NA,1992-08-22,Not_through_referral
2432,6/1/18 11:57,MALE,NA,1991-07-09,Not_through_referral
2433,6/7/18 15:35,FEMALE,NA,1996-03-01,Not_through_referral
2434,6/10/18 19:53,FEMALE,NA,1997-02-24,Installed_through_referral
2435,6/8/18 7:48,MALE,NA,2001-04-30,Not_through_referral
2436,6/10/18 20:36,MALE,NA,1995-06-16,Not_through_referral
2437,6/21/18 22:33,MALE,NA,1982-10-23,Not_through_referral
2438,6/18/18 19:28,FEMALE,NA,2034-06-03,Not_through_referral
2439,6/24/18 14:19,FEMALE,NA,2016-06-07,Not_through_referral
2440,6/30/18 19:56,MALE,NA,1995-09-28,Not_through_referral
2441,7/1/18 18:07,MALE,NA,1985-01-20,Not_through_referral
2442,7/16/18 22:39,FEMALE,NA,1989-07-27,Not_through_referral
2443,7/29/18 19:08,FEMALE,NA,1984-09-05,Installed_through_referral
2444,6/20/18 15:04,FEMALE,NA,1998-11-11,Not_through_referral
2445,6/21/18 17:02,FEMALE,NA,2018-06-03,Not_through_referral
2446,6/22/18 19:11,FEMALE,NA,1993-09-14,Not_through_referral
2447,7/3/18 19:54,MALE,NA,2018-07-03,Installed_through_referral
2448,7/5/18 21:59,MALE,NA,1997-03-21,Not_through_referral
2449,7/2/18 18:20,MALE,NA,1995-10-07,Installed_through_referral
2450,8/5/18 11:52,MALE,NA,2018-05-24,Not_through_referral
2451,8/7/18 17:08,MALE,NA,1996-03-11,Not_through_referral
2452,6/9/18 21:28,MALE,NA,1994-01-26,Not_through_referral
2453,6/19/18 17:57,MALE,NA,1997-01-22,Installed_through_referral
2454,6/16/18 21:16,MALE,NA,1999-10-08,Not_through_referral
2455,7/17/18 8:56,MALE,NA,1998-12-22,Not_through_referral
2456,7/23/18 18:31,FEMALE,NA,1990-02-09,Not_through_referral
2457,7/31/18 21:09,MALE,NA,1987-05-19,Not_through_referral
2458,8/13/18 18:27,NA,NA,1900-01-00,Not_through_referral
2459,8/8/18 15:53,MALE,NA,2018-08-08,Installed_through_referral
2460,6/8/18 16:34,FEMALE,NA,2018-05-09,Not_through_referral
2461,6/10/18 17:43,FEMALE,NA,1988-10-22,Not_through_referral
2462,6/21/18 17:03,MALE,NA,1997-07-22,Installed_through_referral
2463,6/24/18 13:24,MALE,NA,1992-02-24,Installed_through_referral
2464,7/25/18 16:46,FEMALE,NA,1996-10-24,Not_through_referral
2465,8/8/18 15:37,FEMALE,NA,1987-04-05,Not_through_referral
2466,9/5/18 13:52,MALE,NA,2018-09-05,Not_through_referral
2467,9/13/18 22:19,FEMALE,NA,1993-09-16,Not_through_referral
2468,8/24/18 16:03,FEMALE,NA,1998-05-06,Installed_through_referral
2469,8/20/18 22:04,MALE,NA,1993-07-21,Not_through_referral
2470,8/21/18 11:01,MALE,NA,1991-12-08,Not_through_referral
2471,9/5/18 19:04,MALE,NA,1986-03-15,Not_through_referral
2472,8/17/18 23:18,MALE,NA,1994-01-27,Not_through_referral
2473,9/1/18 23:38,FEMALE,NA,1988-08-30,Installed_through_referral
2474,9/5/18 18:29,MALE,NA,1975-05-29,Installed_through_referral
2475,8/19/18 14:47,MALE,NA,2018-08-06,Installed_through_referral
2476,9/17/18 13:05,MALE,NA,1999-05-10,Installed_through_referral
2477,9/2/18 9:31,MALE,NA,1992-10-09,Not_through_referral
2478,8/22/18 21:04,NA,NA,1900-01-00,Not_through_referral
2479,8/15/18 13:31,MALE,NA,1999-10-31,Not_through_referral
2480,9/6/18 18:17,FEMALE,NA,1993-09-01,Not_through_referral
2481,9/10/18 17:21,MALE,NA,1993-01-04,Not_through_referral
2482,9/23/18 13:03,MALE,NA,2018-09-23,Installed_through_referral
2483,8/28/18 23:04,FEMALE,NA,2018-01-27,Not_through_referral
2484,8/31/18 7:48,FEMALE,NA,2018-08-05,Not_through_referral
2485,9/12/18 20:38,MALE,NA,2018-09-12,Installed_through_referral
2486,8/24/18 1:38,MALE,NA,1999-07-04,Not_through_referral
2487,8/20/18 13:44,MALE,NA,1996-06-05,Not_through_referral
2488,9/4/18 23:25,MALE,NA,2000-01-09,Installed_through_referral
2489,8/24/18 13:40,FEMALE,NA,2018-05-30,Not_through_referral
2490,8/25/18 14:19,MALE,NA,1968-09-06,Not_through_referral
2491,8/24/18 18:37,MALE,NA,2018-02-26,Not_through_referral
2492,9/14/18 14:04,MALE,NA,1987-09-14,Not_through_referral
2493,9/29/18 19:57,MALE,NA,1997-06-20,Not_through_referral
2494,6/2/18 19:04,MALE,NA,1987-05-11,Not_through_referral
2495,6/21/18 18:44,FEMALE,NA,1995-10-10,Not_through_referral
2496,6/18/18 17:45,MALE,NA,1985-06-18,Not_through_referral
2497,6/21/18 13:22,NA,NA,1900-01-00,Not_through_referral
2498,6/19/18 20:54,MALE,NA,1999-09-16,Not_through_referral
2499,6/22/18 22:55,FEMALE,NA,1980-07-04,Installed_through_referral
2500,6/24/18 16:47,FEMALE,NA,2000-02-11,Installed_through_referral
2501,7/2/18 18:19,MALE,NA,1986-10-31,Not_through_referral
2502,7/12/18 21:53,MALE,NA,1988-02-02,Not_through_referral
2503,8/2/18 14:29,MALE,NA,2018-08-02,Installed_through_referral
2504,6/3/18 12:47,MALE,NA,1992-03-27,Installed_through_referral
2505,6/8/18 20:46,MALE,NA,1973-05-10,Not_through_referral
2506,6/25/18 13:39,FEMALE,NA,1995-09-20,Not_through_referral
2507,6/25/18 22:33,MALE,NA,1997-08-01,Not_through_referral
2508,7/10/18 18:38,MALE,NA,1995-08-29,Not_through_referral
2509,7/5/18 20:22,FEMALE,NA,1989-12-22,Not_through_referral
2510,7/20/18 18:52,MALE,NA,2018-07-20,Not_through_referral
2511,7/21/18 16:39,FEMALE,NA,1990-12-13,Not_through_referral
2512,8/3/18 18:41,MALE,NA,1991-09-25,Installed_through_referral
2513,7/26/18 20:34,MALE,NA,1997-01-16,Installed_through_referral
2514,6/3/18 22:17,MALE,NA,1986-05-30,Not_through_referral
2515,6/18/18 18:37,MALE,NA,1995-10-11,Not_through_referral
2516,7/2/18 16:49,FEMALE,NA,1993-06-23,Not_through_referral
2517,7/15/18 11:24,MALE,NA,1990-07-15,Not_through_referral
2518,7/28/18 13:23,MALE,NA,2002-05-08,Installed_through_referral
2519,7/29/18 22:02,MALE,NA,1995-08-21,Not_through_referral
2520,8/10/18 22:40,MALE,NA,1995-08-07,Installed_through_referral
2521,6/2/18 18:19,MALE,NA,2018-06-02,Installed_through_referral
2522,6/3/18 18:54,MALE,NA,1996-05-08,Not_through_referral
2523,6/16/18 12:50,MALE,NA,2018-06-15,Installed_through_referral
2524,6/20/18 10:04,FEMALE,NA,1989-06-20,Not_through_referral
2525,7/6/18 19:10,MALE,NA,1992-12-31,Not_through_referral
2526,7/27/18 18:13,MALE,NA,2018-07-27,Not_through_referral
2527,8/10/18 10:13,MALE,NA,2000-07-03,Installed_through_referral
2528,8/13/18 19:04,FEMALE,NA,1981-05-17,Not_through_referral
2529,6/9/18 14:19,MALE,NA,2018-06-04,Installed_through_referral
2530,6/9/18 15:24,MALE,NA,1997-08-01,Not_through_referral
2531,7/9/18 17:18,MALE,NA,2018-07-09,Installed_through_referral
2532,7/14/18 18:19,MALE,NA,1993-02-16,Not_through_referral
2533,7/21/18 16:41,MALE,NA,2018-07-21,Not_through_referral
2534,8/2/18 20:12,MALE,NA,2018-07-28,Installed_through_referral
2535,7/30/18 18:48,MALE,NA,2018-07-30,Not_through_referral
2536,8/13/18 13:34,MALE,NA,1989-10-27,Installed_through_referral
2537,6/6/18 1:17,MALE,NA,1989-10-30,Installed_through_referral
2538,6/14/18 17:02,MALE,NA,1978-09-26,Installed_through_referral
2539,6/25/18 12:01,MALE,NA,1991-09-03,Not_through_referral
2540,7/2/18 19:16,MALE,NA,2000-04-24,Not_through_referral
2541,6/3/18 22:35,FEMALE,NA,1972-03-16,Installed_through_referral
2542,6/11/18 17:56,MALE,NA,1988-05-12,Not_through_referral
2543,6/30/18 16:02,MALE,NA,1988-05-11,Not_through_referral
2544,6/30/18 16:34,MALE,NA,1995-06-27,Not_through_referral
2545,7/1/18 17:26,FEMALE,NA,1980-05-02,Not_through_referral
2546,7/1/18 17:29,MALE,NA,1981-11-21,Not_through_referral
2547,7/14/18 20:42,MALE,NA,1993-01-02,Not_through_referral
2548,7/20/18 18:32,MALE,NA,1987-09-18,Not_through_referral
2549,7/27/18 16:24,MALE,NA,2018-07-04,Not_through_referral
2550,7/26/18 16:31,MALE,NA,1993-07-24,Not_through_referral
2551,7/25/18 12:50,MALE,NA,1994-08-08,Not_through_referral
2552,8/12/18 11:40,MALE,NA,2018-08-12,Not_through_referral
2553,8/13/18 17:21,MALE,NA,2018-08-13,Installed_through_referral
2554,8/6/18 19:54,MALE,NA,1980-02-18,Not_through_referral
2555,6/18/18 18:37,MALE,NA,1975-02-27,Not_through_referral
2556,6/22/18 15:28,MALE,NA,1995-07-14,Not_through_referral
2557,6/28/18 13:44,MALE,NA,1992-09-16,Not_through_referral
2558,6/29/18 18:06,MALE,NA,1992-07-28,Installed_through_referral
2559,6/22/18 12:42,FEMALE,NA,1987-07-17,Not_through_referral
2560,6/28/18 19:41,MALE,NA,2017-09-26,Installed_through_referral
2561,7/7/18 12:14,MALE,NA,2018-07-07,Not_through_referral
2562,7/7/18 19:39,MALE,NA,2018-07-01,Not_through_referral
2563,7/14/18 13:20,MALE,NA,1992-07-02,Not_through_referral
2564,7/18/18 22:24,MALE,NA,1999-05-10,Not_through_referral
2565,7/29/18 18:26,MALE,NA,1991-08-28,Installed_through_referral
2566,6/5/18 14:41,MALE,NA,1990-03-17,Not_through_referral
2567,6/8/18 21:20,MALE,NA,1993-04-10,Installed_through_referral
2568,6/19/18 23:30,MALE,NA,1998-03-21,Not_through_referral
2569,7/11/18 16:44,FEMALE,NA,1986-05-27,Not_through_referral
2570,7/8/18 16:21,MALE,NA,1985-04-16,Not_through_referral
2571,7/13/18 14:25,MALE,NA,2024-07-18,Not_through_referral
2572,7/25/18 14:39,FEMALE,NA,1998-07-25,Not_through_referral
2573,6/2/18 19:04,MALE,NA,1990-06-02,Not_through_referral
2574,6/4/18 12:45,MALE,NA,1985-06-04,Not_through_referral
2575,6/11/18 12:53,FEMALE,NA,2018-06-07,Installed_through_referral
2576,6/25/18 0:22,MALE,NA,2012-04-12,Not_through_referral
2577,7/7/18 12:18,MALE,NA,2000-01-24,Not_through_referral
2578,7/12/18 23:37,FEMALE,NA,1992-03-11,Installed_through_referral
2579,9/9/18 19:56,MALE,NA,1991-08-18,Not_through_referral
2580,9/13/18 18:21,FEMALE,NA,1999-06-01,Not_through_referral
2581,8/22/18 10:31,FEMALE,NA,2000-11-07,Installed_through_referral
2582,9/2/18 16:59,FEMALE,NA,1996-06-17,Not_through_referral
2583,9/19/18 18:12,MALE,NA,1997-09-30,Not_through_referral
2584,9/4/18 17:35,MALE,NA,1972-09-04,Installed_through_referral
2585,8/18/18 3:03,FEMALE,NA,1993-01-21,Installed_through_referral
2586,8/25/18 18:28,FEMALE,NA,2018-06-06,Not_through_referral
2587,8/20/18 22:04,MALE,NA,1959-08-15,Not_through_referral
2588,8/29/18 16:28,MALE,NA,1981-12-18,Not_through_referral
2589,8/17/18 20:03,MALE,NA,1998-07-02,Installed_through_referral
2590,9/5/18 14:44,FEMALE,NA,1996-06-07,Installed_through_referral
2591,8/27/18 17:13,MALE,NA,1981-04-04,Not_through_referral
2592,9/4/18 14:26,MALE,NA,1990-09-04,Installed_through_referral
2593,9/19/18 5:50,MALE,NA,1997-01-18,Not_through_referral
2594,8/22/18 17:57,MALE,NA,1999-02-20,Installed_through_referral
2595,8/26/18 11:37,MALE,NA,2018-08-26,Installed_through_referral
2596,8/20/18 16:01,FEMALE,NA,2018-09-12,Not_through_referral
2597,9/4/18 11:32,MALE,NA,1987-09-17,Not_through_referral
2598,9/18/18 1:35,MALE,NA,1992-09-09,Installed_through_referral
2599,8/29/18 15:07,MALE,NA,1993-12-26,Installed_through_referral
2600,8/27/18 16:38,MALE,NA,1995-08-08,Not_through_referral
2601,9/2/18 22:09,MALE,NA,1995-08-24,Not_through_referral
2602,9/9/18 11:17,FEMALE,NA,1989-08-15,Not_through_referral
2603,8/18/18 23:36,MALE,NA,1996-05-29,Not_through_referral
2604,9/2/18 19:33,MALE,NA,1990-10-19,Installed_through_referral
2605,9/5/18 16:25,MALE,NA,1975-01-30,Not_through_referral
2606,9/18/18 13:51,FEMALE,NA,1999-07-12,Not_through_referral
2607,6/7/18 18:36,FEMALE,NA,1982-11-06,Not_through_referral
2608,6/24/18 14:21,MALE,NA,1995-01-12,Not_through_referral
2609,7/4/18 19:15,MALE,NA,1991-04-12,Not_through_referral
2610,7/26/18 17:37,MALE,NA,1986-08-28,Installed_through_referral
2611,7/29/18 19:15,MALE,NA,2018-07-29,Not_through_referral
2612,8/10/18 22:26,MALE,NA,1998-09-04,Not_through_referral
2613,6/3/18 19:23,FEMALE,NA,1990-02-17,Installed_through_referral
2614,6/16/18 12:44,FEMALE,NA,1991-03-12,Installed_through_referral
2615,7/6/18 12:56,MALE,NA,2018-05-15,Not_through_referral
2616,7/14/18 21:45,MALE,NA,1997-12-24,Installed_through_referral
2617,7/14/18 17:50,MALE,NA,1988-03-17,Installed_through_referral
2618,7/31/18 23:18,MALE,NA,1982-07-01,Installed_through_referral
2619,7/23/18 13:17,MALE,NA,1981-10-23,Not_through_referral
2620,8/6/18 17:10,MALE,NA,1990-09-15,Not_through_referral
2621,8/8/18 20:16,MALE,NA,1976-08-06,Installed_through_referral
2622,8/4/18 20:13,MALE,NA,2018-08-04,Installed_through_referral
2623,6/11/18 23:20,FEMALE,NA,1992-04-12,Not_through_referral
2624,7/20/18 11:32,MALE,NA,1975-10-15,Not_through_referral
2625,7/26/18 18:56,MALE,NA,1985-03-08,Not_through_referral
2626,7/28/18 19:04,MALE,NA,2018-07-28,Not_through_referral
2627,8/12/18 16:18,MALE,NA,1994-10-05,Not_through_referral
2628,6/15/18 15:07,MALE,NA,2018-06-15,Installed_through_referral
2629,6/26/18 12:39,FEMALE,NA,2001-02-12,Not_through_referral
2630,7/14/18 14:22,MALE,NA,1973-12-04,Not_through_referral
2631,7/26/18 13:00,MALE,NA,2018-07-26,Installed_through_referral
2632,8/5/18 15:13,MALE,NA,1990-07-31,Not_through_referral
2633,6/22/18 6:02,MALE,NA,1985-01-06,Not_through_referral
2634,6/14/18 12:24,MALE,NA,1990-03-21,Not_through_referral
2635,6/21/18 1:45,MALE,NA,1996-12-21,Not_through_referral
2636,6/29/18 17:08,MALE,NA,1997-06-29,Not_through_referral
2637,7/3/18 15:54,FEMALE,NA,2017-01-01,Not_through_referral
2638,7/14/18 13:22,MALE,NA,1996-08-23,Not_through_referral
2639,7/15/18 15:26,FEMALE,NA,1991-08-12,Installed_through_referral
2640,7/23/18 20:06,MALE,NA,1994-12-04,Not_through_referral
2641,7/29/18 18:01,MALE,NA,1997-03-06,Not_through_referral
2642,7/25/18 20:08,MALE,NA,1994-12-30,Not_through_referral
2643,8/5/18 14:10,MALE,NA,1993-03-23,Not_through_referral
2644,6/4/18 22:41,MALE,NA,1998-07-01,Installed_through_referral
2645,6/8/18 23:16,MALE,NA,1985-03-25,Not_through_referral
2646,6/16/18 15:48,MALE,NA,1977-10-18,Not_through_referral
2647,6/20/18 10:47,FEMALE,NA,1971-02-21,Not_through_referral
2648,6/24/18 18:18,MALE,NA,1988-12-21,Installed_through_referral
2649,7/11/18 8:02,MALE,NA,1993-10-07,Not_through_referral
2650,7/21/18 13:43,FEMALE,NA,1991-07-31,Not_through_referral
2651,7/24/18 13:50,FEMALE,NA,1998-07-04,Installed_through_referral
2652,8/9/18 17:34,FEMALE,NA,1994-12-09,Installed_through_referral
2653,6/17/18 1:06,FEMALE,NA,1998-08-03,Installed_through_referral
2654,6/17/18 12:27,FEMALE,NA,2014-10-25,Installed_through_referral
2655,6/24/18 0:32,FEMALE,NA,1994-04-04,Installed_through_referral
2656,6/27/18 15:07,MALE,NA,2000-03-22,Not_through_referral
2657,7/10/18 14:49,FEMALE,NA,1990-04-13,Installed_through_referral
2658,7/18/18 12:44,MALE,NA,2000-06-20,Not_through_referral
2659,6/12/18 20:08,MALE,NA,1998-09-06,Not_through_referral
2660,6/12/18 20:07,MALE,NA,1996-11-28,Not_through_referral
2661,6/12/18 21:02,MALE,NA,1995-10-28,Installed_through_referral
2662,6/17/18 22:43,MALE,NA,2011-06-23,Not_through_referral
2663,6/25/18 11:03,MALE,NA,2018-06-09,Not_through_referral
2664,6/23/18 7:07,MALE,NA,1967-07-18,Not_through_referral
2665,6/26/18 6:42,MALE,NA,2018-01-12,Not_through_referral
2666,6/23/18 21:17,MALE,NA,1995-05-10,Not_through_referral
2667,6/29/18 23:40,MALE,NA,1994-06-30,Installed_through_referral
2668,7/16/18 8:27,MALE,NA,1993-07-02,Installed_through_referral
2669,7/30/18 22:05,MALE,NA,1999-12-13,Not_through_referral
2670,6/8/18 19:25,MALE,NA,2015-04-25,Installed_through_referral
2671,6/13/18 22:13,MALE,NA,1994-07-30,Not_through_referral
2672,7/16/18 23:54,MALE,NA,1988-08-28,Not_through_referral
2673,7/28/18 19:16,MALE,NA,1990-07-28,Not_through_referral
2674,6/8/18 11:56,MALE,NA,1991-06-21,Installed_through_referral
2675,6/15/18 19:27,FEMALE,NA,1991-01-15,Not_through_referral
2676,6/28/18 21:19,MALE,NA,1995-08-30,Not_through_referral
2677,7/5/18 16:31,MALE,NA,1991-08-07,Installed_through_referral
2678,7/10/18 23:04,FEMALE,NA,1983-11-02,Not_through_referral
2679,7/14/18 12:49,FEMALE,NA,2000-08-02,Installed_through_referral
2680,7/30/18 15:44,FEMALE,NA,1998-07-30,Not_through_referral
2681,8/29/18 17:35,MALE,NA,1992-02-17,Not_through_referral
2682,8/24/18 18:46,MALE,NA,1989-04-25,Installed_through_referral
2683,8/24/18 23:35,MALE,NA,1998-06-12,Not_through_referral
2684,8/22/18 12:52,MALE,NA,2018-07-23,Installed_through_referral
2685,9/2/18 12:37,MALE,NA,1998-08-17,Not_through_referral
2686,8/30/18 14:20,FEMALE,NA,2018-07-01,Not_through_referral
2687,9/15/18 21:09,MALE,NA,2000-11-08,Not_through_referral
2688,8/23/18 16:09,MALE,NA,1996-08-13,Installed_through_referral
2689,9/5/18 10:12,MALE,NA,1986-09-05,Not_through_referral
2690,9/12/18 17:11,MALE,NA,1983-04-26,Installed_through_referral
2691,8/20/18 10:33,MALE,NA,1995-05-06,Not_through_referral
2692,9/7/18 15:57,FEMALE,NA,1971-11-27,Not_through_referral
2693,9/23/18 18:07,MALE,NA,1994-03-19,Not_through_referral
2694,8/18/18 16:10,MALE,NA,1999-08-02,Not_through_referral
2695,9/10/18 13:27,NA,NA,1900-01-00,Not_through_referral
2696,9/10/18 14:22,FEMALE,NA,1986-02-08,Not_through_referral
2697,6/9/18 16:32,FEMALE,NA,1997-11-30,Not_through_referral
2698,6/4/18 20:50,MALE,NA,1988-02-13,Not_through_referral
2699,6/14/18 14:10,MALE,NA,1992-01-31,Installed_through_referral
2700,6/13/18 20:20,MALE,NA,1999-06-06,Not_through_referral
2701,6/24/18 17:40,FEMALE,NA,2018-04-04,Not_through_referral
2702,7/13/18 22:52,MALE,NA,1994-12-15,Not_through_referral
2703,7/30/18 16:01,MALE,NA,1985-07-07,Not_through_referral
2704,7/28/18 20:55,MALE,NA,2018-07-28,Not_through_referral
2705,7/26/18 16:29,MALE,NA,1995-02-11,Not_through_referral
2706,8/7/18 6:08,FEMALE,NA,1988-10-26,Installed_through_referral
2707,8/14/18 17:42,MALE,NA,1999-07-17,Installed_through_referral
2708,6/10/18 19:00,MALE,NA,1993-05-28,Not_through_referral
2709,6/19/18 15:09,FEMALE,NA,1995-09-06,Installed_through_referral
2710,6/17/18 22:14,MALE,NA,1997-01-08,Not_through_referral
2711,6/18/18 22:23,MALE,NA,2018-06-18,Not_through_referral
2712,6/15/18 22:44,FEMALE,NA,2016-07-11,Installed_through_referral
2713,6/18/18 8:19,MALE,NA,2001-09-29,Not_through_referral
2714,6/19/18 14:05,FEMALE,NA,1997-07-30,Not_through_referral
2715,6/27/18 14:25,MALE,NA,2018-06-27,Installed_through_referral
2716,7/4/18 16:13,FEMALE,NA,2018-07-04,Not_through_referral
2717,8/3/18 9:08,MALE,NA,2001-05-25,Installed_through_referral
2718,8/4/18 21:25,MALE,NA,1996-07-13,Not_through_referral
2719,6/4/18 23:02,MALE,NA,1990-10-21,Not_through_referral
2720,6/18/18 12:53,MALE,NA,2000-03-23,Not_through_referral
2721,6/14/18 14:18,MALE,NA,1996-06-14,Installed_through_referral
2722,6/21/18 20:47,FEMALE,NA,2000-06-21,Not_through_referral
2723,6/29/18 14:38,MALE,NA,1988-06-29,Not_through_referral
2724,7/16/18 12:58,MALE,NA,1976-05-18,Not_through_referral
2725,7/30/18 15:55,FEMALE,NA,1996-12-07,Not_through_referral
2726,8/13/18 16:09,FEMALE,NA,2003-08-18,Not_through_referral
2727,6/9/18 18:45,MALE,NA,1989-11-05,Not_through_referral
2728,6/8/18 16:09,FEMALE,NA,1997-06-19,Not_through_referral
2729,6/19/18 19:35,MALE,NA,1997-12-02,Not_through_referral
2730,6/14/18 20:21,MALE,NA,1994-09-14,Installed_through_referral
2731,7/14/18 21:11,MALE,NA,1997-06-19,Not_through_referral
2732,7/20/18 15:36,MALE,NA,2018-04-13,Not_through_referral
2733,7/24/18 14:56,MALE,NA,1997-03-22,Installed_through_referral
2734,7/30/18 20:38,MALE,NA,1991-08-04,Not_through_referral
2735,7/25/18 1:21,FEMALE,NA,1989-04-02,Not_through_referral
2736,6/3/18 11:27,FEMALE,NA,1995-05-30,Not_through_referral
2737,6/27/18 15:20,MALE,NA,1990-02-04,Not_through_referral
2738,8/3/18 19:50,MALE,NA,2000-01-01,Installed_through_referral
2739,7/29/18 20:12,MALE,NA,1993-12-27,Not_through_referral
2740,8/10/18 19:43,MALE,NA,2018-02-22,Installed_through_referral
2741,6/3/18 19:40,MALE,NA,2000-04-26,Not_through_referral
2742,6/15/18 17:24,MALE,NA,1997-06-15,Installed_through_referral
2743,6/30/18 10:59,MALE,NA,1977-03-07,Not_through_referral
2744,6/29/18 0:32,MALE,NA,2007-03-01,Not_through_referral
2745,6/24/18 16:23,MALE,NA,1989-10-09,Not_through_referral
2746,6/22/18 18:50,FEMALE,NA,1991-10-26,Not_through_referral
2747,6/24/18 16:49,FEMALE,NA,1993-09-15,Not_through_referral
2748,7/7/18 16:00,FEMALE,NA,1993-07-09,Not_through_referral
2749,7/7/18 18:03,MALE,NA,2018-04-20,Installed_through_referral
2750,7/20/18 13:37,MALE,NA,2010-05-12,Not_through_referral
2751,8/3/18 16:13,MALE,NA,2003-03-10,Not_through_referral
2752,7/23/18 6:37,MALE,NA,1994-01-02,Not_through_referral
2753,6/4/18 19:46,MALE,NA,1990-03-31,Not_through_referral
2754,6/21/18 11:01,MALE,NA,1995-10-23,Not_through_referral
2755,6/28/18 15:30,MALE,NA,1987-07-31,Installed_through_referral
2756,6/25/18 17:55,MALE,NA,2018-06-07,Installed_through_referral
2757,7/14/18 23:00,MALE,NA,1999-10-27,Installed_through_referral
2758,8/6/18 14:19,FEMALE,NA,1999-08-18,Not_through_referral
2759,6/16/18 16:36,MALE,NA,2018-02-10,Not_through_referral
2760,6/13/18 11:45,FEMALE,NA,1992-09-17,Not_through_referral
2761,7/11/18 10:37,MALE,NA,2000-01-25,Installed_through_referral
2762,7/13/18 18:42,MALE,NA,1973-07-21,Not_through_referral
2763,7/19/18 23:45,MALE,NA,2018-07-12,Not_through_referral
2764,8/5/18 14:18,FEMALE,NA,1992-04-27,Not_through_referral
2765,6/12/18 20:04,MALE,NA,1999-09-19,Installed_through_referral
2766,6/12/18 5:33,MALE,NA,2017-08-02,Not_through_referral
2767,6/24/18 19:35,FEMALE,NA,1973-07-13,Not_through_referral
2768,6/26/18 19:56,MALE,NA,1989-05-31,Installed_through_referral
2769,7/3/18 18:39,MALE,NA,1971-07-03,Installed_through_referral
2770,7/28/18 15:18,MALE,NA,1998-06-03,Installed_through_referral
2771,6/2/18 8:34,MALE,NA,1996-06-15,Not_through_referral
2772,6/9/18 11:58,MALE,NA,1984-06-09,Not_through_referral
2773,6/12/18 13:34,FEMALE,NA,1992-06-11,Not_through_referral
2774,6/16/18 18:16,FEMALE,NA,1996-02-14,Not_through_referral
2775,6/17/18 14:09,MALE,NA,1997-06-09,Not_through_referral
2776,6/17/18 19:41,MALE,NA,1989-05-06,Not_through_referral
2777,6/21/18 11:51,MALE,NA,1998-06-21,Installed_through_referral
2778,7/8/18 3:15,FEMALE,NA,1989-06-08,Not_through_referral
2779,8/2/18 18:04,MALE,NA,1986-10-15,Not_through_referral
2780,8/14/18 13:29,MALE,NA,1999-07-15,Not_through_referral
2781,8/9/18 18:03,FEMALE,NA,1998-08-26,Not_through_referral
2782,8/11/18 21:50,FEMALE,NA,1994-09-01,Installed_through_referral
2783,8/16/18 12:53,FEMALE,NA,1991-01-01,Not_through_referral
2784,8/23/18 21:56,MALE,NA,1995-08-17,Not_through_referral
2785,9/19/18 13:11,MALE,NA,1999-05-14,Installed_through_referral
2786,8/19/18 18:04,FEMALE,NA,1984-07-14,Not_through_referral
2787,8/20/18 21:34,FEMALE,NA,1999-11-16,Not_through_referral
2788,8/28/18 10:06,FEMALE,NA,1996-05-25,Not_through_referral
2789,8/20/18 13:13,MALE,NA,1990-04-26,Installed_through_referral
2790,8/27/18 22:52,MALE,NA,1996-04-18,Installed_through_referral
2791,8/24/18 14:59,FEMALE,NA,2005-03-23,Installed_through_referral
2792,8/17/18 9:42,FEMALE,NA,1997-09-19,Not_through_referral
2793,8/29/18 13:11,MALE,NA,1986-09-29,Installed_through_referral
2794,9/4/18 20:41,MALE,NA,1976-12-26,Not_through_referral
2795,9/8/18 6:53,MALE,NA,1988-02-26,Not_through_referral
2796,9/15/18 22:51,MALE,NA,1994-11-11,Not_through_referral
2797,9/11/18 16:08,FEMALE,NA,1982-06-28,Installed_through_referral
2798,9/8/18 12:26,MALE,NA,1999-12-03,Not_through_referral
2799,8/26/18 21:19,MALE,NA,1987-09-17,Not_through_referral
2800,9/11/18 12:07,MALE,NA,1997-10-14,Installed_through_referral
2801,9/11/18 14:43,FEMALE,NA,1995-12-19,Not_through_referral
2802,8/14/18 22:05,FEMALE,NA,1994-11-15,Not_through_referral
2803,8/18/18 8:20,MALE,NA,1993-02-15,Not_through_referral
2804,8/20/18 9:55,FEMALE,NA,2018-05-21,Not_through_referral
2805,8/28/18 17:00,FEMALE,NA,1999-08-19,Not_through_referral
2806,8/30/18 7:00,FEMALE,NA,1993-08-05,Not_through_referral
2807,9/4/18 20:00,MALE,NA,1992-04-08,Installed_through_referral
2808,9/16/18 16:07,MALE,NA,1990-10-13,Not_through_referral
2809,8/24/18 23:08,MALE,NA,1997-08-06,Not_through_referral
2810,8/25/18 14:05,MALE,NA,2018-08-23,Installed_through_referral
2811,8/24/18 19:07,MALE,NA,2018-08-24,Not_through_referral
2812,8/29/18 1:33,MALE,NA,1997-08-29,Installed_through_referral
2813,6/2/18 19:13,MALE,NA,1992-09-08,Not_through_referral
2814,6/12/18 16:26,FEMALE,NA,1983-09-13,Installed_through_referral
2815,7/6/18 19:02,MALE,NA,1989-04-25,Installed_through_referral
2816,7/1/18 15:20,MALE,NA,1992-06-10,Not_through_referral
2817,7/1/18 11:42,MALE,NA,1986-10-15,Not_through_referral
2818,6/24/18 6:46,MALE,NA,2018-02-02,Not_through_referral
2819,6/27/18 0:37,MALE,NA,1995-08-08,Not_through_referral
2820,6/28/18 2:52,FEMALE,NA,1997-04-02,Not_through_referral
2821,7/7/18 14:41,MALE,NA,2018-07-07,Not_through_referral
2822,8/1/18 12:14,MALE,NA,1987-01-05,Not_through_referral
2823,6/5/18 21:17,MALE,NA,1986-12-08,Not_through_referral
2824,6/21/18 19:11,MALE,NA,1996-10-07,Not_through_referral
2825,6/26/18 12:01,MALE,NA,1998-06-26,Not_through_referral
2826,7/6/18 15:22,MALE,NA,1998-03-02,Not_through_referral
2827,7/14/18 10:35,MALE,NA,1990-05-01,Not_through_referral
2828,7/22/18 19:59,MALE,NA,2000-08-07,Installed_through_referral
2829,6/5/18 11:35,MALE,NA,1996-08-21,Not_through_referral
2830,6/15/18 17:21,MALE,NA,1986-02-09,Not_through_referral
2831,6/16/18 20:48,MALE,NA,1986-07-02,Not_through_referral
2832,7/3/18 20:30,MALE,NA,1987-08-20,Not_through_referral
2833,7/5/18 14:03,MALE,NA,1987-05-30,Not_through_referral
2834,8/3/18 12:48,MALE,NA,2017-07-03,Not_through_referral
2835,8/9/18 17:41,MALE,NA,1998-11-29,Not_through_referral
2836,7/4/18 19:31,MALE,NA,2018-07-04,Installed_through_referral
2837,8/1/18 19:02,MALE,NA,1996-08-05,Not_through_referral
2838,7/24/18 13:20,MALE,NA,1981-10-02,Not_through_referral
2839,8/11/18 17:10,MALE,NA,1997-12-03,Installed_through_referral
2840,8/4/18 19:10,MALE,NA,2018-08-04,Not_through_referral
2841,6/8/18 17:53,MALE,NA,2018-05-31,Not_through_referral
2842,6/5/18 14:19,MALE,NA,1996-01-05,Not_through_referral
2843,6/6/18 9:24,MALE,NA,1996-05-04,Installed_through_referral
2844,6/18/18 1:18,FEMALE,NA,1987-07-07,Installed_through_referral
2845,7/3/18 18:34,MALE,NA,1996-05-25,Installed_through_referral
2846,7/24/18 19:18,MALE,NA,1999-06-26,Installed_through_referral
2847,8/3/18 1:57,MALE,NA,1992-11-28,Installed_through_referral
2848,8/8/18 21:26,MALE,NA,1992-05-15,Not_through_referral
2849,6/6/18 18:24,FEMALE,NA,1990-06-06,Not_through_referral
2850,6/5/18 17:39,FEMALE,NA,1996-01-21,Not_through_referral
2851,6/15/18 23:14,MALE,NA,1996-06-11,Installed_through_referral
2852,7/7/18 20:56,MALE,NA,2018-07-07,Not_through_referral
2853,7/13/18 14:14,MALE,NA,2001-04-13,Not_through_referral
2854,7/15/18 9:54,MALE,NA,1997-07-15,Installed_through_referral
2855,7/20/18 12:18,FEMALE,NA,1988-11-01,Not_through_referral
2856,7/23/18 21:43,MALE,NA,1993-08-28,Not_through_referral
2857,7/25/18 23:06,MALE,NA,1983-07-25,Not_through_referral
2858,7/29/18 20:01,MALE,NA,2000-09-29,Not_through_referral
2859,7/30/18 1:56,MALE,NA,1998-03-10,Not_through_referral
2860,6/14/18 9:58,MALE,NA,2018-06-10,Installed_through_referral
2861,6/24/18 18:48,MALE,NA,2018-06-24,Installed_through_referral
2862,6/26/18 9:43,MALE,NA,1994-04-30,Not_through_referral
2863,7/13/18 11:48,MALE,NA,1997-07-19,Not_through_referral
2864,7/29/18 21:37,FEMALE,NA,1998-03-06,Installed_through_referral
2865,7/27/18 13:07,FEMALE,NA,2018-07-27,Not_through_referral
2866,8/9/18 19:38,MALE,NA,1997-05-05,Installed_through_referral
2867,8/5/18 19:46,MALE,NA,1995-06-26,Not_through_referral
2868,6/2/18 11:20,MALE,NA,1995-05-13,Not_through_referral
2869,6/16/18 19:25,MALE,NA,1985-04-18,Installed_through_referral
2870,6/19/18 20:16,MALE,NA,1994-04-19,Not_through_referral
2871,6/29/18 18:49,MALE,NA,1985-10-22,Not_through_referral
2872,7/10/18 14:28,MALE,NA,2018-07-10,Installed_through_referral
2873,7/15/18 20:02,MALE,NA,2018-07-15,Not_through_referral
2874,8/9/18 11:28,FEMALE,NA,1999-01-13,Not_through_referral
2875,6/10/18 15:47,FEMALE,NA,1995-06-05,Not_through_referral
2876,6/7/18 4:46,MALE,NA,1999-01-01,Not_through_referral
2877,6/29/18 16:46,FEMALE,NA,1990-02-28,Not_through_referral
2878,6/25/18 18:39,MALE,NA,2018-06-25,Installed_through_referral
2879,6/26/18 1:22,MALE,NA,2018-06-26,Installed_through_referral
2880,7/6/18 15:12,MALE,NA,2018-07-05,Not_through_referral
2881,7/12/18 22:16,MALE,NA,2000-09-12,Installed_through_referral
2882,7/22/18 15:13,MALE,NA,2018-07-22,Not_through_referral
2883,8/13/18 17:37,MALE,NA,1969-07-07,Not_through_referral
2884,8/15/18 11:35,MALE,NA,1987-07-14,Not_through_referral
2885,8/25/18 16:44,FEMALE,NA,2018-04-10,Installed_through_referral
2886,8/14/18 21:57,MALE,NA,2018-08-04,Installed_through_referral
2887,8/31/18 11:26,FEMALE,NA,1998-08-31,Not_through_referral
2888,9/4/18 18:25,MALE,NA,1993-09-04,Not_through_referral
2889,9/9/18 15:51,FEMALE,NA,1988-09-09,Installed_through_referral
2890,9/1/18 12:15,MALE,NA,1993-07-20,Installed_through_referral
2891,9/10/18 14:12,FEMALE,NA,1998-01-26,Not_through_referral
2892,9/9/18 3:29,MALE,NA,1999-10-15,Not_through_referral
2893,9/9/18 20:26,MALE,NA,1991-09-06,Not_through_referral
2894,9/7/18 16:26,MALE,NA,1984-03-14,Not_through_referral
2895,9/23/18 14:14,MALE,NA,2002-10-11,Not_through_referral
2896,8/20/18 0:04,FEMALE,NA,1994-04-08,Not_through_referral
2897,9/9/18 1:42,MALE,NA,2000-08-03,Not_through_referral
2898,9/20/18 16:15,FEMALE,NA,1995-09-20,Installed_through_referral
2899,9/18/18 3:07,MALE,NA,1988-08-30,Not_through_referral
2900,9/26/18 9:29,MALE,NA,1999-07-19,Not_through_referral
2901,8/17/18 17:51,FEMALE,NA,2002-12-07,Not_through_referral
2902,8/29/18 12:10,MALE,NA,1990-08-18,Not_through_referral
2903,8/26/18 19:26,MALE,NA,1992-08-21,Installed_through_referral
2904,9/11/18 18:09,FEMALE,NA,2001-06-03,Installed_through_referral
2905,9/22/18 22:35,MALE,NA,1994-09-22,Not_through_referral
2906,9/23/18 18:51,MALE,NA,1994-09-29,Not_through_referral
2907,8/22/18 22:09,MALE,NA,2018-08-08,Not_through_referral
2908,9/4/18 11:03,MALE,NA,1991-06-06,Not_through_referral
2909,8/25/18 20:38,MALE,NA,2002-03-08,Installed_through_referral
2910,9/13/18 20:48,MALE,NA,1994-06-07,Not_through_referral
2911,9/29/18 13:19,MALE,NA,2018-09-29,Installed_through_referral
2912,8/15/18 15:07,MALE,NA,1993-07-08,Installed_through_referral
2913,9/15/18 0:09,FEMALE,NA,1964-06-04,Not_through_referral
2914,8/19/18 20:23,MALE,NA,1994-06-12,Not_through_referral
2915,8/28/18 14:17,MALE,NA,1997-10-29,Installed_through_referral
2916,9/9/18 23:54,MALE,NA,2018-09-10,Not_through_referral
2917,8/20/18 15:43,MALE,NA,1991-01-05,Installed_through_referral
2918,8/22/18 15:13,MALE,NA,1991-02-22,Installed_through_referral
2919,8/25/18 16:12,MALE,NA,1962-01-13,Not_through_referral
2920,8/29/18 21:41,MALE,NA,1991-01-21,Not_through_referral
2921,9/23/18 21:33,MALE,NA,1997-02-20,Not_through_referral
2922,9/18/18 17:37,MALE,NA,1996-09-18,Installed_through_referral
2923,8/30/18 16:56,MALE,NA,2000-12-16,Not_through_referral
2924,9/11/18 16:52,MALE,NA,2018-09-11,Installed_through_referral
2925,6/24/18 13:11,MALE,NA,1994-06-24,Installed_through_referral
2926,6/22/18 18:28,MALE,NA,1993-04-21,Not_through_referral
2927,7/10/18 16:59,MALE,NA,1994-04-13,Not_through_referral
2928,7/1/18 19:00,MALE,NA,1986-07-10,Not_through_referral
2929,7/30/18 17:41,MALE,NA,1978-07-24,Not_through_referral
2930,8/13/18 16:55,MALE,NA,1992-08-13,Not_through_referral
2931,6/9/18 14:16,MALE,NA,2018-06-09,Installed_through_referral
2932,6/22/18 18:07,MALE,NA,2018-06-22,Not_through_referral
2933,8/2/18 22:00,MALE,NA,1996-11-03,Installed_through_referral
2934,8/11/18 16:48,FEMALE,NA,1982-04-17,Not_through_referral
2935,8/5/18 11:38,MALE,NA,1997-10-10,Not_through_referral
2936,6/2/18 16:19,MALE,NA,2018-06-02,Not_through_referral
2937,6/7/18 13:54,MALE,NA,2018-06-07,Not_through_referral
2938,6/29/18 12:17,FEMALE,NA,1999-09-29,Not_through_referral
2939,6/30/18 21:14,MALE,NA,2008-10-28,Not_through_referral
2940,6/26/18 23:49,MALE,NA,2018-06-01,Not_through_referral
2941,7/2/18 15:12,MALE,NA,1994-01-27,Installed_through_referral
2942,7/11/18 9:05,FEMALE,NA,1999-05-21,Not_through_referral
2943,8/13/18 21:00,MALE,NA,2001-08-13,Not_through_referral
2944,8/4/18 16:07,FEMALE,NA,1998-07-22,Installed_through_referral
2945,6/11/18 14:52,MALE,NA,1987-12-09,Not_through_referral
2946,6/18/18 13:43,MALE,NA,1988-07-31,Installed_through_referral
2947,7/15/18 21:39,MALE,NA,1990-12-04,Not_through_referral
2948,7/29/18 22:18,MALE,NA,1987-10-02,Not_through_referral
2949,6/6/18 16:26,MALE,NA,1993-01-02,Not_through_referral
2950,6/24/18 16:26,MALE,NA,1992-01-16,Not_through_referral
2951,6/26/18 20:43,FEMALE,NA,1990-01-29,Not_through_referral
2952,7/9/18 19:58,MALE,NA,1997-06-29,Not_through_referral
2953,7/11/18 15:25,MALE,NA,1993-12-11,Not_through_referral
2954,7/21/18 15:14,FEMALE,NA,1986-03-22,Installed_through_referral
2955,7/20/18 15:17,NA,NA,1900-01-00,Not_through_referral
2956,7/24/18 19:55,NA,NA,1900-01-00,Not_through_referral
2957,8/12/18 1:53,MALE,NA,1998-10-10,Not_through_referral
2958,8/5/18 17:53,MALE,NA,1985-01-01,Not_through_referral
2959,8/10/18 9:39,MALE,NA,1989-12-29,Not_through_referral
2960,6/12/18 18:47,MALE,NA,1978-11-01,Not_through_referral
2961,6/8/18 14:38,MALE,NA,1994-04-08,Not_through_referral
2962,6/17/18 8:09,FEMALE,NA,1988-11-19,Not_through_referral
2963,6/19/18 20:33,MALE,NA,1990-11-04,Not_through_referral
2964,6/27/18 23:10,FEMALE,NA,2018-08-04,Not_through_referral
2965,7/2/18 18:03,MALE,NA,1994-01-26,Installed_through_referral
2966,8/9/18 15:15,MALE,NA,1992-08-25,Not_through_referral
2967,6/26/18 19:22,MALE,NA,1990-06-26,Not_through_referral
2968,6/30/18 22:53,MALE,NA,1987-07-05,Not_through_referral
2969,6/23/18 18:27,MALE,NA,2018-06-23,Not_through_referral
2970,7/2/18 19:50,MALE,NA,2000-04-28,Installed_through_referral
2971,7/4/18 13:56,FEMALE,NA,1995-10-24,Installed_through_referral
2972,7/11/18 18:29,FEMALE,NA,1996-10-02,Not_through_referral
2973,7/13/18 15:30,MALE,NA,2018-07-09,Installed_through_referral
2974,7/14/18 8:44,MALE,NA,1992-02-14,Not_through_referral
2975,7/20/18 12:33,MALE,NA,2018-07-20,Not_through_referral
2976,7/16/18 20:18,FEMALE,NA,1995-03-26,Not_through_referral
2977,7/27/18 21:03,MALE,NA,1969-07-28,Installed_through_referral
2978,8/3/18 22:00,MALE,NA,2018-08-01,Not_through_referral
2979,6/4/18 14:19,MALE,NA,2018-06-04,Not_through_referral
2980,6/8/18 21:27,FEMALE,NA,1995-09-22,Not_through_referral
2981,6/3/18 18:37,FEMALE,NA,1996-07-26,Installed_through_referral
2982,6/7/18 19:48,MALE,NA,1990-10-22,Not_through_referral
2983,6/13/18 0:32,MALE,NA,2018-06-13,Installed_through_referral
2984,7/9/18 9:24,MALE,NA,1995-03-20,Installed_through_referral
2985,7/5/18 13:32,MALE,NA,1993-07-05,Installed_through_referral
2986,7/7/18 15:21,FEMALE,NA,1991-06-01,Not_through_referral
2987,7/24/18 14:38,MALE,NA,2018-02-06,Not_through_referral
2988,7/25/18 11:36,MALE,NA,2018-07-25,Not_through_referral
2989,8/9/18 18:18,MALE,NA,2018-08-09,Installed_through_referral
2990,8/11/18 16:08,MALE,NA,2018-08-11,Installed_through_referral
2991,6/12/18 13:29,MALE,NA,1990-08-27,Not_through_referral
2992,6/12/18 21:18,FEMALE,NA,2018-06-07,Not_through_referral
2993,6/30/18 19:30,MALE,NA,2018-03-08,Installed_through_referral
2994,7/6/18 18:51,MALE,NA,2018-07-05,Not_through_referral
2995,7/21/18 8:44,FEMALE,NA,1997-11-18,Not_through_referral
2996,8/9/18 12:45,FEMALE,NA,1996-01-17,Not_through_referral
2997,6/4/18 18:43,MALE,NA,1987-05-21,Not_through_referral
2998,6/10/18 15:22,MALE,NA,1992-11-21,Not_through_referral
2999,6/12/18 22:50,MALE,NA,1994-03-17,Not_through_referral
3000,6/4/18 15:30,MALE,NA,2001-05-18,Installed_through_referral
3001,6/24/18 18:19,MALE,NA,1993-09-30,Installed_through_referral
3002,6/25/18 21:53,MALE,NA,1976-05-09,Not_through_referral
3003,6/30/18 15:25,FEMALE,NA,1991-08-13,Not_through_referral
3004,7/2/18 18:36,MALE,NA,1992-07-18,Installed_through_referral
3005,7/4/18 11:25,FEMALE,NA,1999-03-16,Not_through_referral
3006,7/8/18 14:34,MALE,NA,1979-04-14,Not_through_referral
3007,7/12/18 16:13,MALE,NA,1977-11-24,Installed_through_referral
3008,7/14/18 19:25,MALE,NA,1999-09-24,Not_through_referral
3009,8/2/18 20:17,MALE,NA,1995-10-24,Installed_through_referral
3010,8/2/18 14:54,FEMALE,NA,2018-08-02,Not_through_referral
3011,8/15/18 9:38,MALE,NA,1992-08-10,Not_through_referral
3012,8/22/18 13:37,MALE,NA,2018-04-05,Installed_through_referral
3013,8/25/18 19:39,MALE,NA,1985-08-02,Not_through_referral
3014,9/29/18 12:59,MALE,NA,1997-10-10,Installed_through_referral
3015,8/24/18 14:03,MALE,NA,1997-09-16,Not_through_referral
3016,8/27/18 16:57,MALE,NA,2001-09-24,Installed_through_referral
3017,8/31/18 12:52,MALE,NA,1982-06-15,Not_through_referral
3018,8/28/18 20:27,MALE,NA,1979-12-04,Not_through_referral
3019,9/18/18 13:17,MALE,NA,1983-05-29,Not_through_referral
3020,9/25/18 15:17,FEMALE,NA,1996-01-26,Not_through_referral
3021,9/28/18 20:20,MALE,NA,2018-09-28,Installed_through_referral
3022,8/15/18 12:29,FEMALE,NA,1999-08-11,Installed_through_referral
3023,8/18/18 10:32,MALE,NA,2018-08-08,Not_through_referral
3024,8/24/18 22:42,MALE,NA,1993-08-25,Installed_through_referral
3025,9/12/18 16:38,MALE,NA,1989-06-06,Installed_through_referral
3026,9/28/18 21:46,MALE,NA,1976-11-13,Installed_through_referral
3027,9/24/18 11:17,FEMALE,NA,1996-08-22,Not_through_referral
3028,8/18/18 21:46,MALE,NA,1995-08-09,Installed_through_referral
3029,8/21/18 20:32,MALE,NA,2018-08-21,Installed_through_referral
3030,8/24/18 20:16,MALE,NA,1998-08-24,Not_through_referral
3031,8/22/18 21:49,MALE,NA,2000-09-26,Installed_through_referral
3032,9/4/18 14:05,FEMALE,NA,1991-03-18,Installed_through_referral
3033,9/23/18 11:55,FEMALE,NA,1997-04-14,Not_through_referral
3034,9/27/18 21:18,FEMALE,NA,1998-02-07,Not_through_referral
3035,6/9/18 2:23,MALE,NA,1990-03-13,Not_through_referral
3036,6/13/18 17:22,FEMALE,NA,1992-06-17,Not_through_referral
3037,6/18/18 23:15,MALE,NA,2003-06-18,Not_through_referral
3038,6/30/18 14:19,MALE,NA,1997-07-25,Not_through_referral
3039,7/3/18 19:04,MALE,NA,2018-07-03,Not_through_referral
3040,7/18/18 14:21,MALE,NA,1986-02-18,Not_through_referral
3041,8/2/18 12:04,MALE,NA,2000-01-21,Not_through_referral
3042,7/29/18 17:00,MALE,NA,2017-07-20,Not_through_referral
3043,6/16/18 19:31,MALE,NA,1997-10-16,Installed_through_referral
3044,6/27/18 14:25,MALE,NA,1989-08-14,Not_through_referral
3045,6/23/18 22:47,MALE,NA,2014-06-10,Not_through_referral
3046,7/3/18 19:44,MALE,NA,1987-12-18,Not_through_referral
3047,7/14/18 17:03,MALE,NA,2018-07-14,Installed_through_referral
3048,7/15/18 16:41,NA,NA,1900-01-00,Not_through_referral
3049,8/3/18 14:04,MALE,NA,1991-08-03,Not_through_referral
3050,6/1/18 15:40,MALE,NA,2001-09-23,Not_through_referral
3051,6/11/18 19:43,FEMALE,NA,1991-08-21,Not_through_referral
3052,6/13/18 4:35,MALE,NA,1996-09-24,Not_through_referral
3053,6/15/18 16:05,FEMALE,NA,2000-09-07,Not_through_referral
3054,6/25/18 19:30,MALE,NA,2018-06-25,Installed_through_referral
3055,6/26/18 21:40,FEMALE,NA,2015-12-25,Not_through_referral
3056,6/27/18 13:37,MALE,NA,2018-06-27,Installed_through_referral
3057,7/7/18 13:16,MALE,NA,2018-07-07,Not_through_referral
3058,7/20/18 19:22,MALE,NA,1995-04-05,Not_through_referral
3059,7/12/18 20:17,FEMALE,NA,1988-07-08,Installed_through_referral
3060,6/6/18 8:31,MALE,NA,1991-07-19,Installed_through_referral
3061,6/10/18 13:27,MALE,NA,2047-06-10,Not_through_referral
3062,6/9/18 21:12,MALE,NA,1990-02-03,Not_through_referral
3063,7/11/18 18:02,MALE,NA,2018-07-11,Installed_through_referral
3064,7/6/18 13:54,MALE,NA,1989-08-16,Not_through_referral
3065,7/15/18 18:56,FEMALE,NA,1991-04-23,Not_through_referral
3066,7/27/18 13:46,MALE,NA,1992-07-27,Not_through_referral
3067,6/13/18 19:49,MALE,NA,1983-06-07,Not_through_referral
3068,6/24/18 14:34,FEMALE,NA,2017-12-18,Not_through_referral
3069,6/25/18 19:40,MALE,NA,2018-06-19,Not_through_referral
3070,7/23/18 12:32,MALE,NA,2018-07-08,Installed_through_referral
3071,8/1/18 18:41,MALE,NA,2018-08-01,Not_through_referral
3072,8/9/18 17:10,MALE,NA,2018-08-09,Installed_through_referral
3073,6/9/18 19:50,MALE,NA,1989-07-20,Not_through_referral
3074,6/14/18 17:17,MALE,NA,1998-01-31,Not_through_referral
3075,6/22/18 16:24,MALE,NA,2018-06-22,Not_through_referral
3076,6/23/18 19:34,MALE,NA,1990-06-27,Not_through_referral
3077,7/16/18 9:50,NA,NA,1900-01-00,Not_through_referral
3078,7/30/18 16:19,MALE,NA,2000-05-05,Not_through_referral
3079,6/12/18 12:08,FEMALE,NA,1968-04-06,Not_through_referral
3080,6/10/18 11:15,MALE,NA,1999-04-12,Not_through_referral
3081,6/18/18 15:48,MALE,NA,1993-06-18,Not_through_referral
3082,6/15/18 17:57,MALE,NA,1996-06-12,Not_through_referral
3083,6/14/18 20:26,MALE,NA,1995-03-19,Installed_through_referral
3084,6/17/18 19:39,MALE,NA,2018-06-17,Not_through_referral
3085,6/30/18 12:32,MALE,NA,2018-03-07,Not_through_referral
3086,6/30/18 20:18,MALE,NA,2018-06-18,Not_through_referral
3087,6/27/18 11:08,MALE,NA,2018-06-19,Installed_through_referral
3088,7/24/18 11:24,MALE,NA,2018-07-10,Not_through_referral
3089,6/11/18 19:06,FEMALE,NA,1974-11-30,Not_through_referral
3090,6/11/18 19:23,MALE,NA,1982-06-18,Not_through_referral
3091,6/10/18 16:23,MALE,NA,1994-01-15,Installed_through_referral
3092,6/17/18 19:36,FEMALE,NA,1988-11-17,Not_through_referral
3093,6/14/18 22:18,MALE,NA,1992-04-14,Installed_through_referral
3094,6/25/18 16:06,MALE,NA,1991-04-06,Installed_through_referral
3095,6/30/18 15:15,MALE,NA,2018-06-30,Not_through_referral
3096,7/4/18 19:41,MALE,NA,2018-07-04,Installed_through_referral
3097,7/19/18 11:36,MALE,NA,1998-07-19,Installed_through_referral
3098,7/29/18 17:54,MALE,NA,1985-11-23,Installed_through_referral
3099,7/24/18 15:31,FEMALE,NA,1992-03-12,Not_through_referral
3100,8/6/18 14:46,MALE,NA,2018-08-06,Installed_through_referral
3101,6/6/18 10:29,FEMALE,NA,1993-05-18,Not_through_referral
3102,6/12/18 18:50,MALE,NA,1992-02-19,Not_through_referral
3103,6/8/18 11:42,MALE,NA,1992-01-08,Installed_through_referral
3104,6/20/18 19:12,MALE,NA,2018-06-20,Installed_through_referral
3105,7/2/18 9:33,MALE,NA,1998-03-29,Not_through_referral
3106,7/8/18 21:09,MALE,NA,2001-12-21,Not_through_referral
3107,8/2/18 13:31,FEMALE,NA,1997-08-21,Not_through_referral
3108,8/12/18 22:15,MALE,NA,1993-09-09,Not_through_referral
3109,8/4/18 18:39,MALE,NA,1988-10-20,Not_through_referral
3110,6/26/18 12:12,MALE,NA,1992-11-10,Not_through_referral
3111,6/22/18 14:31,FEMALE,NA,1989-07-15,Installed_through_referral
3112,7/8/18 18:43,FEMALE,NA,2018-07-08,Not_through_referral
3113,8/3/18 17:53,MALE,NA,2017-12-26,Not_through_referral
3114,7/31/18 17:51,MALE,NA,1992-01-08,Not_through_referral
3115,7/29/18 19:22,MALE,NA,1989-08-19,Installed_through_referral
3116,8/7/18 16:34,MALE,NA,1995-12-02,Installed_through_referral
3117,8/8/18 10:49,MALE,NA,1997-03-25,Not_through_referral
3118,8/28/18 18:43,MALE,NA,2018-08-28,Not_through_referral
3119,8/26/18 12:19,MALE,NA,2018-08-26,Installed_through_referral
3120,8/25/18 22:03,FEMALE,NA,1990-10-17,Installed_through_referral
3121,9/5/18 8:15,MALE,NA,1988-07-14,Not_through_referral
3122,9/1/18 17:24,MALE,NA,2000-04-08,Not_through_referral
3123,9/21/18 16:57,MALE,NA,1994-06-24,Not_through_referral
3124,9/7/18 21:40,MALE,NA,1988-08-15,Not_through_referral
3125,9/10/18 19:49,MALE,NA,2018-09-10,Not_through_referral
3126,9/8/18 16:27,MALE,NA,2010-01-15,Installed_through_referral
3127,8/29/18 2:44,FEMALE,NA,2018-08-29,Installed_through_referral
3128,9/2/18 20:25,FEMALE,NA,1999-11-30,Installed_through_referral
3129,9/4/18 13:04,MALE,NA,1990-10-29,Installed_through_referral
3130,9/2/18 16:11,MALE,NA,1996-07-11,Not_through_referral
3131,9/26/18 15:48,MALE,NA,1982-05-11,Not_through_referral
3132,8/26/18 19:15,MALE,NA,2017-02-02,Not_through_referral
3133,8/17/18 19:03,FEMALE,NA,2018-08-17,Not_through_referral
3134,8/30/18 22:56,MALE,NA,1990-06-10,Not_through_referral
3135,9/5/18 18:04,MALE,NA,2018-09-05,Installed_through_referral
3136,9/17/18 17:06,MALE,NA,1996-05-20,Installed_through_referral
3137,9/27/18 18:04,MALE,NA,1997-01-25,Not_through_referral
3138,9/12/18 18:55,MALE,NA,2018-09-12,Installed_through_referral
3139,8/24/18 9:59,FEMALE,NA,2018-08-09,Not_through_referral
3140,8/18/18 18:43,MALE,NA,1990-09-01,Installed_through_referral
3141,8/24/18 0:40,FEMALE,NA,2008-10-15,Installed_through_referral
3142,8/28/18 21:41,MALE,NA,1982-10-16,Not_through_referral
3143,9/18/18 11:10,MALE,NA,1994-09-09,Not_through_referral
3144,8/25/18 18:36,MALE,NA,2018-08-15,Installed_through_referral
3145,8/17/18 18:43,MALE,NA,1996-02-15,Not_through_referral
3146,8/31/18 14:03,MALE,NA,1984-10-01,Installed_through_referral
3147,6/2/18 16:13,MALE,NA,1993-04-27,Not_through_referral
3148,6/11/18 17:49,MALE,NA,1999-04-21,Installed_through_referral
3149,6/7/18 19:07,MALE,NA,1985-01-25,Not_through_referral
3150,6/12/18 2:15,MALE,NA,1993-07-10,Not_through_referral
3151,6/20/18 14:20,MALE,NA,1984-12-01,Not_through_referral
3152,6/13/18 17:52,FEMALE,NA,2018-06-13,Not_through_referral
3153,6/13/18 19:26,MALE,NA,1989-09-30,Not_through_referral
3154,6/30/18 20:54,MALE,NA,1997-05-20,Not_through_referral
3155,6/22/18 13:47,MALE,NA,1991-05-10,Not_through_referral
3156,6/25/18 13:06,MALE,NA,1995-08-01,Not_through_referral
3157,7/28/18 15:17,MALE,NA,1994-03-10,Installed_through_referral
3158,6/4/18 16:13,MALE,NA,2003-05-27,Not_through_referral
3159,6/15/18 19:37,MALE,NA,1987-12-30,Not_through_referral
3160,6/18/18 7:26,MALE,NA,1995-12-19,Not_through_referral
3161,6/18/18 17:17,FEMALE,NA,1987-09-24,Not_through_referral
3162,6/25/18 20:37,MALE,NA,1989-12-20,Not_through_referral
3163,7/9/18 17:07,MALE,NA,2018-07-03,Not_through_referral
3164,8/3/18 22:55,MALE,NA,1998-09-08,Not_through_referral
3165,8/12/18 22:53,FEMALE,NA,1995-12-25,Installed_through_referral
3166,6/2/18 20:19,FEMALE,NA,2018-06-02,Installed_through_referral
3167,6/7/18 16:52,FEMALE,NA,1996-09-17,Not_through_referral
3168,6/16/18 20:28,MALE,NA,1996-07-28,Not_through_referral
3169,6/19/18 15:24,MALE,NA,2018-06-12,Not_through_referral
3170,6/23/18 19:43,MALE,NA,1989-06-16,Installed_through_referral
3171,7/2/18 12:58,MALE,NA,1988-11-19,Installed_through_referral
3172,7/2/18 17:52,MALE,NA,1994-01-28,Not_through_referral
3173,8/8/18 22:57,MALE,NA,1994-12-03,Not_through_referral
3174,6/28/18 16:21,MALE,NA,2018-06-28,Installed_through_referral
3175,6/27/18 12:15,FEMALE,NA,1989-11-15,Not_through_referral
3176,6/27/18 0:06,MALE,NA,1978-06-03,Installed_through_referral
3177,7/5/18 14:42,MALE,NA,2018-05-19,Not_through_referral
3178,7/21/18 12:18,FEMALE,NA,1994-10-27,Not_through_referral
3179,7/26/18 19:21,FEMALE,NA,1999-07-31,Not_through_referral
3180,7/26/18 14:00,MALE,NA,1990-06-27,Not_through_referral
3181,6/3/18 19:54,FEMALE,NA,1970-01-14,Not_through_referral
3182,6/6/18 16:24,MALE,NA,1990-08-06,Not_through_referral
3183,6/22/18 10:16,MALE,NA,1999-12-01,Installed_through_referral
3184,6/24/18 17:12,MALE,NA,1986-10-15,Not_through_referral
3185,7/23/18 20:01,MALE,NA,1994-11-03,Not_through_referral
3186,8/6/18 18:02,MALE,NA,2018-08-06,Not_through_referral
3187,6/11/18 12:38,MALE,NA,1994-01-10,Not_through_referral
3188,6/10/18 20:03,FEMALE,NA,1996-03-27,Not_through_referral
3189,6/21/18 16:51,MALE,NA,2018-05-25,Not_through_referral
3190,6/16/18 17:19,MALE,NA,1978-02-16,Not_through_referral
3191,6/29/18 0:12,FEMALE,NA,1999-01-04,Not_through_referral
3192,6/26/18 19:59,MALE,NA,1997-07-13,Installed_through_referral
3193,7/7/18 17:02,MALE,NA,2018-04-20,Installed_through_referral
3194,8/14/18 12:37,MALE,NA,1991-07-01,Not_through_referral
3195,6/4/18 16:11,MALE,NA,1998-11-16,Installed_through_referral
3196,6/13/18 19:42,MALE,NA,1983-07-03,Not_through_referral
3197,7/7/18 14:46,MALE,NA,1995-08-18,Not_through_referral
3198,7/8/18 10:26,MALE,NA,1991-09-02,Not_through_referral
3199,7/11/18 20:00,MALE,NA,1993-10-09,Not_through_referral
3200,7/16/18 15:52,FEMALE,NA,1989-03-08,Not_through_referral
3201,7/24/18 13:30,MALE,NA,1991-08-06,Installed_through_referral
3202,8/14/18 17:41,MALE,NA,1992-06-04,Not_through_referral
3203,6/13/18 13:23,MALE,NA,1993-04-20,Not_through_referral
3204,6/15/18 16:28,FEMALE,NA,1991-10-09,Not_through_referral
3205,6/30/18 19:13,MALE,NA,2018-06-30,Installed_through_referral
3206,6/23/18 23:37,MALE,NA,1989-02-02,Not_through_referral
3207,6/29/18 16:01,MALE,NA,1983-06-20,Not_through_referral
3208,7/8/18 16:18,FEMALE,NA,1990-10-04,Not_through_referral
3209,7/6/18 11:28,MALE,NA,2000-05-17,Installed_through_referral
3210,8/4/18 13:17,FEMALE,NA,1999-06-27,Not_through_referral
3211,6/14/18 12:21,MALE,NA,1993-08-21,Not_through_referral
3212,6/17/18 17:41,MALE,NA,1990-05-29,Installed_through_referral
3213,7/12/18 17:45,MALE,NA,1995-01-24,Installed_through_referral
3214,7/30/18 19:06,NA,NA,1900-01-00,Not_through_referral
3215,6/7/18 22:31,MALE,NA,1994-05-29,Installed_through_referral
3216,6/25/18 22:20,MALE,NA,2012-05-01,Installed_through_referral
3217,6/25/18 14:08,MALE,NA,1997-01-24,Not_through_referral
3218,6/23/18 20:21,FEMALE,NA,1989-12-22,Not_through_referral
3219,7/10/18 15:13,FEMALE,NA,1951-02-27,Not_through_referral
3220,7/5/18 13:14,NA,NA,1900-01-00,Not_through_referral
3221,7/13/18 13:03,MALE,NA,1997-05-02,Not_through_referral
3222,8/7/18 18:16,MALE,NA,2018-08-07,Not_through_referral
3223,9/8/18 12:20,FEMALE,NA,1989-02-22,Not_through_referral
3224,8/25/18 14:39,MALE,NA,2018-08-20,Not_through_referral
3225,8/23/18 13:57,MALE,NA,1997-04-17,Not_through_referral
3226,8/15/18 16:44,MALE,NA,1996-08-21,Not_through_referral
3227,8/26/18 20:21,FEMALE,NA,1990-11-18,Not_through_referral
3228,9/17/18 11:43,FEMALE,NA,2001-06-04,Not_through_referral
3229,8/17/18 21:01,MALE,NA,2010-05-16,Not_through_referral
3230,8/26/18 23:36,MALE,NA,1997-07-22,Installed_through_referral
3231,8/30/18 18:50,FEMALE,NA,2001-03-01,Not_through_referral
3232,9/15/18 19:21,MALE,NA,1987-10-13,Installed_through_referral
3233,9/20/18 12:40,FEMALE,NA,1998-06-07,Not_through_referral
3234,8/15/18 22:33,MALE,NA,1971-08-15,Installed_through_referral
3235,8/21/18 14:55,MALE,NA,2018-08-17,Not_through_referral
3236,8/23/18 15:04,FEMALE,NA,1995-08-23,Not_through_referral
3237,8/25/18 16:58,FEMALE,NA,1995-10-16,Not_through_referral
3238,8/15/18 15:14,MALE,NA,2018-08-15,Installed_through_referral
3239,8/16/18 20:01,MALE,NA,1990-01-15,Installed_through_referral
3240,9/12/18 1:11,MALE,NA,1996-05-23,Not_through_referral
3241,8/27/18 23:23,MALE,NA,1989-09-12,Not_through_referral
3242,9/21/18 11:34,MALE,NA,1999-02-03,Not_through_referral
3243,9/25/18 9:30,MALE,NA,1991-06-23,Not_through_referral
3244,8/25/18 19:05,MALE,NA,1992-01-03,Not_through_referral
3245,9/4/18 20:21,MALE,NA,1993-01-02,Not_through_referral
3246,9/2/18 19:43,FEMALE,NA,1995-10-11,Installed_through_referral
3247,9/6/18 19:45,MALE,NA,1990-09-17,Installed_through_referral
3248,8/27/18 22:47,MALE,NA,1987-03-04,Not_through_referral
3249,9/10/18 21:04,FEMALE,NA,1980-08-11,Not_through_referral
3250,9/23/18 18:50,MALE,NA,1992-05-07,Not_through_referral
3251,8/25/18 18:44,FEMALE,NA,1989-03-07,Installed_through_referral
3252,9/1/18 21:27,MALE,NA,1999-01-19,Not_through_referral
3253,9/18/18 7:43,MALE,NA,1997-09-19,Not_through_referral
3254,7/13/18 0:06,MALE,NA,1991-12-27,Not_through_referral
3255,7/21/18 13:10,MALE,NA,2015-02-10,Not_through_referral
3256,7/17/18 21:35,MALE,NA,1992-06-01,Not_through_referral
3257,7/26/18 14:22,MALE,NA,1990-07-26,Not_through_referral
3258,8/12/18 16:01,MALE,NA,1993-12-12,Not_through_referral
3259,8/6/18 20:08,FEMALE,NA,1990-01-13,Not_through_referral
3260,6/9/18 16:26,MALE,NA,2013-06-04,Not_through_referral
3261,6/4/18 2:54,FEMALE,NA,1998-06-04,Installed_through_referral
3262,6/5/18 19:30,MALE,NA,1983-01-26,Not_through_referral
3263,6/28/18 19:20,FEMALE,NA,1990-12-30,Not_through_referral
3264,7/18/18 21:25,NA,NA,1900-01-00,Not_through_referral
3265,7/21/18 17:43,MALE,NA,1994-06-09,Installed_through_referral
3266,8/12/18 15:15,MALE,NA,1995-08-08,Installed_through_referral
3267,6/21/18 11:55,MALE,NA,1999-08-06,Not_through_referral
3268,6/26/18 18:02,MALE,NA,1988-11-05,Not_through_referral
3269,7/9/18 16:12,FEMALE,NA,1995-05-10,Installed_through_referral
3270,7/3/18 21:31,MALE,NA,1996-09-05,Not_through_referral
3271,7/29/18 22:58,MALE,NA,1996-10-27,Not_through_referral
3272,8/4/18 18:24,MALE,NA,1987-08-22,Not_through_referral
3273,8/10/18 10:35,FEMALE,NA,1982-12-07,Not_through_referral
3274,8/10/18 19:45,MALE,NA,1998-08-28,Installed_through_referral
3275,6/6/18 21:52,FEMALE,NA,1993-04-19,Not_through_referral
3276,7/4/18 14:22,FEMALE,NA,2012-08-22,Not_through_referral
3277,7/10/18 16:30,FEMALE,NA,1997-12-03,Not_through_referral
3278,7/11/18 12:46,FEMALE,NA,2001-01-01,Not_through_referral
3279,7/25/18 21:33,FEMALE,NA,1989-07-01,Not_through_referral
3280,8/8/18 15:02,MALE,NA,2018-08-08,Installed_through_referral
3281,8/6/18 21:24,MALE,NA,1994-06-04,Installed_through_referral
3282,6/9/18 19:30,NA,NA,1900-01-00,Not_through_referral
3283,6/9/18 22:24,FEMALE,NA,1996-05-20,Not_through_referral
3284,6/16/18 14:32,MALE,NA,2018-06-16,Not_through_referral
3285,6/14/18 22:12,MALE,NA,1998-03-26,Installed_through_referral
3286,6/23/18 10:32,MALE,NA,1979-10-24,Not_through_referral
3287,7/2/18 16:15,MALE,NA,1994-06-25,Not_through_referral
3288,7/20/18 21:32,MALE,NA,1984-02-19,Not_through_referral
3289,7/30/18 1:53,MALE,NA,1992-08-20,Not_through_referral
3290,6/3/18 20:01,MALE,NA,1972-06-09,Not_through_referral
3291,6/15/18 11:54,FEMALE,NA,2009-01-17,Not_through_referral
3292,6/26/18 19:39,MALE,NA,1986-09-03,Not_through_referral
3293,6/24/18 19:00,MALE,NA,1999-11-09,Installed_through_referral
3294,7/10/18 20:56,MALE,NA,2013-01-18,Not_through_referral
3295,7/14/18 19:20,NA,NA,1900-01-00,Not_through_referral
3296,7/13/18 11:37,FEMALE,NA,1994-09-19,Installed_through_referral
3297,8/2/18 17:09,MALE,NA,1986-11-26,Not_through_referral
3298,7/29/18 10:33,MALE,NA,1996-02-14,Installed_through_referral
3299,7/28/18 21:51,FEMALE,NA,2004-01-16,Not_through_referral
3300,6/5/18 4:19,FEMALE,NA,1997-07-02,Installed_through_referral
3301,6/4/18 22:47,MALE,NA,1994-06-06,Not_through_referral
3302,6/19/18 18:40,MALE,NA,1996-11-27,Not_through_referral
3303,6/15/18 20:19,MALE,NA,2018-06-15,Installed_through_referral
3304,6/20/18 11:39,MALE,NA,2018-06-15,Not_through_referral
3305,6/25/18 14:57,FEMALE,NA,1999-04-19,Installed_through_referral
3306,7/4/18 1:14,MALE,NA,1994-07-03,Not_through_referral
3307,8/12/18 1:03,MALE,NA,1984-11-22,Installed_through_referral
3308,8/4/18 8:22,MALE,NA,1976-04-04,Not_through_referral
3309,6/12/18 23:23,MALE,NA,1996-09-08,Not_through_referral
3310,6/12/18 18:26,MALE,NA,2008-01-01,Not_through_referral
3311,6/25/18 18:17,MALE,NA,2018-06-22,Not_through_referral
3312,7/1/18 13:52,FEMALE,NA,1996-08-07,Not_through_referral
3313,7/8/18 17:34,FEMALE,NA,1994-10-03,Installed_through_referral
3314,7/3/18 15:49,MALE,NA,1990-03-19,Installed_through_referral
3315,6/1/18 17:42,MALE,NA,1982-04-30,Not_through_referral
3316,6/1/18 20:14,MALE,NA,1995-10-31,Installed_through_referral
3317,6/7/18 14:21,FEMALE,NA,2018-06-07,Installed_through_referral
3318,6/29/18 1:08,FEMALE,NA,2015-10-10,Not_through_referral
3319,7/9/18 19:59,MALE,NA,2005-07-09,Not_through_referral
3320,7/14/18 21:38,MALE,NA,1995-08-25,Installed_through_referral
3321,7/22/18 19:07,FEMALE,NA,1996-12-27,Not_through_referral
3322,7/25/18 15:49,MALE,NA,2018-07-25,Installed_through_referral
3323,8/13/18 19:03,MALE,NA,2000-05-24,Not_through_referral
3324,6/2/18 11:46,FEMALE,NA,2018-05-26,Not_through_referral
3325,6/5/18 15:28,FEMALE,NA,1997-09-30,Not_through_referral
3326,6/12/18 17:51,MALE,NA,1986-06-04,Not_through_referral
3327,6/9/18 14:55,MALE,NA,1992-02-11,Not_through_referral
3328,6/21/18 22:40,MALE,NA,1992-06-18,Installed_through_referral
3329,6/16/18 17:00,MALE,NA,1984-10-08,Not_through_referral
3330,6/13/18 15:59,FEMALE,NA,2007-04-05,Not_through_referral
3331,7/12/18 15:59,MALE,NA,2018-07-12,Installed_through_referral
3332,7/1/18 23:09,MALE,NA,1991-09-13,Not_through_referral
3333,7/5/18 22:42,FEMALE,NA,1993-09-21,Not_through_referral
3334,7/8/18 20:52,MALE,NA,1998-09-22,Not_through_referral
3335,7/12/18 19:20,MALE,NA,1989-06-06,Not_through_referral
3336,7/29/18 19:15,MALE,NA,1993-12-30,Not_through_referral
3337,8/2/18 14:48,MALE,NA,1996-09-07,Not_through_referral
3338,8/5/18 14:51,MALE,NA,2018-08-05,Installed_through_referral
3339,8/24/18 20:10,MALE,NA,1995-02-10,Installed_through_referral
3340,8/28/18 22:59,MALE,NA,2001-01-11,Not_through_referral
3341,8/18/18 21:58,MALE,NA,1993-11-10,Not_through_referral
3342,9/6/18 18:43,MALE,NA,1987-09-06,Not_through_referral
3343,9/13/18 14:52,MALE,NA,1998-12-04,Installed_through_referral
3344,8/25/18 21:00,FEMALE,NA,1993-08-25,Installed_through_referral
3345,9/8/18 13:27,MALE,NA,1997-04-20,Not_through_referral
3346,9/18/18 20:10,NA,NA,1900-01-00,Not_through_referral
3347,9/8/18 3:18,FEMALE,NA,1996-06-08,Installed_through_referral
3348,9/23/18 8:54,MALE,NA,1993-09-21,Installed_through_referral
3349,8/18/18 16:38,FEMALE,NA,1996-08-08,Not_through_referral
3350,8/18/18 11:14,MALE,NA,1984-11-19,Not_through_referral
3351,9/21/18 14:04,MALE,NA,1998-09-13,Not_through_referral
3352,9/21/18 18:47,MALE,NA,2018-09-01,Not_through_referral
3353,9/3/18 18:42,MALE,NA,2018-09-03,Installed_through_referral
3354,8/26/18 14:49,MALE,NA,1996-09-01,Not_through_referral
3355,8/25/18 19:20,FEMALE,NA,1999-10-06,Not_through_referral
3356,8/31/18 18:05,MALE,NA,1998-08-28,Not_through_referral
3357,9/18/18 18:02,NA,NA,1900-01-00,Not_through_referral
3358,9/15/18 15:54,MALE,NA,2000-03-08,Not_through_referral
3359,9/28/18 8:57,FEMALE,NA,1992-04-02,Installed_through_referral
3360,8/20/18 16:57,MALE,NA,2018-08-20,Not_through_referral
3361,8/22/18 16:05,MALE,NA,1965-07-29,Not_through_referral
3362,9/17/18 11:06,MALE,NA,1995-09-09,Not_through_referral
3363,9/22/18 16:06,MALE,NA,1993-09-04,Not_through_referral
3364,8/15/18 0:09,MALE,NA,1999-11-14,Not_through_referral
3365,9/19/18 20:53,MALE,NA,2016-06-10,Not_through_referral
3366,9/9/18 22:15,MALE,NA,1987-03-02,Not_through_referral
3367,6/9/18 19:57,MALE,NA,1987-01-08,Not_through_referral
3368,6/5/18 17:17,MALE,NA,1985-11-18,Not_through_referral
3369,7/4/18 4:42,MALE,NA,1998-06-02,Not_through_referral
3370,7/11/18 19:25,MALE,NA,1996-02-11,Installed_through_referral
3371,7/21/18 19:27,MALE,NA,1994-08-06,Installed_through_referral
3372,7/31/18 17:47,MALE,NA,2018-07-01,Not_through_referral
3373,7/24/18 15:04,MALE,NA,1991-03-22,Installed_through_referral
3374,6/18/18 15:53,FEMALE,NA,1996-01-26,Not_through_referral
3375,6/29/18 14:35,MALE,NA,1994-06-06,Not_through_referral
3376,6/29/18 22:25,MALE,NA,1984-06-29,Not_through_referral
3377,7/15/18 17:35,MALE,NA,1972-08-02,Not_through_referral
3378,7/21/18 14:37,FEMALE,NA,2018-07-11,Not_through_referral
3379,7/29/18 15:42,MALE,NA,2000-03-29,Not_through_referral
3380,6/8/18 14:32,MALE,NA,2018-06-08,Not_through_referral
3381,6/15/18 14:48,MALE,NA,2018-06-15,Installed_through_referral
3382,6/13/18 16:33,MALE,NA,2018-06-13,Installed_through_referral
3383,6/15/18 15:54,MALE,NA,2018-06-15,Not_through_referral
3384,6/24/18 20:22,MALE,NA,2018-06-24,Installed_through_referral
3385,6/28/18 0:22,MALE,NA,1998-07-20,Installed_through_referral
3386,7/5/18 11:08,MALE,NA,1998-07-21,Not_through_referral
3387,7/23/18 1:26,FEMALE,NA,1974-06-01,Not_through_referral
3388,8/9/18 21:22,FEMALE,NA,1996-08-20,Installed_through_referral
3389,8/12/18 23:22,MALE,NA,1998-08-02,Not_through_referral
3390,6/2/18 14:41,MALE,NA,2018-06-02,Installed_through_referral
3391,6/5/18 17:26,MALE,NA,1993-01-05,Not_through_referral
3392,6/6/18 20:28,MALE,NA,1996-04-15,Not_through_referral
3393,6/6/18 12:24,MALE,NA,1995-07-12,Not_through_referral
3394,6/17/18 12:48,MALE,NA,2018-06-17,Installed_through_referral
3395,6/19/18 20:22,MALE,NA,1996-03-24,Installed_through_referral
3396,6/16/18 14:53,MALE,NA,1990-08-17,Not_through_referral
3397,6/25/18 22:06,MALE,NA,2018-06-08,Not_through_referral
3398,6/30/18 9:40,MALE,NA,2012-04-17,Not_through_referral
3399,7/4/18 9:13,FEMALE,NA,1960-02-15,Not_through_referral
3400,7/23/18 14:36,FEMALE,NA,1990-07-05,Not_through_referral
3401,7/24/18 15:41,MALE,NA,1990-09-27,Not_through_referral
3402,8/8/18 12:59,FEMALE,NA,2000-05-15,Not_through_referral
3403,8/11/18 16:54,MALE,NA,1993-03-29,Not_through_referral
3404,6/3/18 1:13,MALE,NA,1985-09-17,Not_through_referral
3405,6/8/18 13:01,FEMALE,NA,1994-11-24,Not_through_referral
3406,6/10/18 16:43,MALE,NA,1984-06-19,Not_through_referral
3407,6/4/18 15:34,MALE,NA,1977-04-30,Not_through_referral
3408,6/16/18 16:19,MALE,NA,2018-06-16,Not_through_referral
3409,6/27/18 11:46,MALE,NA,1999-08-27,Not_through_referral
3410,6/25/18 17:04,NA,NA,1900-01-00,Not_through_referral
3411,6/30/18 15:29,MALE,NA,2018-06-30,Installed_through_referral
3412,7/6/18 15:18,MALE,NA,2008-03-12,Not_through_referral
3413,7/20/18 23:19,MALE,NA,1992-09-11,Not_through_referral
3414,7/30/18 18:26,FEMALE,NA,1995-07-30,Installed_through_referral
3415,7/28/18 17:31,MALE,NA,1987-11-06,Not_through_referral
3416,8/2/18 19:28,MALE,NA,1994-04-03,Installed_through_referral
3417,6/9/18 18:48,MALE,NA,2018-06-09,Installed_through_referral
3418,6/21/18 14:39,MALE,NA,1974-08-18,Not_through_referral
3419,6/22/18 17:32,MALE,NA,2018-06-17,Not_through_referral
3420,6/29/18 17:07,MALE,NA,1988-06-29,Not_through_referral
3421,7/15/18 12:25,MALE,NA,1987-07-04,Not_through_referral
3422,7/14/18 20:38,MALE,NA,2000-05-19,Not_through_referral
3423,7/21/18 17:51,MALE,NA,2000-01-12,Not_through_referral
3424,7/24/18 17:14,FEMALE,NA,1997-07-10,Not_through_referral
3425,6/3/18 21:23,MALE,NA,2018-06-03,Installed_through_referral
3426,6/15/18 19:03,MALE,NA,1963-10-15,Not_through_referral
3427,6/19/18 17:59,MALE,NA,2018-06-19,Not_through_referral
3428,6/21/18 21:45,NA,NA,1900-01-00,Not_through_referral
3429,6/29/18 16:47,MALE,NA,1978-04-09,Not_through_referral
3430,7/19/18 18:48,MALE,NA,1991-01-04,Not_through_referral
3431,7/16/18 14:43,MALE,NA,1986-10-12,Installed_through_referral
3432,6/9/18 18:55,MALE,NA,1994-01-02,Installed_through_referral
3433,6/27/18 17:11,MALE,NA,1980-08-31,Not_through_referral
3434,6/29/18 17:30,MALE,NA,2018-06-29,Not_through_referral
3435,7/9/18 12:04,FEMALE,NA,2000-07-18,Not_through_referral
3436,7/29/18 19:05,MALE,NA,1997-08-19,Installed_through_referral
3437,8/10/18 19:55,MALE,NA,1980-04-12,Installed_through_referral
3438,6/7/18 18:58,MALE,NA,2018-06-07,Not_through_referral
3439,6/16/18 23:00,FEMALE,NA,2018-06-03,Not_through_referral
3440,6/17/18 19:34,MALE,NA,2018-06-17,Not_through_referral
3441,6/21/18 15:52,MALE,NA,2018-06-21,Installed_through_referral
3442,7/4/18 14:32,FEMALE,NA,1984-01-20,Not_through_referral
3443,7/20/18 11:27,MALE,NA,2018-07-19,Installed_through_referral
3444,7/26/18 19:48,FEMALE,NA,1991-09-12,Not_through_referral
3445,8/12/18 14:43,FEMALE,NA,1991-03-10,Not_through_referral
3446,8/5/18 17:59,MALE,NA,1996-10-26,Not_through_referral
3447,6/4/18 2:04,FEMALE,NA,1992-06-04,Installed_through_referral
3448,6/13/18 19:21,MALE,NA,2000-12-08,Not_through_referral
3449,6/16/18 10:07,MALE,NA,1976-02-02,Not_through_referral
3450,7/2/18 11:18,MALE,NA,1995-07-10,Installed_through_referral
3451,7/10/18 18:21,MALE,NA,2018-07-10,Not_through_referral
3452,7/13/18 14:04,MALE,NA,1970-05-13,Not_through_referral
3453,7/22/18 17:22,MALE,NA,1996-04-11,Not_through_referral
3454,7/12/18 18:42,MALE,NA,2018-06-17,Not_through_referral
3455,8/6/18 13:43,MALE,NA,2018-04-09,Installed_through_referral
3456,9/2/18 13:14,MALE,NA,1990-09-02,Not_through_referral
3457,9/13/18 15:07,FEMALE,NA,1985-08-28,Not_through_referral
3458,9/13/18 13:52,MALE,NA,2000-02-02,Installed_through_referral
3459,8/23/18 17:39,FEMALE,NA,2001-08-21,Not_through_referral
3460,8/23/18 18:14,MALE,NA,1999-10-14,Installed_through_referral
3461,8/15/18 18:57,MALE,NA,2018-02-18,Not_through_referral
3462,8/14/18 21:46,MALE,NA,1986-06-04,Not_through_referral
3463,8/19/18 16:12,MALE,NA,2018-03-02,Not_through_referral
3464,9/4/18 17:12,NA,NA,1900-01-00,Not_through_referral
3465,9/9/18 18:16,FEMALE,NA,1998-06-04,Not_through_referral
3466,8/25/18 17:12,MALE,NA,2018-08-10,Not_through_referral
3467,8/29/18 13:47,MALE,NA,2018-08-29,Installed_through_referral
3468,9/5/18 17:33,MALE,NA,1998-12-24,Not_through_referral
3469,9/3/18 17:20,FEMALE,NA,1998-05-01,Not_through_referral
3470,9/16/18 16:54,NA,NA,1900-01-00,Not_through_referral
3471,8/24/18 17:41,MALE,NA,2018-08-24,Not_through_referral
3472,8/18/18 5:30,NA,NA,1900-01-00,Not_through_referral
3473,9/21/18 17:35,FEMALE,NA,2018-09-21,Not_through_referral
3474,8/25/18 5:02,MALE,NA,1992-07-28,Not_through_referral
3475,9/6/18 10:40,MALE,NA,1984-12-15,Not_through_referral
3476,8/31/18 16:45,MALE,NA,1994-09-08,Installed_through_referral
3477,9/3/18 19:00,MALE,NA,1991-03-09,Not_through_referral
3478,9/20/18 0:54,MALE,NA,2018-02-01,Not_through_referral
3479,8/19/18 18:39,MALE,NA,1997-02-27,Not_through_referral
3480,8/31/18 18:49,MALE,NA,1994-02-03,Not_through_referral
3481,9/1/18 17:59,MALE,NA,1971-10-16,Not_through_referral
3482,9/25/18 12:52,FEMALE,NA,2016-02-02,Not_through_referral
3483,9/24/18 21:09,MALE,NA,1969-11-13,Installed_through_referral
3484,8/22/18 18:58,MALE,NA,1996-10-27,Not_through_referral
3485,8/25/18 21:08,MALE,NA,1999-07-09,Not_through_referral
3486,9/12/18 19:05,MALE,NA,1999-03-10,Installed_through_referral
3487,6/12/18 17:24,MALE,NA,1984-11-30,Installed_through_referral
3488,7/18/18 22:56,MALE,NA,1990-04-30,Installed_through_referral
3489,7/29/18 15:42,MALE,NA,2018-07-29,Not_through_referral
3490,7/30/18 20:25,FEMALE,NA,2009-07-03,Not_through_referral
3491,8/11/18 21:43,MALE,NA,1985-12-17,Installed_through_referral
3492,6/6/18 13:27,FEMALE,NA,1981-12-25,Installed_through_referral
3493,6/13/18 12:31,MALE,NA,1991-08-21,Not_through_referral
3494,6/23/18 12:25,MALE,NA,1984-03-29,Not_through_referral
3495,7/15/18 7:22,NA,NA,1900-01-00,Not_through_referral
3496,8/1/18 0:26,MALE,NA,2017-11-16,Not_through_referral
3497,8/5/18 21:07,MALE,NA,1996-09-16,Not_through_referral
3498,6/2/18 20:24,MALE,NA,2018-06-02,Not_through_referral
3499,6/19/18 23:11,FEMALE,NA,1994-08-24,Installed_through_referral
3500,7/1/18 21:56,FEMALE,NA,1994-06-14,Not_through_referral
3501,7/7/18 14:09,MALE,NA,1985-08-14,Not_through_referral
3502,7/31/18 8:41,MALE,NA,1990-04-14,Not_through_referral
3503,8/13/18 16:18,MALE,NA,2018-08-13,Installed_through_referral
3504,8/7/18 21:01,MALE,NA,1989-05-08,Not_through_referral
3505,8/11/18 20:24,MALE,NA,1997-04-09,Installed_through_referral
3506,8/4/18 13:19,MALE,NA,1999-10-08,Not_through_referral
3507,6/8/18 23:40,MALE,NA,1989-12-25,Not_through_referral
3508,6/7/18 1:12,MALE,NA,2010-10-02,Not_through_referral
3509,6/7/18 9:37,FEMALE,NA,2012-08-23,Not_through_referral
3510,6/14/18 12:18,MALE,NA,1993-08-12,Not_through_referral
3511,7/13/18 13:40,MALE,NA,2017-09-16,Not_through_referral
3512,7/14/18 14:05,FEMALE,NA,1991-01-07,Not_through_referral
3513,7/28/18 7:55,MALE,NA,1994-07-30,Installed_through_referral
3514,8/1/18 9:41,NA,NA,1900-01-00,Not_through_referral
3515,6/6/18 16:39,MALE,NA,1997-11-09,Not_through_referral
3516,6/18/18 16:12,MALE,NA,2018-06-18,Installed_through_referral
3517,6/16/18 12:10,MALE,NA,1988-03-09,Not_through_referral
3518,7/7/18 17:16,MALE,NA,2018-04-19,Installed_through_referral
3519,7/6/18 11:15,MALE,NA,2018-04-19,Not_through_referral
3520,7/1/18 13:33,MALE,NA,2018-01-17,Not_through_referral
3521,7/10/18 11:53,MALE,NA,2018-07-10,Not_through_referral
3522,7/16/18 16:02,FEMALE,NA,1995-02-16,Not_through_referral
3523,8/2/18 0:34,MALE,NA,1996-08-15,Not_through_referral
3524,8/1/18 16:00,MALE,NA,1978-03-13,Not_through_referral
3525,8/7/18 20:03,MALE,NA,1991-08-02,Installed_through_referral
3526,6/11/18 19:26,MALE,NA,1990-11-01,Not_through_referral
3527,6/12/18 22:02,MALE,NA,2018-06-12,Installed_through_referral
3528,6/14/18 18:54,MALE,NA,1994-11-25,Not_through_referral
3529,6/14/18 19:44,MALE,NA,2018-03-17,Not_through_referral
3530,7/2/18 17:56,MALE,NA,1989-07-02,Not_through_referral
3531,7/21/18 14:49,MALE,NA,1995-01-21,Not_through_referral
3532,7/29/18 12:24,FEMALE,NA,2018-01-18,Not_through_referral
3533,8/1/18 11:08,MALE,NA,1983-05-01,Not_through_referral
3534,8/5/18 22:38,MALE,NA,1987-02-21,Not_through_referral
3535,8/12/18 21:17,MALE,NA,1995-12-26,Not_through_referral
3536,6/2/18 23:46,MALE,NA,1991-06-02,Not_through_referral
3537,6/2/18 13:38,MALE,NA,1998-06-12,Installed_through_referral
3538,6/3/18 1:43,MALE,NA,1985-04-13,Installed_through_referral
3539,6/15/18 12:33,MALE,NA,1995-03-10,Installed_through_referral
3540,6/19/18 11:17,MALE,NA,1996-08-15,Not_through_referral
3541,6/20/18 18:25,MALE,NA,2018-06-20,Not_through_referral
3542,6/27/18 8:41,MALE,NA,1996-01-28,Not_through_referral
3543,7/26/18 19:23,MALE,NA,1990-03-13,Not_through_referral
3544,6/6/18 13:38,MALE,NA,2018-06-06,Not_through_referral
3545,6/8/18 14:26,NA,NA,1900-01-00,Not_through_referral
3546,6/15/18 10:52,MALE,NA,2018-06-15,Not_through_referral
3547,6/15/18 20:11,MALE,NA,1988-03-01,Not_through_referral
3548,6/25/18 18:13,MALE,NA,1995-08-25,Not_through_referral
3549,6/26/18 1:41,MALE,NA,2018-05-27,Not_through_referral
3550,6/23/18 16:52,MALE,NA,2018-06-23,Not_through_referral
3551,7/6/18 22:30,MALE,NA,2018-07-06,Not_through_referral
3552,7/15/18 22:33,MALE,NA,1981-07-23,Installed_through_referral
3553,8/10/18 17:33,MALE,NA,1994-10-28,Not_through_referral
3554,8/9/18 21:00,MALE,NA,1988-08-23,Not_through_referral
3555,6/21/18 9:09,FEMALE,NA,1995-06-24,Not_through_referral
3556,6/23/18 9:30,MALE,NA,1996-07-07,Not_through_referral
3557,6/26/18 16:22,FEMALE,NA,2018-06-26,Not_through_referral
3558,7/2/18 16:07,MALE,NA,1998-04-23,Not_through_referral
3559,7/7/18 6:55,FEMALE,NA,1987-09-11,Not_through_referral
3560,7/15/18 13:36,FEMALE,NA,1995-10-30,Not_through_referral
3561,6/5/18 13:47,MALE,NA,1992-07-15,Installed_through_referral
3562,6/17/18 11:40,MALE,NA,2000-01-11,Not_through_referral
3563,6/15/18 13:19,MALE,NA,2018-06-15,Not_through_referral
3564,6/13/18 18:56,FEMALE,NA,1999-06-11,Not_through_referral
3565,7/11/18 12:40,MALE,NA,1990-11-15,Not_through_referral
3566,7/3/18 14:35,FEMALE,NA,1998-11-27,Installed_through_referral
3567,7/18/18 17:30,MALE,NA,1996-08-30,Not_through_referral
3568,7/23/18 16:21,NA,NA,1900-01-00,Installed_through_referral
3569,8/4/18 22:59,MALE,NA,2018-08-05,Not_through_referral
3570,8/10/18 8:48,FEMALE,NA,1994-03-02,Not_through_referral
3571,8/10/18 16:49,MALE,NA,2018-08-10,Not_through_referral
3572,8/16/18 18:02,FEMALE,NA,1998-02-10,Installed_through_referral
3573,8/27/18 12:18,MALE,NA,1974-12-15,Not_through_referral
3574,8/27/18 17:14,MALE,NA,1989-03-15,Installed_through_referral
3575,8/18/18 18:53,MALE,NA,1998-08-18,Not_through_referral
3576,8/31/18 16:19,MALE,NA,2018-01-04,Not_through_referral
3577,8/28/18 11:29,MALE,NA,2018-03-30,Installed_through_referral
3578,9/17/18 12:12,MALE,NA,1995-09-22,Installed_through_referral
3579,8/19/18 21:42,MALE,NA,1995-01-31,Installed_through_referral
3580,8/24/18 15:54,MALE,NA,1984-07-21,Not_through_referral
3581,9/5/18 17:31,MALE,NA,2018-09-05,Not_through_referral
3582,8/30/18 21:01,FEMALE,NA,2012-12-04,Not_through_referral
3583,9/9/18 18:31,MALE,NA,1981-05-10,Not_through_referral
3584,8/23/18 19:05,MALE,NA,1981-12-20,Not_through_referral
3585,8/29/18 10:14,FEMALE,NA,1991-12-27,Not_through_referral
3586,8/30/18 10:27,MALE,NA,1996-08-22,Installed_through_referral
3587,8/19/18 12:44,MALE,NA,2000-09-18,Not_through_referral
3588,8/19/18 18:53,MALE,NA,1996-01-15,Not_through_referral
3589,9/1/18 16:46,FEMALE,NA,1961-10-27,Not_through_referral
3590,9/29/18 12:13,FEMALE,NA,1999-10-04,Not_through_referral
3591,8/30/18 7:51,FEMALE,NA,1997-07-10,Not_through_referral
3592,8/25/18 21:58,FEMALE,NA,1994-02-04,Installed_through_referral
3593,9/19/18 9:30,MALE,NA,1978-06-16,Not_through_referral
3594,9/18/18 9:24,MALE,NA,1998-11-12,Installed_through_referral
3595,9/11/18 19:28,MALE,NA,2000-09-10,Not_through_referral
3596,9/2/18 16:54,MALE,NA,1995-10-30,Not_through_referral
3597,8/17/18 15:27,MALE,NA,2013-10-11,Not_through_referral
3598,8/22/18 23:12,MALE,NA,1992-12-21,Not_through_referral
3599,8/28/18 20:24,MALE,NA,2018-08-28,Not_through_referral
3600,9/18/18 11:25,MALE,NA,1998-08-26,Not_through_referral
3601,8/18/18 20:37,MALE,NA,1998-09-16,Not_through_referral
3602,8/20/18 19:25,MALE,NA,1995-12-04,Not_through_referral
3603,8/27/18 0:02,MALE,NA,1982-08-19,Not_through_referral
3604,8/27/18 23:29,MALE,NA,1987-09-12,Not_through_referral
3605,9/3/18 21:29,MALE,NA,2018-07-25,Not_through_referral
3606,6/7/18 9:39,MALE,NA,1980-04-07,Installed_through_referral
3607,6/27/18 17:10,MALE,NA,1995-10-17,Not_through_referral
3608,7/10/18 10:29,FEMALE,NA,1997-07-27,Not_through_referral
3609,7/14/18 11:10,MALE,NA,1979-05-22,Not_through_referral
3610,7/13/18 15:33,FEMALE,NA,1986-06-08,Installed_through_referral
3611,8/1/18 16:40,MALE,NA,2018-08-01,Installed_through_referral
3612,8/3/18 16:06,MALE,NA,1988-05-31,Not_through_referral
3613,8/14/18 13:35,NA,NA,1900-01-00,Not_through_referral
3614,7/4/18 22:19,MALE,NA,2018-06-20,Not_through_referral
3615,7/7/18 4:03,NA,NA,1900-01-00,Not_through_referral
3616,7/17/18 15:03,FEMALE,NA,2018-07-01,Not_through_referral
3617,7/23/18 18:19,MALE,NA,1990-07-18,Not_through_referral
3618,8/11/18 7:33,MALE,NA,2000-08-22,Not_through_referral
3619,8/5/18 18:21,MALE,NA,2018-08-05,Installed_through_referral
3620,6/20/18 10:57,MALE,NA,1999-08-04,Not_through_referral
3621,6/22/18 12:03,MALE,NA,1983-09-15,Not_through_referral
3622,6/25/18 13:00,MALE,NA,1994-12-15,Not_through_referral
3623,7/5/18 13:28,MALE,NA,1996-01-12,Not_through_referral
3624,7/14/18 16:36,MALE,NA,1985-07-14,Not_through_referral
3625,7/18/18 18:17,FEMALE,NA,1992-07-18,Installed_through_referral
3626,8/13/18 16:45,MALE,NA,1988-08-15,Installed_through_referral
3627,8/10/18 23:13,MALE,NA,1990-06-13,Installed_through_referral
3628,6/8/18 13:21,MALE,NA,1997-01-02,Not_through_referral
3629,6/20/18 18:00,MALE,NA,2018-06-02,Not_through_referral
3630,6/20/18 15:15,MALE,NA,1990-08-23,Not_through_referral
3631,7/2/18 15:55,MALE,NA,1996-12-29,Not_through_referral
3632,7/13/18 4:10,MALE,NA,1992-11-19,Not_through_referral
3633,7/19/18 21:35,MALE,NA,1997-01-26,Installed_through_referral
3634,7/30/18 11:41,MALE,NA,2018-07-30,Installed_through_referral
3635,7/31/18 19:10,MALE,NA,1991-08-18,Not_through_referral
3636,8/5/18 9:52,MALE,NA,2018-06-12,Installed_through_referral
3637,8/6/18 15:46,MALE,NA,2018-08-06,Not_through_referral
3638,6/7/18 8:31,FEMALE,NA,1990-04-08,Not_through_referral
3639,6/18/18 17:21,MALE,NA,1987-06-01,Installed_through_referral
3640,6/30/18 18:42,FEMALE,NA,2018-06-27,Not_through_referral
3641,6/28/18 15:55,FEMALE,NA,2018-06-13,Not_through_referral
3642,6/23/18 19:30,MALE,NA,1996-10-24,Not_through_referral
3643,7/6/18 3:53,MALE,NA,1997-07-04,Not_through_referral
3644,7/19/18 11:45,MALE,NA,1995-07-23,Installed_through_referral
3645,7/13/18 19:09,MALE,NA,1993-02-04,Not_through_referral
3646,8/9/18 1:54,MALE,NA,1996-12-26,Not_through_referral
3647,6/18/18 20:27,MALE,NA,1995-07-03,Not_through_referral
3648,6/30/18 16:02,MALE,NA,1988-02-14,Installed_through_referral
3649,6/29/18 18:10,FEMALE,NA,1998-04-20,Not_through_referral
3650,7/3/18 22:08,FEMALE,NA,1992-06-10,Not_through_referral
3651,7/4/18 12:48,MALE,NA,2018-07-04,Not_through_referral
3652,7/6/18 16:17,MALE,NA,1997-10-22,Not_through_referral
3653,7/20/18 20:58,MALE,NA,1991-05-10,Not_through_referral
3654,7/16/18 11:48,FEMALE,NA,1993-10-17,Not_through_referral
3655,8/7/18 18:30,FEMALE,NA,1996-05-02,Not_through_referral
3656,8/13/18 13:05,MALE,NA,1987-02-09,Not_through_referral
3657,6/2/18 16:44,MALE,NA,2000-04-19,Not_through_referral
3658,6/6/18 1:28,MALE,NA,1994-10-05,Not_through_referral
3659,7/8/18 16:04,MALE,NA,2018-04-13,Installed_through_referral
3660,7/12/18 22:31,MALE,NA,2001-11-02,Not_through_referral
3661,7/19/18 21:20,FEMALE,NA,1991-08-23,Not_through_referral
3662,7/26/18 11:13,MALE,NA,1996-10-25,Installed_through_referral
3663,7/27/18 13:11,MALE,NA,1999-04-07,Installed_through_referral
3664,8/11/18 14:23,MALE,NA,1989-08-11,Installed_through_referral
3665,6/13/18 14:02,MALE,NA,1988-10-20,Not_through_referral
3666,6/22/18 20:40,MALE,NA,2018-06-01,Not_through_referral
3667,6/23/18 9:56,MALE,NA,2018-06-12,Installed_through_referral
3668,6/29/18 11:32,MALE,NA,1993-07-10,Installed_through_referral
3669,7/26/18 17:31,MALE,NA,1998-03-22,Installed_through_referral
3670,8/3/18 19:03,MALE,NA,1983-07-29,Not_through_referral
3671,8/5/18 10:33,FEMALE,NA,1998-02-14,Installed_through_referral
3672,8/11/18 18:39,FEMALE,NA,1997-05-20,Installed_through_referral
3673,8/11/18 16:31,MALE,NA,1998-09-11,Installed_through_referral
3674,6/17/18 21:55,MALE,NA,1997-06-18,Installed_through_referral
3675,6/28/18 12:29,FEMALE,NA,2018-06-28,Not_through_referral
3676,6/6/18 21:48,MALE,NA,1987-06-22,Not_through_referral
3677,6/17/18 11:52,MALE,NA,1983-06-27,Not_through_referral
3678,6/15/18 0:04,NA,NA,1900-01-00,Not_through_referral
3679,6/23/18 15:18,MALE,NA,1991-06-06,Installed_through_referral
3680,6/30/18 12:18,FEMALE,NA,1985-08-18,Not_through_referral
3681,7/7/18 12:23,MALE,NA,1986-09-19,Not_through_referral
3682,7/29/18 19:52,MALE,NA,1984-06-05,Not_through_referral
3683,8/4/18 21:03,MALE,NA,2000-05-16,Installed_through_referral
3684,8/11/18 17:26,MALE,NA,2014-11-23,Installed_through_referral
3685,8/19/18 3:54,FEMALE,NA,1994-05-04,Installed_through_referral
3686,8/26/18 14:34,MALE,NA,1997-09-14,Installed_through_referral
3687,9/15/18 16:57,NA,NA,1900-01-00,Not_through_referral
3688,9/16/18 19:52,MALE,NA,2018-09-16,Not_through_referral
3689,8/25/18 7:40,MALE,NA,1993-10-10,Not_through_referral
3690,9/6/18 21:12,MALE,NA,1992-01-28,Not_through_referral
3691,8/22/18 12:43,MALE,NA,1979-09-05,Not_through_referral
3692,9/25/18 21:39,MALE,NA,2018-09-13,Installed_through_referral
3693,8/17/18 0:24,MALE,NA,1984-08-14,Not_through_referral
3694,8/14/18 23:17,MALE,NA,1997-07-09,Installed_through_referral
3695,8/28/18 23:35,MALE,NA,1993-12-10,Not_through_referral
3696,9/14/18 20:47,MALE,NA,2000-12-18,Not_through_referral
3697,8/24/18 14:12,FEMALE,NA,1981-04-01,Not_through_referral
3698,9/17/18 17:39,MALE,NA,1993-09-17,Installed_through_referral
3699,8/17/18 16:55,MALE,NA,1993-03-04,Installed_through_referral
3700,9/6/18 16:36,MALE,NA,2018-05-09,Not_through_referral
3701,9/1/18 15:28,MALE,NA,2005-01-02,Not_through_referral
3702,8/29/18 23:48,MALE,NA,2018-08-12,Not_through_referral
3703,9/6/18 10:13,MALE,NA,2018-09-01,Not_through_referral
3704,9/8/18 0:29,FEMALE,NA,1991-09-23,Not_through_referral
3705,9/6/18 19:37,MALE,NA,1997-09-06,Not_through_referral
3706,9/18/18 9:49,MALE,NA,1996-05-07,Not_through_referral
3707,8/20/18 21:57,MALE,NA,1998-10-13,Installed_through_referral
3708,8/17/18 16:56,MALE,NA,1996-11-13,Installed_through_referral
3709,8/28/18 22:47,MALE,NA,1999-09-20,Installed_through_referral
3710,9/14/18 16:51,FEMALE,NA,1995-08-27,Not_through_referral
3711,9/7/18 11:01,MALE,NA,2018-09-02,Installed_through_referral
3712,6/11/18 14:06,MALE,NA,1992-04-06,Installed_through_referral
3713,6/4/18 20:50,MALE,NA,1991-06-01,Installed_through_referral
3714,6/18/18 20:28,MALE,NA,1995-10-30,Not_through_referral
3715,6/14/18 18:33,MALE,NA,1993-05-30,Not_through_referral
3716,6/20/18 12:18,MALE,NA,2049-06-20,Installed_through_referral
3717,6/22/18 11:30,FEMALE,NA,2018-06-22,Not_through_referral
3718,7/21/18 14:49,FEMALE,NA,1989-02-01,Not_through_referral
3719,7/31/18 20:06,MALE,NA,1999-03-12,Not_through_referral
3720,8/8/18 19:52,MALE,NA,1992-09-25,Not_through_referral
3721,6/1/18 19:54,MALE,NA,2017-01-12,Not_through_referral
3722,6/13/18 8:02,MALE,NA,1985-07-20,Installed_through_referral
3723,6/26/18 15:06,MALE,NA,1996-08-15,Not_through_referral
3724,8/1/18 12:53,MALE,NA,1993-09-14,Not_through_referral
3725,7/29/18 18:08,MALE,NA,2018-07-29,Not_through_referral
3726,8/10/18 17:48,MALE,NA,1994-05-15,Installed_through_referral
3727,6/2/18 20:29,MALE,NA,1978-10-28,Not_through_referral
3728,6/5/18 23:20,FEMALE,NA,1989-12-01,Not_through_referral
3729,6/14/18 23:55,FEMALE,NA,2008-06-14,Not_through_referral
3730,7/9/18 16:00,MALE,NA,1989-09-11,Installed_through_referral
3731,7/7/18 11:04,MALE,NA,2018-07-07,Not_through_referral
3732,7/9/18 17:12,MALE,NA,1978-07-03,Installed_through_referral
3733,7/6/18 12:57,MALE,NA,1976-07-06,Installed_through_referral
3734,8/7/18 23:03,MALE,NA,1994-09-22,Not_through_referral
3735,6/8/18 19:44,MALE,NA,1984-05-28,Not_through_referral
3736,6/12/18 20:15,MALE,NA,2000-01-08,Not_through_referral
3737,6/13/18 16:45,MALE,NA,1993-12-27,Not_through_referral
3738,6/24/18 8:34,MALE,NA,1997-08-12,Not_through_referral
3739,7/13/18 22:40,MALE,NA,1987-12-23,Not_through_referral
3740,7/22/18 15:03,FEMALE,NA,1994-07-01,Not_through_referral
3741,7/31/18 16:10,MALE,NA,2016-11-17,Installed_through_referral
3742,8/12/18 17:42,MALE,NA,2018-08-12,Installed_through_referral
3743,6/14/18 20:36,FEMALE,NA,1993-08-15,Installed_through_referral
3744,6/21/18 18:30,MALE,NA,1979-03-30,Not_through_referral
3745,6/23/18 13:55,MALE,NA,2018-06-23,Not_through_referral
3746,7/18/18 16:12,MALE,NA,1989-11-11,Not_through_referral
3747,8/14/18 1:01,MALE,NA,1994-03-10,Not_through_referral
3748,6/2/18 15:36,FEMALE,NA,1986-11-21,Not_through_referral
3749,6/11/18 12:10,MALE,NA,1994-10-27,Not_through_referral
3750,6/22/18 15:56,MALE,NA,1996-06-22,Not_through_referral
3751,8/2/18 18:59,FEMALE,NA,2000-09-17,Not_through_referral
3752,8/1/18 23:25,MALE,NA,1983-04-19,Not_through_referral
3753,8/9/18 13:24,MALE,NA,1996-01-04,Not_through_referral
3754,6/15/18 19:11,FEMALE,NA,1988-05-02,Installed_through_referral
3755,7/1/18 20:30,MALE,NA,2002-06-13,Not_through_referral
3756,8/5/18 13:49,MALE,NA,1996-05-11,Installed_through_referral
3757,6/3/18 11:43,FEMALE,NA,1986-01-18,Not_through_referral
3758,6/8/18 7:41,MALE,NA,1986-05-08,Not_through_referral
3759,6/11/18 20:25,MALE,NA,1990-12-07,Not_through_referral
3760,6/15/18 17:49,MALE,NA,1988-09-21,Not_through_referral
3761,6/25/18 14:34,FEMALE,NA,1995-12-15,Installed_through_referral
3762,6/25/18 21:15,MALE,NA,1986-03-14,Not_through_referral
3763,6/27/18 3:25,MALE,NA,1998-07-23,Not_through_referral
3764,7/11/18 6:35,MALE,NA,2018-03-09,Installed_through_referral
3765,7/1/18 19:54,MALE,NA,1985-05-08,Not_through_referral
3766,7/18/18 5:27,MALE,NA,2015-10-08,Installed_through_referral
3767,7/18/18 14:17,MALE,NA,1996-07-01,Installed_through_referral
3768,7/27/18 17:58,MALE,NA,1997-07-19,Installed_through_referral
3769,7/31/18 20:43,FEMALE,NA,1989-10-10,Installed_through_referral
3770,8/2/18 18:42,MALE,NA,2018-07-12,Not_through_referral
3771,8/6/18 11:32,MALE,NA,1996-02-01,Not_through_referral
3772,6/3/18 14:52,MALE,NA,2018-06-03,Not_through_referral
3773,6/5/18 16:02,MALE,NA,1996-09-08,Not_through_referral
3774,6/21/18 13:51,FEMALE,NA,2018-06-04,Not_through_referral
3775,6/28/18 20:15,MALE,NA,1993-06-28,Not_through_referral
3776,7/3/18 17:21,MALE,NA,1982-04-11,Not_through_referral
3777,7/11/18 16:30,MALE,NA,2018-03-06,Not_through_referral
3778,7/13/18 17:40,MALE,NA,2018-07-12,Not_through_referral
3779,8/2/18 20:08,MALE,NA,1997-10-15,Not_through_referral
3780,8/6/18 12:27,FEMALE,NA,1973-05-09,Installed_through_referral
3781,8/10/18 22:11,MALE,NA,1988-08-10,Not_through_referral
3782,6/2/18 17:00,MALE,NA,1999-09-26,Not_through_referral
3783,6/12/18 15:04,MALE,NA,1996-06-25,Not_through_referral
3784,6/18/18 14:11,MALE,NA,1991-03-19,Not_through_referral
3785,6/28/18 12:43,MALE,NA,1994-06-20,Not_through_referral
3786,6/27/18 17:16,FEMALE,NA,1975-09-26,Not_through_referral
3787,7/3/18 0:39,FEMALE,NA,2007-01-03,Not_through_referral
3788,7/6/18 15:01,MALE,NA,1999-05-25,Installed_through_referral
3789,7/9/18 17:31,FEMALE,NA,1992-03-30,Not_through_referral
3790,7/24/18 18:58,MALE,NA,1994-06-14,Not_through_referral
3791,8/10/18 12:27,MALE,NA,1995-09-20,Not_through_referral
3792,8/16/18 20:41,MALE,NA,1990-07-05,Not_through_referral
3793,8/31/18 19:44,MALE,NA,2018-08-31,Not_through_referral
3794,9/9/18 13:42,MALE,NA,1998-07-27,Not_through_referral
3795,9/25/18 11:12,MALE,NA,1999-09-01,Not_through_referral
3796,8/22/18 19:05,FEMALE,NA,1995-08-27,Installed_through_referral
3797,8/28/18 13:22,FEMALE,NA,1996-08-23,Not_through_referral
3798,8/15/18 15:14,MALE,NA,2001-05-01,Not_through_referral
3799,8/15/18 21:55,MALE,NA,1994-10-30,Installed_through_referral
3800,8/17/18 17:55,MALE,NA,1997-05-31,Installed_through_referral
3801,8/19/18 19:02,FEMALE,NA,1995-02-24,Not_through_referral
3802,9/4/18 8:36,MALE,NA,2018-07-16,Not_through_referral
3803,9/3/18 1:56,MALE,NA,1982-05-12,Installed_through_referral
3804,8/21/18 21:15,MALE,NA,1984-08-31,Not_through_referral
3805,9/17/18 8:21,FEMALE,NA,1994-08-15,Not_through_referral
3806,6/3/18 9:03,MALE,NA,2018-06-03,Installed_through_referral
3807,6/5/18 14:22,MALE,NA,1976-03-02,Not_through_referral
3808,6/17/18 16:00,MALE,NA,1998-10-02,Not_through_referral
3809,6/28/18 14:36,FEMALE,NA,1995-02-24,Not_through_referral
3810,6/28/18 15:45,MALE,NA,1965-09-09,Not_through_referral
3811,6/28/18 19:43,MALE,NA,2018-06-04,Installed_through_referral
3812,7/6/18 14:51,FEMALE,NA,1963-05-30,Not_through_referral
3813,7/14/18 14:56,MALE,NA,2000-02-04,Installed_through_referral
3814,7/26/18 15:49,MALE,NA,2018-07-26,Not_through_referral
3815,6/1/18 17:26,FEMALE,NA,1973-09-09,Not_through_referral
3816,6/1/18 20:11,MALE,NA,2018-06-01,Installed_through_referral
3817,6/11/18 14:30,MALE,NA,1987-05-30,Not_through_referral
3818,6/14/18 12:09,FEMALE,NA,1988-09-05,Not_through_referral
3819,6/22/18 19:27,MALE,NA,1988-06-22,Not_through_referral
3820,7/1/18 21:34,MALE,NA,1997-07-20,Installed_through_referral
3821,7/3/18 14:30,MALE,NA,2018-07-03,Not_through_referral
3822,7/20/18 18:24,MALE,NA,2017-06-09,Not_through_referral
3823,7/15/18 22:11,MALE,NA,1995-06-07,Not_through_referral
3824,7/29/18 10:26,MALE,NA,1987-11-20,Not_through_referral
3825,8/2/18 17:30,MALE,NA,1993-04-21,Not_through_referral
3826,7/24/18 5:51,NA,NA,1900-01-00,Not_through_referral
3827,8/3/18 19:03,FEMALE,NA,1993-11-24,Not_through_referral
3828,6/1/18 19:20,FEMALE,NA,1997-04-08,Installed_through_referral
3829,6/12/18 23:17,NA,NA,1900-01-00,Not_through_referral
3830,6/3/18 17:49,MALE,NA,1980-06-02,Not_through_referral
3831,6/15/18 17:45,MALE,NA,2018-06-15,Not_through_referral
3832,6/15/18 1:48,MALE,NA,2018-06-04,Not_through_referral
3833,6/24/18 12:29,FEMALE,NA,1992-10-19,Not_through_referral
3834,6/23/18 21:49,FEMALE,NA,1985-06-23,Installed_through_referral
3835,8/3/18 20:04,MALE,NA,1998-10-09,Not_through_referral
3836,6/1/18 17:59,MALE,NA,1983-11-10,Not_through_referral
3837,6/4/18 16:16,MALE,NA,1975-02-10,Not_through_referral
3838,6/7/18 19:00,MALE,NA,2017-10-14,Not_through_referral
3839,6/5/18 13:19,MALE,NA,2018-06-05,Installed_through_referral
3840,6/9/18 19:40,MALE,NA,1985-05-25,Not_through_referral
3841,6/17/18 17:20,MALE,NA,1996-03-17,Not_through_referral
3842,6/16/18 13:53,MALE,NA,1998-05-16,Installed_through_referral
3843,6/16/18 20:24,MALE,NA,1992-12-18,Not_through_referral
3844,7/29/18 13:28,MALE,NA,2018-07-29,Not_through_referral
3845,7/29/18 16:16,MALE,NA,1988-08-31,Not_through_referral
3846,8/11/18 15:36,MALE,NA,2018-08-08,Not_through_referral
3847,8/5/18 13:12,MALE,NA,2000-02-09,Not_through_referral
3848,6/17/18 18:45,MALE,NA,1985-09-16,Not_through_referral
3849,6/21/18 20:20,MALE,NA,2000-05-22,Not_through_referral
3850,6/24/18 17:28,MALE,NA,2018-06-24,Not_through_referral
3851,6/29/18 15:28,MALE,NA,1997-04-30,Not_through_referral
3852,6/27/18 3:33,MALE,NA,1987-02-23,Not_through_referral
3853,6/28/18 19:43,MALE,NA,1990-07-03,Not_through_referral
3854,7/9/18 16:40,MALE,NA,1990-12-29,Not_through_referral
3855,8/10/18 18:41,MALE,NA,2018-08-10,Not_through_referral
3856,8/13/18 16:33,MALE,NA,2000-05-23,Installed_through_referral
3857,6/20/18 13:59,FEMALE,NA,1994-10-02,Not_through_referral
3858,7/1/18 11:43,MALE,NA,2018-05-02,Installed_through_referral
3859,6/30/18 12:23,FEMALE,NA,1988-10-27,Not_through_referral
3860,7/20/18 12:42,FEMALE,NA,1998-05-09,Installed_through_referral
3861,7/13/18 16:36,MALE,NA,1982-10-10,Not_through_referral
3862,6/1/18 12:28,MALE,NA,1995-01-05,Not_through_referral
3863,6/6/18 19:04,MALE,NA,1969-08-01,Not_through_referral
3864,6/15/18 17:00,MALE,NA,1999-09-06,Not_through_referral
3865,6/25/18 6:23,MALE,NA,2018-06-03,Not_through_referral
3866,7/15/18 15:07,MALE,NA,1995-04-04,Not_through_referral
3867,7/14/18 22:49,MALE,NA,1991-08-30,Installed_through_referral
3868,7/17/18 22:59,MALE,NA,2014-12-08,Not_through_referral
3869,7/27/18 9:46,MALE,NA,2018-07-27,Not_through_referral
3870,6/2/18 23:48,MALE,NA,1993-06-02,Not_through_referral
3871,6/4/18 14:11,FEMALE,NA,2000-01-01,Not_through_referral
3872,6/9/18 17:49,MALE,NA,1989-01-15,Not_through_referral
3873,6/18/18 14:10,MALE,NA,1994-08-05,Not_through_referral
3874,6/25/18 13:16,MALE,NA,1990-06-25,Not_through_referral
3875,7/10/18 18:26,MALE,NA,2018-07-08,Not_through_referral
3876,7/1/18 17:14,FEMALE,NA,2017-12-22,Not_through_referral
3877,7/5/18 18:16,MALE,NA,2018-07-05,Not_through_referral
3878,7/12/18 18:07,FEMALE,NA,1991-08-15,Not_through_referral
3879,6/12/18 21:04,MALE,NA,2018-06-12,Not_through_referral
3880,6/6/18 8:23,MALE,NA,1991-06-03,Not_through_referral
3881,6/19/18 15:15,MALE,NA,1990-12-23,Not_through_referral
3882,7/17/18 13:22,MALE,NA,1996-12-06,Not_through_referral
3883,7/21/18 14:18,MALE,NA,1999-03-24,Not_through_referral
3884,7/21/18 13:52,FEMALE,NA,1998-04-10,Installed_through_referral
3885,7/14/18 3:18,MALE,NA,1994-10-12,Not_through_referral
3886,8/9/18 19:00,MALE,NA,1996-09-01,Not_through_referral
3887,8/5/18 0:28,FEMALE,NA,2017-09-04,Not_through_referral
3888,8/9/18 17:41,MALE,NA,2018-02-09,Not_through_referral
3889,8/12/18 18:54,MALE,NA,1988-09-24,Not_through_referral
3890,6/3/18 9:23,MALE,NA,1998-03-30,Not_through_referral
3891,6/24/18 19:08,MALE,NA,1999-03-27,Not_through_referral
3892,7/10/18 19:49,FEMALE,NA,1996-09-22,Installed_through_referral
3893,7/23/18 10:34,FEMALE,NA,1991-06-04,Not_through_referral
3894,7/30/18 19:37,MALE,NA,1997-07-25,Not_through_referral
3895,8/17/18 18:06,MALE,NA,2001-11-30,Not_through_referral
3896,8/29/18 11:47,FEMALE,NA,1995-08-05,Not_through_referral
3897,9/8/18 21:21,MALE,NA,1984-05-12,Not_through_referral
3898,9/21/18 16:46,MALE,NA,1974-09-26,Not_through_referral
3899,9/16/18 13:53,MALE,NA,1986-05-15,Not_through_referral
3900,8/19/18 12:15,MALE,NA,1997-01-28,Not_through_referral
3901,9/4/18 12:43,MALE,NA,1974-12-20,Not_through_referral
3902,9/26/18 20:24,MALE,NA,1972-03-07,Not_through_referral
3903,9/3/18 16:10,MALE,NA,1982-08-05,Not_through_referral
3904,9/5/18 21:46,MALE,NA,1989-05-25,Not_through_referral
3905,9/15/18 14:03,FEMALE,NA,1992-09-03,Not_through_referral
3906,9/29/18 12:02,MALE,NA,1995-12-05,Not_through_referral
3907,8/25/18 17:54,MALE,NA,1995-05-17,Not_through_referral
3908,9/21/18 22:01,MALE,NA,2018-09-21,Not_through_referral
3909,8/18/18 21:47,MALE,NA,1996-11-18,Installed_through_referral
3910,8/30/18 4:21,MALE,NA,1994-07-26,Not_through_referral
3911,8/21/18 12:07,MALE,NA,1992-08-21,Not_through_referral
3912,9/7/18 12:02,MALE,NA,1996-02-27,Not_through_referral
3913,9/19/18 13:11,MALE,NA,1999-08-10,Not_through_referral
3914,9/10/18 15:21,MALE,NA,2018-09-10,Installed_through_referral
3915,9/18/18 23:20,MALE,NA,2000-08-01,Not_through_referral
3916,8/18/18 14:24,MALE,NA,1995-05-18,Not_through_referral
3917,8/23/18 18:48,MALE,NA,1987-08-20,Not_through_referral
3918,8/18/18 16:55,MALE,NA,1978-08-18,Not_through_referral
3919,8/16/18 17:52,MALE,NA,1991-04-09,Not_through_referral
3920,9/26/18 10:19,NA,NA,1900-01-00,Not_through_referral
3921,6/6/18 17:07,MALE,NA,1965-08-10,Not_through_referral
3922,6/8/18 12:36,MALE,NA,1996-06-15,Not_through_referral
3923,6/16/18 9:59,MALE,NA,1980-07-01,Not_through_referral
3924,6/25/18 15:36,FEMALE,NA,1991-05-01,Not_through_referral
3925,6/29/18 9:48,MALE,NA,1981-06-12,Not_through_referral
3926,6/22/18 21:49,MALE,NA,1997-04-30,Not_through_referral
3927,7/14/18 20:35,FEMALE,NA,1981-12-05,Not_through_referral
3928,6/1/18 14:42,MALE,NA,1994-06-16,Not_through_referral
3929,6/7/18 15:38,MALE,NA,1991-06-07,Not_through_referral
3930,6/30/18 8:57,MALE,NA,2018-07-01,Not_through_referral
3931,6/27/18 14:12,MALE,NA,1994-06-27,Not_through_referral
3932,6/23/18 15:06,MALE,NA,2001-10-22,Not_through_referral
3933,6/25/18 15:23,FEMALE,NA,1998-07-23,Installed_through_referral
3934,7/8/18 1:05,MALE,NA,1987-06-17,Not_through_referral
3935,7/15/18 22:04,MALE,NA,1986-11-04,Not_through_referral
3936,8/8/18 8:04,MALE,NA,1994-08-07,Installed_through_referral
3937,8/7/18 10:31,MALE,NA,1988-03-12,Not_through_referral
3938,6/12/18 14:29,MALE,NA,1997-06-12,Installed_through_referral
3939,6/13/18 13:53,MALE,NA,1986-01-27,Not_through_referral
3940,6/13/18 11:46,MALE,NA,1993-07-14,Not_through_referral
3941,6/15/18 16:51,MALE,NA,1985-12-16,Not_through_referral
3942,6/23/18 12:30,MALE,NA,1998-06-23,Installed_through_referral
3943,7/4/18 18:44,MALE,NA,1985-08-20,Not_through_referral
3944,7/7/18 22:32,MALE,NA,2003-03-07,Not_through_referral
3945,7/24/18 20:45,MALE,NA,2018-07-24,Not_through_referral
3946,7/29/18 17:18,MALE,NA,2018-07-29,Not_through_referral
3947,7/25/18 20:32,MALE,NA,1997-06-13,Not_through_referral
3948,8/7/18 0:11,NA,NA,1900-01-00,Not_through_referral
3949,8/11/18 15:13,MALE,NA,2018-08-11,Installed_through_referral
3950,6/6/18 21:52,MALE,NA,1997-06-06,Not_through_referral
3951,6/9/18 13:21,FEMALE,NA,1996-08-06,Not_through_referral
3952,6/13/18 18:22,MALE,NA,2018-06-13,Installed_through_referral
3953,6/29/18 13:00,MALE,NA,2016-07-18,Installed_through_referral
3954,6/29/18 11:56,FEMALE,NA,1997-11-23,Not_through_referral
3955,7/3/18 15:17,MALE,NA,1998-07-16,Not_through_referral
3956,8/10/18 0:13,MALE,NA,1986-10-21,Not_through_referral
3957,8/7/18 22:18,MALE,NA,1999-06-24,Not_through_referral
3958,6/20/18 14:15,MALE,NA,1993-07-01,Installed_through_referral
3959,6/14/18 11:45,FEMALE,NA,1952-06-14,Not_through_referral
3960,6/30/18 20:05,MALE,NA,2018-06-30,Installed_through_referral
3961,7/3/18 19:26,FEMALE,NA,1980-10-25,Not_through_referral
3962,7/3/18 17:26,MALE,NA,1987-04-13,Not_through_referral
3963,8/1/18 20:47,MALE,NA,1999-03-23,Not_through_referral
3964,7/26/18 23:46,MALE,NA,2018-07-22,Installed_through_referral
3965,7/30/18 13:25,FEMALE,NA,1994-07-18,Not_through_referral
3966,6/27/18 19:58,MALE,NA,1990-11-24,Not_through_referral
3967,6/30/18 14:15,MALE,NA,1995-11-03,Not_through_referral
3968,7/8/18 14:38,FEMALE,NA,1998-03-11,Not_through_referral
3969,7/22/18 19:03,MALE,NA,1960-07-22,Installed_through_referral
3970,7/17/18 22:39,MALE,NA,1997-10-05,Installed_through_referral
3971,7/31/18 11:07,MALE,NA,2001-01-28,Not_through_referral
3972,8/12/18 17:03,MALE,NA,1993-08-30,Installed_through_referral
3973,6/8/18 15:52,MALE,NA,2000-07-01,Not_through_referral
3974,6/7/18 22:48,MALE,NA,1999-08-10,Not_through_referral
3975,6/9/18 14:15,MALE,NA,1973-02-22,Not_through_referral
3976,6/12/18 20:49,NA,NA,1900-01-00,Not_through_referral
3977,6/22/18 11:00,MALE,NA,1994-01-29,Not_through_referral
3978,6/15/18 22:01,MALE,NA,2018-06-14,Not_through_referral
3979,6/16/18 19:23,MALE,NA,2016-06-07,Not_through_referral
3980,6/23/18 19:31,MALE,NA,1994-12-04,Not_through_referral
3981,6/24/18 20:24,MALE,NA,2018-07-01,Not_through_referral
3982,7/17/18 18:39,MALE,NA,1999-07-12,Not_through_referral
3983,7/30/18 14:43,MALE,NA,1987-01-01,Not_through_referral
3984,8/1/18 10:17,MALE,NA,2018-08-01,Not_through_referral
3985,7/25/18 20:10,MALE,NA,1999-07-06,Not_through_referral
3986,8/5/18 17:25,MALE,NA,1986-10-02,Not_through_referral
3987,8/6/18 17:50,MALE,NA,2018-08-06,Not_through_referral
3988,6/7/18 13:44,MALE,NA,2000-08-08,Not_through_referral
3989,6/15/18 19:29,MALE,NA,2018-06-15,Not_through_referral
3990,7/1/18 0:44,MALE,NA,1990-07-01,Not_through_referral
3991,7/16/18 20:45,FEMALE,NA,1991-10-02,Not_through_referral
3992,8/9/18 13:50,FEMALE,NA,1997-02-18,Not_through_referral
3993,6/8/18 18:24,MALE,NA,1984-06-08,Not_through_referral
3994,6/12/18 16:37,MALE,NA,2018-06-12,Not_through_referral
3995,6/30/18 12:42,MALE,NA,1998-01-19,Not_through_referral
3996,7/2/18 16:05,MALE,NA,1996-06-28,Not_through_referral
3997,7/7/18 20:30,MALE,NA,2018-07-07,Installed_through_referral
3998,7/9/18 12:25,FEMALE,NA,2018-07-09,Not_through_referral
3999,7/2/18 22:40,MALE,NA,2018-07-02,Not_through_referral
4000,7/26/18 19:43,FEMALE,NA,1989-12-10,Not_through_referral
4001,8/6/18 13:31,MALE,NA,1985-11-06,Not_through_referral
4002,7/1/18 19:26,MALE,NA,1994-05-28,Not_through_referral
4003,7/4/18 16:25,FEMALE,NA,2018-04-12,Not_through_referral
4004,7/13/18 16:14,MALE,NA,1985-08-25,Installed_through_referral
4005,8/3/18 13:56,MALE,NA,1998-03-26,Not_through_referral
4006,7/25/18 16:32,MALE,NA,1983-10-05,Not_through_referral
4007,8/5/18 13:29,FEMALE,NA,2007-01-17,Not_through_referral
4008,9/6/18 1:20,FEMALE,NA,1993-06-08,Not_through_referral
4009,9/6/18 15:23,MALE,NA,1990-08-18,Not_through_referral
4010,9/19/18 16:51,MALE,NA,2018-07-25,Not_through_referral
4011,8/25/18 4:22,MALE,NA,1974-08-15,Installed_through_referral
4012,9/19/18 12:18,MALE,NA,1997-03-18,Not_through_referral
4013,8/22/18 20:53,MALE,NA,1998-08-20,Not_through_referral
4014,8/23/18 15:20,MALE,NA,2017-09-09,Installed_through_referral
4015,9/16/18 18:21,FEMALE,NA,1999-10-22,Not_through_referral
4016,9/16/18 13:05,MALE,NA,1998-03-02,Not_through_referral
4017,9/17/18 11:10,MALE,NA,2018-09-17,Installed_through_referral
4018,8/15/18 12:11,FEMALE,NA,1994-08-11,Not_through_referral
4019,8/17/18 23:59,MALE,NA,2000-08-15,Not_through_referral
4020,9/18/18 17:44,MALE,NA,1998-09-18,Not_through_referral
4021,9/4/18 6:16,MALE,NA,1990-11-04,Not_through_referral
4022,9/18/18 15:56,MALE,NA,1994-03-10,Not_through_referral
4023,8/22/18 11:26,MALE,NA,2018-08-22,Installed_through_referral
4024,9/10/18 14:14,MALE,NA,2018-09-10,Installed_through_referral
4025,9/15/18 14:04,FEMALE,NA,1994-06-10,Installed_through_referral
4026,9/24/18 11:11,FEMALE,NA,1990-10-14,Not_through_referral
4027,6/9/18 15:11,MALE,NA,1976-04-12,Not_through_referral
4028,6/10/18 12:22,MALE,NA,1994-06-10,Not_through_referral
4029,6/16/18 22:45,FEMALE,NA,1993-08-11,Installed_through_referral
4030,6/23/18 12:03,FEMALE,NA,1993-06-07,Not_through_referral
4031,8/12/18 22:56,MALE,NA,1981-09-15,Not_through_referral
4032,8/4/18 13:36,MALE,NA,1997-08-04,Not_through_referral
4033,6/13/18 14:30,MALE,NA,1984-03-05,Not_through_referral
4034,6/18/18 21:52,FEMALE,NA,1993-10-10,Not_through_referral
4035,7/4/18 12:49,FEMALE,NA,1992-01-15,Not_through_referral
4036,7/6/18 16:35,MALE,NA,2018-07-06,Installed_through_referral
4037,7/13/18 11:05,MALE,NA,1977-10-04,Installed_through_referral
4038,7/25/18 16:16,MALE,NA,2018-07-25,Installed_through_referral
4039,7/26/18 12:33,MALE,NA,1998-07-26,Not_through_referral
4040,6/7/18 19:50,FEMALE,NA,1996-12-26,Not_through_referral
4041,6/9/18 11:09,FEMALE,NA,1988-07-13,Not_through_referral
4042,6/17/18 18:08,FEMALE,NA,2018-06-17,Not_through_referral
4043,6/20/18 7:49,FEMALE,NA,2018-06-20,Installed_through_referral
4044,8/9/18 16:23,FEMALE,NA,1997-06-04,Installed_through_referral
4045,8/12/18 12:27,MALE,NA,1996-08-20,Installed_through_referral
4046,8/5/18 13:55,MALE,NA,1987-06-03,Not_through_referral
4047,8/8/18 18:55,MALE,NA,1989-12-23,Installed_through_referral
4048,8/12/18 17:14,MALE,NA,2000-07-05,Not_through_referral
4049,8/13/18 17:03,MALE,NA,1995-02-24,Installed_through_referral
4050,6/14/18 22:59,MALE,NA,1999-04-17,Not_through_referral
4051,6/15/18 22:45,FEMALE,NA,1979-07-07,Not_through_referral
4052,6/13/18 9:25,MALE,NA,1995-07-02,Installed_through_referral
4053,6/14/18 10:57,MALE,NA,2018-06-14,Not_through_referral
4054,8/12/18 0:11,NA,NA,1900-01-00,Installed_through_referral
4055,6/3/18 20:28,MALE,NA,1996-09-08,Not_through_referral
4056,6/7/18 14:22,MALE,NA,1992-01-06,Not_through_referral
4057,6/15/18 18:41,MALE,NA,1981-11-06,Not_through_referral
4058,6/21/18 12:42,MALE,NA,1992-03-21,Not_through_referral
4059,6/23/18 13:19,MALE,NA,2017-05-25,Not_through_referral
4060,6/24/18 17:14,FEMALE,NA,1997-06-19,Not_through_referral
4061,7/14/18 15:41,MALE,NA,2018-07-14,Installed_through_referral
4062,8/7/18 19:21,FEMALE,NA,1989-10-12,Installed_through_referral
4063,6/6/18 22:34,MALE,NA,1992-10-01,Installed_through_referral
4064,6/11/18 13:31,FEMALE,NA,2003-02-07,Not_through_referral
4065,6/15/18 16:48,MALE,NA,2018-06-15,Not_through_referral
4066,6/15/18 16:14,MALE,NA,1995-08-28,Installed_through_referral
4067,7/22/18 18:44,MALE,NA,2018-07-22,Not_through_referral
4068,8/11/18 15:02,FEMALE,NA,1996-04-11,Not_through_referral
4069,8/12/18 13:16,MALE,NA,2006-12-12,Not_through_referral
4070,6/12/18 12:52,MALE,NA,2000-06-19,Not_through_referral
4071,6/13/18 1:01,MALE,NA,1992-11-26,Not_through_referral
4072,6/19/18 15:24,MALE,NA,1998-08-21,Not_through_referral
4073,7/14/18 7:12,FEMALE,NA,2018-06-11,Installed_through_referral
4074,7/15/18 19:33,FEMALE,NA,1993-05-27,Not_through_referral
4075,7/14/18 12:01,MALE,NA,1992-05-13,Not_through_referral
4076,7/26/18 12:28,FEMALE,NA,1992-12-25,Installed_through_referral
4077,8/6/18 20:08,FEMALE,NA,2010-03-10,Installed_through_referral
4078,6/2/18 18:53,MALE,NA,1993-11-29,Installed_through_referral
4079,6/9/18 20:20,FEMALE,NA,2018-06-09,Installed_through_referral
4080,6/5/18 20:26,MALE,NA,1994-06-13,Not_through_referral
4081,6/20/18 12:11,MALE,NA,2018-06-20,Not_through_referral
4082,6/29/18 18:45,MALE,NA,1992-11-05,Not_through_referral
4083,7/14/18 10:22,MALE,NA,2017-11-06,Not_through_referral
4084,7/28/18 23:01,MALE,NA,1984-04-04,Not_through_referral
4085,8/9/18 12:56,MALE,NA,1996-01-24,Not_through_referral
4086,8/11/18 10:54,MALE,NA,2018-08-07,Not_through_referral
4087,8/10/18 21:46,MALE,NA,2018-08-10,Installed_through_referral
4088,8/8/18 19:19,MALE,NA,1989-10-13,Not_through_referral
4089,6/21/18 11:32,MALE,NA,2018-06-21,Not_through_referral
4090,6/27/18 12:25,MALE,NA,1996-01-05,Not_through_referral
4091,7/12/18 9:59,FEMALE,NA,1996-12-04,Installed_through_referral
4092,7/7/18 12:41,MALE,NA,2018-07-05,Not_through_referral
4093,7/17/18 14:42,FEMALE,NA,2016-09-21,Not_through_referral
4094,7/22/18 13:59,MALE,NA,1975-02-28,Not_through_referral
4095,7/17/18 16:32,MALE,NA,1997-09-12,Installed_through_referral
4096,6/11/18 11:25,FEMALE,NA,2018-06-11,Not_through_referral
4097,6/20/18 17:15,FEMALE,NA,1988-12-05,Not_through_referral
4098,6/24/18 13:01,MALE,NA,2002-06-24,Not_through_referral
4099,6/27/18 22:20,MALE,NA,1983-07-24,Not_through_referral
4100,6/28/18 16:17,MALE,NA,1998-10-28,Installed_through_referral
4101,6/24/18 12:20,MALE,NA,1982-04-07,Not_through_referral
4102,6/24/18 10:20,MALE,NA,1996-03-01,Not_through_referral
4103,7/7/18 16:44,MALE,NA,1997-08-05,Not_through_referral
4104,7/24/18 20:30,MALE,NA,1995-11-10,Not_through_referral
4105,8/7/18 21:10,NA,NA,1900-01-00,Not_through_referral
4106,8/24/18 15:54,FEMALE,NA,1990-11-13,Installed_through_referral
4107,9/4/18 17:25,MALE,NA,2018-09-04,Not_through_referral
4108,8/16/18 19:11,FEMALE,NA,2018-02-23,Installed_through_referral
4109,9/1/18 22:12,MALE,NA,1996-03-20,Not_through_referral
4110,9/13/18 14:14,FEMALE,NA,1991-09-13,Not_through_referral
4111,8/22/18 21:32,MALE,NA,1987-09-02,Not_through_referral
4112,8/24/18 22:34,FEMALE,NA,2018-08-24,Not_through_referral
4113,8/17/18 18:17,MALE,NA,1986-05-02,Not_through_referral
4114,9/24/18 17:37,MALE,NA,1985-04-06,Not_through_referral
4115,8/18/18 12:10,MALE,NA,1995-06-15,Installed_through_referral
4116,8/22/18 20:07,MALE,NA,1998-04-05,Not_through_referral
4117,8/20/18 18:54,MALE,NA,1994-04-09,Installed_through_referral
4118,9/7/18 17:09,FEMALE,NA,2017-12-02,Not_through_referral
4119,9/29/18 12:17,MALE,NA,2018-09-29,Installed_through_referral
4120,8/30/18 8:13,MALE,NA,1980-04-29,Not_through_referral
4121,8/24/18 17:17,FEMALE,NA,1997-07-15,Not_through_referral
4122,8/27/18 21:02,MALE,NA,1988-06-09,Installed_through_referral
4123,8/24/18 15:19,MALE,NA,2018-08-24,Installed_through_referral
4124,9/7/18 22:37,MALE,NA,1979-08-23,Not_through_referral
4125,9/28/18 18:39,MALE,NA,1994-03-06,Not_through_referral
4126,8/17/18 10:36,MALE,NA,2000-01-19,Not_through_referral
4127,9/3/18 12:12,MALE,NA,2004-11-11,Not_through_referral
4128,8/29/18 21:02,MALE,NA,1997-08-29,Not_through_referral
4129,8/31/18 14:38,FEMALE,NA,1995-06-01,Not_through_referral
4130,9/25/18 18:15,FEMALE,NA,1998-11-11,Not_through_referral
4131,6/9/18 15:07,MALE,NA,2018-02-07,Installed_through_referral
4132,6/8/18 23:27,MALE,NA,1990-08-28,Installed_through_referral
4133,6/20/18 15:41,FEMALE,NA,1992-06-20,Installed_through_referral
4134,6/29/18 13:03,FEMALE,NA,1994-07-19,Installed_through_referral
4135,6/24/18 13:53,FEMALE,NA,1972-03-24,Not_through_referral
4136,7/2/18 3:54,MALE,NA,1972-07-02,Not_through_referral
4137,7/4/18 15:00,MALE,NA,1999-06-26,Not_through_referral
4138,7/6/18 22:08,MALE,NA,1979-07-25,Not_through_referral
4139,7/13/18 11:33,MALE,NA,1994-07-10,Installed_through_referral
4140,7/30/18 14:01,MALE,NA,2018-07-17,Not_through_referral
4141,8/2/18 21:08,NA,NA,1900-01-00,Not_through_referral
4142,8/10/18 10:55,MALE,NA,1997-03-16,Installed_through_referral
4143,6/3/18 11:21,MALE,NA,1997-10-02,Installed_through_referral
4144,6/10/18 15:54,MALE,NA,1999-06-10,Not_through_referral
4145,6/17/18 21:11,MALE,NA,2001-06-24,Not_through_referral
4146,6/18/18 18:37,FEMALE,NA,1968-10-03,Installed_through_referral
4147,7/2/18 16:12,MALE,NA,1997-06-26,Not_through_referral
4148,7/8/18 17:28,MALE,NA,2018-07-08,Installed_through_referral
4149,8/1/18 21:31,MALE,NA,1996-05-21,Not_through_referral
4150,8/3/18 11:26,MALE,NA,1993-10-15,Installed_through_referral
4151,8/8/18 21:43,MALE,NA,1997-09-22,Not_through_referral
4152,6/5/18 16:21,MALE,NA,1993-05-25,Not_through_referral
4153,7/13/18 15:30,MALE,NA,1988-08-15,Not_through_referral
4154,7/28/18 0:24,MALE,NA,1989-03-17,Not_through_referral
4155,7/29/18 18:59,MALE,NA,2018-07-29,Not_through_referral
4156,8/7/18 15:23,MALE,NA,1988-12-27,Not_through_referral
4157,6/3/18 16:53,MALE,NA,1978-09-08,Not_through_referral
4158,6/14/18 19:53,MALE,NA,1999-08-23,Not_through_referral
4159,6/28/18 19:39,MALE,NA,1991-06-29,Not_through_referral
4160,7/2/18 14:44,MALE,NA,1999-11-02,Not_through_referral
4161,7/10/18 1:22,MALE,NA,1990-06-16,Not_through_referral
4162,7/10/18 15:55,FEMALE,NA,1995-11-17,Not_through_referral
4163,7/20/18 18:31,FEMALE,NA,2012-11-26,Not_through_referral
4164,7/31/18 17:59,MALE,NA,2018-07-29,Not_through_referral
4165,8/1/18 19:11,NA,NA,1900-01-00,Not_through_referral
4166,8/6/18 21:34,FEMALE,NA,1994-05-01,Not_through_referral
4167,8/12/18 14:40,MALE,NA,1991-11-07,Installed_through_referral
4168,6/9/18 18:21,MALE,NA,1985-07-15,Not_through_referral
4169,6/11/18 20:18,MALE,NA,1995-12-12,Not_through_referral
4170,6/14/18 15:42,FEMALE,NA,1997-03-26,Installed_through_referral
4171,6/23/18 21:41,FEMALE,NA,2018-06-17,Not_through_referral
4172,6/29/18 19:31,FEMALE,NA,1999-02-09,Not_through_referral
4173,7/12/18 13:56,MALE,NA,1985-02-05,Not_through_referral
4174,7/13/18 16:45,FEMALE,NA,1994-11-01,Installed_through_referral
4175,7/26/18 15:32,MALE,NA,2001-07-08,Not_through_referral
4176,8/8/18 20:18,MALE,NA,1993-10-28,Installed_through_referral
4177,8/9/18 20:11,MALE,NA,1986-06-15,Not_through_referral
4178,6/2/18 19:03,FEMALE,NA,1979-11-01,Not_through_referral
4179,6/2/18 2:38,MALE,NA,1989-02-24,Installed_through_referral
4180,6/8/18 11:37,MALE,NA,2001-07-25,Not_through_referral
4181,6/27/18 8:46,FEMALE,NA,1989-01-19,Not_through_referral
4182,6/24/18 20:36,MALE,NA,2018-02-16,Installed_through_referral
4183,7/9/18 13:28,FEMALE,NA,1986-09-23,Not_through_referral
4184,7/15/18 17:19,MALE,NA,1988-09-06,Not_through_referral
4185,8/13/18 22:41,MALE,NA,1994-05-05,Not_through_referral
4186,6/7/18 16:20,MALE,NA,1990-07-27,Not_through_referral
4187,6/12/18 13:29,MALE,NA,1990-01-25,Installed_through_referral
4188,6/23/18 8:12,MALE,NA,1991-04-17,Not_through_referral
4189,6/24/18 15:31,MALE,NA,2010-12-23,Not_through_referral
4190,6/28/18 15:01,MALE,NA,1977-05-15,Not_through_referral
4191,6/25/18 11:54,MALE,NA,1997-05-23,Not_through_referral
4192,7/2/18 19:08,MALE,NA,1994-12-01,Not_through_referral
4193,7/11/18 6:48,MALE,NA,2018-01-08,Installed_through_referral
4194,7/2/18 19:07,MALE,NA,1992-01-15,Not_through_referral
4195,7/11/18 1:01,MALE,NA,1989-07-03,Not_through_referral
4196,7/22/18 13:14,MALE,NA,1993-07-01,Not_through_referral
4197,8/2/18 13:46,MALE,NA,2018-08-02,Not_through_referral
4198,8/12/18 14:41,MALE,NA,1968-08-12,Installed_through_referral
4199,6/19/18 22:41,MALE,NA,1999-05-29,Not_through_referral
4200,6/14/18 15:08,MALE,NA,1995-06-14,Not_through_referral
4201,6/28/18 17:57,FEMALE,NA,1995-02-17,Installed_through_referral
4202,7/7/18 19:47,FEMALE,NA,1979-10-24,Not_through_referral
4203,7/11/18 19:57,MALE,NA,1989-12-27,Installed_through_referral
4204,7/19/18 0:52,MALE,NA,1996-12-04,Installed_through_referral
4205,7/29/18 13:29,MALE,NA,1982-09-21,Not_through_referral
4206,7/29/18 15:23,MALE,NA,1992-11-29,Not_through_referral
4207,8/10/18 15:25,MALE,NA,1986-08-02,Installed_through_referral
4208,8/6/18 14:36,FEMALE,NA,1999-06-30,Not_through_referral
4209,8/5/18 14:20,FEMALE,NA,1996-06-25,Not_through_referral
4210,8/9/18 20:13,FEMALE,NA,1997-07-24,Installed_through_referral
4211,6/2/18 15:53,FEMALE,NA,1992-08-11,Not_through_referral
4212,6/3/18 10:32,FEMALE,NA,1996-05-05,Installed_through_referral
4213,6/12/18 18:19,MALE,NA,2018-06-12,Not_through_referral
4214,6/22/18 16:03,MALE,NA,1991-02-27,Not_through_referral
4215,6/23/18 17:57,MALE,NA,1997-11-13,Not_through_referral
4216,6/24/18 22:46,MALE,NA,1982-04-06,Not_through_referral
4217,6/30/18 17:51,MALE,NA,2001-06-16,Installed_through_referral
4218,7/1/18 20:58,MALE,NA,1989-07-20,Not_through_referral
4219,7/16/18 18:59,MALE,NA,2018-07-16,Not_through_referral
4220,7/14/18 18:57,MALE,NA,1999-03-15,Installed_through_referral
4221,7/16/18 17:34,MALE,NA,1988-02-08,Not_through_referral
4222,7/13/18 19:36,MALE,NA,2018-07-13,Installed_through_referral
4223,7/24/18 17:54,MALE,NA,1995-07-12,Installed_through_referral
4224,7/25/18 16:56,FEMALE,NA,1992-03-28,Not_through_referral
4225,8/13/18 13:37,MALE,NA,1989-07-21,Not_through_referral
4226,6/9/18 17:55,MALE,NA,2018-06-09,Installed_through_referral
4227,6/18/18 22:00,NA,NA,1900-01-00,Not_through_referral
4228,6/25/18 14:27,MALE,NA,2018-06-25,Not_through_referral
4229,6/30/18 10:53,MALE,NA,1995-03-14,Not_through_referral
4230,6/22/18 11:58,MALE,NA,1996-08-01,Installed_through_referral
4231,7/6/18 18:13,MALE,NA,1998-06-13,Not_through_referral
4232,7/16/18 15:34,FEMALE,NA,1992-10-18,Not_through_referral
4233,7/17/18 16:34,FEMALE,NA,1970-09-05,Installed_through_referral
4234,7/12/18 20:14,MALE,NA,1997-07-29,Installed_through_referral
4235,7/31/18 21:05,FEMALE,NA,1978-09-11,Not_through_referral
4236,8/8/18 21:46,MALE,NA,2009-10-03,Not_through_referral
4237,8/11/18 10:32,MALE,NA,1996-03-20,Not_through_referral
4238,8/17/18 16:56,MALE,NA,1990-03-09,Not_through_referral
4239,8/31/18 14:25,MALE,NA,2018-08-31,Installed_through_referral
4240,8/30/18 18:41,MALE,NA,1992-05-10,Not_through_referral
4241,8/29/18 13:42,MALE,NA,1995-11-15,Installed_through_referral
4242,8/18/18 15:24,MALE,NA,1980-09-06,Not_through_referral
4243,8/31/18 0:26,MALE,NA,1996-01-01,Not_through_referral
4244,8/27/18 13:04,FEMALE,NA,1994-04-16,Not_through_referral
4245,9/9/18 19:08,MALE,NA,1995-07-21,Not_through_referral
4246,9/14/18 15:21,FEMALE,NA,1985-10-06,Not_through_referral
4247,8/24/18 15:08,MALE,NA,1998-10-22,Not_through_referral
4248,9/10/18 20:59,MALE,NA,2018-09-04,Installed_through_referral
4249,9/1/18 20:20,MALE,NA,1983-04-12,Not_through_referral
4250,8/21/18 11:18,MALE,NA,1998-06-15,Installed_through_referral
4251,8/29/18 12:55,MALE,NA,1995-08-16,Installed_through_referral
4252,9/28/18 16:53,FEMALE,NA,1997-09-26,Not_through_referral
4253,9/26/18 13:09,FEMALE,NA,1994-05-12,Installed_through_referral
4254,8/23/18 20:43,MALE,NA,1999-01-01,Not_through_referral
4255,9/5/18 19:33,MALE,NA,1973-09-29,Not_through_referral
4256,9/7/18 10:01,MALE,NA,1996-03-25,Not_through_referral
4257,9/12/18 19:14,MALE,NA,1999-06-21,Installed_through_referral
4258,8/29/18 15:44,MALE,NA,1991-08-29,Installed_through_referral
4259,8/31/18 17:56,MALE,NA,1998-06-25,Installed_through_referral
4260,8/31/18 16:23,MALE,NA,1997-03-16,Installed_through_referral
4261,9/15/18 14:48,MALE,NA,2018-08-08,Not_through_referral
4262,9/12/18 16:43,MALE,NA,1993-11-14,Not_through_referral
4263,6/7/18 14:28,FEMALE,NA,2018-06-07,Installed_through_referral
4264,6/11/18 22:24,MALE,NA,2018-06-02,Installed_through_referral
4265,6/13/18 15:03,MALE,NA,1995-06-23,Installed_through_referral
4266,6/14/18 9:12,MALE,NA,1994-06-25,Not_through_referral
4267,6/20/18 14:05,MALE,NA,1991-03-19,Not_through_referral
4268,6/22/18 14:30,MALE,NA,1982-10-18,Installed_through_referral
4269,6/28/18 17:14,FEMALE,NA,1993-10-23,Installed_through_referral
4270,6/26/18 12:04,MALE,NA,2018-06-21,Not_through_referral
4271,6/26/18 13:17,MALE,NA,2018-06-26,Not_through_referral
4272,6/28/18 20:44,MALE,NA,1997-09-08,Not_through_referral
4273,7/20/18 23:38,FEMALE,NA,1995-09-03,Installed_through_referral
4274,6/9/18 23:48,MALE,NA,1998-10-05,Not_through_referral
4275,6/5/18 7:05,MALE,NA,2018-06-03,Not_through_referral
4276,6/25/18 17:39,FEMALE,NA,2018-06-15,Not_through_referral
4277,7/5/18 23:04,MALE,NA,2000-11-09,Not_through_referral
4278,7/18/18 17:26,MALE,NA,1996-01-25,Not_through_referral
4279,7/22/18 21:02,MALE,NA,2018-07-22,Not_through_referral
4280,7/20/18 17:09,MALE,NA,2018-07-20,Not_through_referral
4281,6/8/18 23:41,FEMALE,NA,1972-02-05,Not_through_referral
4282,6/3/18 15:50,MALE,NA,1981-04-16,Not_through_referral
4283,6/12/18 16:58,MALE,NA,1994-06-12,Not_through_referral
4284,6/24/18 12:43,MALE,NA,1997-06-10,Not_through_referral
4285,6/25/18 16:26,NA,NA,1900-01-00,Not_through_referral
4286,6/26/18 11:21,MALE,NA,1996-11-01,Not_through_referral
4287,7/1/18 20:45,MALE,NA,1997-12-21,Not_through_referral
4288,7/1/18 20:46,MALE,NA,2018-07-01,Not_through_referral
4289,7/14/18 19:30,MALE,NA,1991-08-25,Not_through_referral
4290,7/23/18 23:20,FEMALE,NA,1981-04-17,Not_through_referral
4291,7/30/18 15:01,MALE,NA,2018-07-30,Installed_through_referral
4292,7/23/18 17:12,MALE,NA,1985-06-01,Installed_through_referral
4293,8/10/18 18:35,MALE,NA,1989-08-20,Not_through_referral
4294,8/11/18 23:06,MALE,NA,2018-08-11,Installed_through_referral
4295,8/6/18 21:49,MALE,NA,1975-09-02,Not_through_referral
4296,6/6/18 22:15,MALE,NA,1994-05-14,Installed_through_referral
4297,6/9/18 17:15,MALE,NA,2018-06-09,Not_through_referral
4298,6/13/18 19:27,MALE,NA,1992-10-08,Not_through_referral
4299,6/16/18 21:22,MALE,NA,2000-02-08,Installed_through_referral
4300,6/29/18 20:11,MALE,NA,1985-07-25,Installed_through_referral
4301,7/2/18 12:29,FEMALE,NA,1998-01-16,Not_through_referral
4302,6/10/18 16:00,FEMALE,NA,2018-01-21,Not_through_referral
4303,6/5/18 21:23,MALE,NA,1997-08-10,Installed_through_referral
4304,6/12/18 21:24,MALE,NA,2018-06-12,Installed_through_referral
4305,6/14/18 16:22,MALE,NA,1991-05-18,Not_through_referral
4306,6/13/18 17:23,MALE,NA,2002-08-02,Not_through_referral
4307,6/18/18 20:59,MALE,NA,1994-07-16,Not_through_referral
4308,6/29/18 14:36,FEMALE,NA,1997-08-15,Not_through_referral
4309,6/29/18 14:39,MALE,NA,1985-11-04,Not_through_referral
4310,7/13/18 14:09,MALE,NA,2018-07-13,Not_through_referral
4311,8/2/18 12:23,MALE,NA,1994-10-02,Installed_through_referral
4312,7/28/18 14:23,MALE,NA,1994-09-05,Not_through_referral
4313,7/30/18 7:49,FEMALE,NA,1999-11-30,Not_through_referral
4314,8/12/18 3:10,MALE,NA,1983-10-25,Not_through_referral
4315,8/7/18 14:37,FEMALE,NA,2000-08-02,Not_through_referral
4316,6/12/18 11:28,FEMALE,NA,1996-04-21,Installed_through_referral
4317,6/14/18 18:50,MALE,NA,1995-10-30,Not_through_referral
4318,6/29/18 15:38,MALE,NA,1996-09-03,Not_through_referral
4319,6/26/18 20:43,FEMALE,NA,1997-10-18,Installed_through_referral
4320,7/1/18 10:14,FEMALE,NA,2018-07-01,Not_through_referral
4321,7/1/18 17:18,MALE,NA,1984-06-26,Not_through_referral
4322,7/10/18 21:25,MALE,NA,1991-08-31,Not_through_referral
4323,7/11/18 23:04,MALE,NA,1982-03-07,Not_through_referral
4324,7/28/18 19:37,MALE,NA,1987-07-28,Not_through_referral
4325,8/8/18 22:04,MALE,NA,2001-03-14,Installed_through_referral
4326,6/3/18 15:11,FEMALE,NA,1991-01-17,Not_through_referral
4327,6/12/18 11:12,MALE,NA,1998-07-25,Not_through_referral
4328,6/16/18 15:46,FEMALE,NA,1994-06-13,Not_through_referral
4329,7/1/18 20:37,NA,NA,1900-01-00,Not_through_referral
4330,7/17/18 11:18,MALE,NA,1994-03-18,Not_through_referral
4331,8/1/18 15:23,FEMALE,NA,1999-02-14,Installed_through_referral
4332,8/13/18 15:23,FEMALE,NA,1992-12-17,Not_through_referral
4333,6/2/18 13:13,MALE,NA,1994-09-26,Installed_through_referral
4334,6/11/18 7:21,MALE,NA,1997-06-08,Not_through_referral
4335,6/9/18 18:41,MALE,NA,2018-03-14,Not_through_referral
4336,6/21/18 21:09,MALE,NA,2018-06-15,Installed_through_referral
4337,7/20/18 19:37,MALE,NA,1997-09-22,Not_through_referral
4338,7/12/18 18:23,MALE,NA,1995-07-16,Not_through_referral
4339,6/2/18 21:56,MALE,NA,1992-12-26,Not_through_referral
4340,6/12/18 10:20,MALE,NA,1998-04-04,Installed_through_referral
4341,6/20/18 23:27,MALE,NA,1989-12-23,Not_through_referral
4342,6/17/18 15:30,MALE,NA,1997-08-17,Not_through_referral
4343,7/17/18 17:09,FEMALE,NA,1975-08-05,Not_through_referral
4344,7/31/18 15:21,MALE,NA,1999-06-20,Not_through_referral
4345,7/24/18 14:59,FEMALE,NA,2018-06-14,Not_through_referral
4346,6/20/18 16:26,MALE,NA,1996-01-07,Installed_through_referral
4347,6/18/18 18:55,MALE,NA,1993-11-04,Not_through_referral
4348,6/22/18 17:30,MALE,NA,1995-06-09,Not_through_referral
4349,6/22/18 18:37,MALE,NA,1998-06-22,Not_through_referral
4350,6/23/18 20:35,MALE,NA,1992-04-06,Not_through_referral
4351,6/30/18 16:03,FEMALE,NA,1991-10-28,Not_through_referral
4352,6/25/18 13:51,FEMALE,NA,1991-09-02,Not_through_referral
4353,7/7/18 20:07,MALE,NA,2018-05-17,Installed_through_referral
4354,7/19/18 15:11,MALE,NA,1991-07-29,Not_through_referral
4355,7/23/18 11:51,MALE,NA,1997-05-08,Not_through_referral
4356,8/14/18 9:22,MALE,NA,1992-08-26,Not_through_referral
4357,9/2/18 7:12,MALE,NA,1997-10-23,Not_through_referral
4358,8/29/18 18:32,FEMALE,NA,1994-08-14,Not_through_referral
4359,9/12/18 15:52,MALE,NA,1991-07-29,Not_through_referral
4360,8/19/18 16:35,MALE,NA,1998-08-17,Not_through_referral
4361,8/22/18 20:54,MALE,NA,1999-10-04,Not_through_referral
4362,8/21/18 11:26,FEMALE,NA,1996-06-18,Not_through_referral
4363,8/28/18 1:40,MALE,NA,1999-11-05,Not_through_referral
4364,9/15/18 11:40,FEMALE,NA,2003-03-28,Not_through_referral
4365,9/14/18 23:42,MALE,NA,2018-09-14,Not_through_referral
4366,9/21/18 20:06,MALE,NA,1978-05-25,Not_through_referral
4367,9/3/18 22:31,MALE,NA,1990-06-01,Installed_through_referral
4368,9/5/18 1:48,MALE,NA,1996-12-25,Not_through_referral
4369,9/29/18 13:49,NA,NA,1900-01-00,Not_through_referral
4370,9/23/18 17:38,MALE,NA,1987-01-26,Not_through_referral
4371,9/27/18 8:30,MALE,NA,2018-07-09,Not_through_referral
4372,8/18/18 21:01,MALE,NA,1978-08-28,Not_through_referral
4373,8/23/18 12:47,MALE,NA,2018-08-23,Installed_through_referral
4374,8/26/18 19:06,FEMALE,NA,1998-06-08,Not_through_referral
4375,8/16/18 16:24,MALE,NA,2018-08-16,Installed_through_referral
4376,8/26/18 10:30,MALE,NA,2006-05-19,Not_through_referral
4377,8/26/18 15:44,FEMALE,NA,1994-08-26,Not_through_referral
4378,9/12/18 14:50,FEMALE,NA,2001-09-10,Not_through_referral
4379,9/18/18 16:46,MALE,NA,2014-04-17,Not_through_referral
4380,8/16/18 17:06,MALE,NA,1991-04-12,Not_through_referral
4381,8/29/18 14:13,MALE,NA,1999-01-08,Installed_through_referral
4382,9/28/18 20:42,MALE,NA,1998-09-28,Not_through_referral
4383,8/16/18 12:26,MALE,NA,1991-01-19,Not_through_referral
4384,8/26/18 13:26,FEMALE,NA,2000-07-27,Installed_through_referral
4385,9/16/18 17:11,MALE,NA,2018-09-16,Not_through_referral
4386,9/24/18 0:34,FEMALE,NA,1991-06-04,Not_through_referral
4387,9/11/18 21:17,MALE,NA,2000-04-16,Not_through_referral
4388,9/23/18 14:27,MALE,NA,1987-04-07,Not_through_referral
4389,9/27/18 17:19,FEMALE,NA,1991-10-27,Not_through_referral
4390,9/8/18 12:46,MALE,NA,2018-09-07,Installed_through_referral
4391,6/6/18 16:44,MALE,NA,1992-02-04,Installed_through_referral
4392,6/23/18 11:45,FEMALE,NA,1992-12-11,Installed_through_referral
4393,8/10/18 18:54,MALE,NA,2018-08-10,Not_through_referral
4394,6/17/18 18:14,MALE,NA,1972-10-24,Not_through_referral
4395,6/20/18 15:16,FEMALE,NA,2007-12-13,Installed_through_referral
4396,6/24/18 15:23,FEMALE,NA,1993-10-26,Installed_through_referral
4397,7/21/18 15:25,MALE,NA,1987-02-21,Not_through_referral
4398,7/30/18 8:01,NA,NA,1900-01-00,Not_through_referral
4399,8/4/18 15:16,MALE,NA,1999-07-17,Not_through_referral
4400,6/10/18 17:47,MALE,NA,1992-03-12,Not_through_referral
4401,6/20/18 21:24,MALE,NA,1987-11-27,Not_through_referral
4402,6/28/18 17:45,MALE,NA,1993-02-20,Installed_through_referral
4403,6/26/18 20:02,MALE,NA,1989-05-07,Not_through_referral
4404,6/28/18 20:07,MALE,NA,2018-05-13,Not_through_referral
4405,8/14/18 17:06,MALE,NA,1994-12-06,Installed_through_referral
4406,6/9/18 20:06,MALE,NA,1995-01-21,Installed_through_referral
4407,6/14/18 18:27,MALE,NA,1988-06-14,Not_through_referral
4408,6/16/18 14:37,MALE,NA,1995-06-14,Not_through_referral
4409,7/10/18 22:50,FEMALE,NA,1994-01-09,Not_through_referral
4410,8/3/18 21:05,MALE,NA,1999-08-13,Not_through_referral
4411,8/11/18 11:16,MALE,NA,1993-09-04,Installed_through_referral
4412,8/8/18 22:04,MALE,NA,1982-08-27,Not_through_referral
4413,6/24/18 14:09,MALE,NA,1989-07-13,Not_through_referral
4414,6/29/18 17:31,MALE,NA,1997-10-28,Installed_through_referral
4415,7/2/18 20:41,MALE,NA,1984-07-03,Not_through_referral
4416,7/9/18 8:50,MALE,NA,1991-03-14,Not_through_referral
4417,7/15/18 15:33,MALE,NA,1996-01-21,Not_through_referral
4418,8/10/18 11:20,MALE,NA,1997-01-01,Installed_through_referral
4419,6/10/18 19:54,MALE,NA,2018-06-10,Installed_through_referral
4420,6/16/18 19:20,MALE,NA,1989-09-18,Not_through_referral
4421,7/21/18 21:13,MALE,NA,1983-05-14,Not_through_referral
4422,8/9/18 6:06,MALE,NA,2018-08-09,Not_through_referral
4423,8/11/18 14:16,MALE,NA,2017-11-05,Not_through_referral
4424,8/6/18 16:04,MALE,NA,2004-06-14,Installed_through_referral
4425,6/7/18 19:47,MALE,NA,1984-12-01,Not_through_referral
4426,6/10/18 13:20,FEMALE,NA,2018-06-10,Not_through_referral
4427,6/11/18 2:21,MALE,NA,2018-06-11,Installed_through_referral
4428,6/13/18 15:15,FEMALE,NA,1994-12-29,Not_through_referral
4429,6/27/18 20:51,NA,NA,1900-01-00,Not_through_referral
4430,7/4/18 17:11,MALE,NA,1991-04-06,Not_through_referral
4431,7/11/18 21:23,MALE,NA,2018-07-09,Not_through_referral
4432,8/7/18 20:00,MALE,NA,1991-07-31,Not_through_referral
4433,8/9/18 20:48,MALE,NA,1997-05-23,Not_through_referral
4434,6/2/18 23:29,MALE,NA,1970-11-09,Not_through_referral
4435,6/12/18 12:22,MALE,NA,2009-08-10,Not_through_referral
4436,6/20/18 1:26,MALE,NA,2018-06-20,Not_through_referral
4437,7/6/18 14:51,MALE,NA,1985-04-22,Installed_through_referral
4438,7/12/18 15:25,MALE,NA,1986-02-08,Installed_through_referral
4439,8/13/18 19:44,MALE,NA,1985-12-01,Not_through_referral
4440,6/20/18 18:44,MALE,NA,2018-06-20,Not_through_referral
4441,6/14/18 7:47,MALE,NA,1998-08-26,Installed_through_referral
4442,6/26/18 7:38,NA,NA,1900-01-00,Not_through_referral
4443,7/12/18 12:15,NA,NA,1900-01-00,Not_through_referral
4444,7/21/18 18:19,MALE,NA,1985-07-21,Not_through_referral
4445,7/29/18 18:27,MALE,NA,1997-08-26,Installed_through_referral
4446,7/29/18 13:11,MALE,NA,2000-03-10,Installed_through_referral
4447,6/2/18 19:55,MALE,NA,1997-03-01,Installed_through_referral
4448,6/3/18 19:24,MALE,NA,1990-09-11,Installed_through_referral
4449,6/9/18 18:58,MALE,NA,1977-02-23,Installed_through_referral
4450,6/11/18 18:58,FEMALE,NA,1993-10-10,Not_through_referral
4451,6/21/18 18:49,MALE,NA,1988-09-02,Not_through_referral
4452,6/29/18 11:19,MALE,NA,1987-06-10,Installed_through_referral
4453,7/14/18 17:40,MALE,NA,1990-10-14,Not_through_referral
4454,7/29/18 22:38,MALE,NA,1988-11-12,Not_through_referral
4455,8/8/18 13:07,MALE,NA,1997-08-08,Not_through_referral
4456,8/4/18 21:04,MALE,NA,1984-07-20,Installed_through_referral
4457,9/8/18 16:54,MALE,NA,1992-07-10,Not_through_referral
4458,8/17/18 11:00,FEMALE,NA,1987-12-31,Installed_through_referral
4459,9/24/18 13:50,MALE,NA,1985-08-25,Not_through_referral
4460,8/24/18 11:55,MALE,NA,2000-08-01,Not_through_referral
4461,8/15/18 12:41,MALE,NA,1999-08-24,Installed_through_referral
4462,8/24/18 13:48,FEMALE,NA,1999-07-02,Installed_through_referral
4463,8/21/18 15:30,MALE,NA,1996-09-26,Installed_through_referral
4464,8/25/18 17:01,FEMALE,NA,1997-04-08,Installed_through_referral
4465,9/5/18 19:03,MALE,NA,1996-04-09,Installed_through_referral
4466,9/8/18 21:22,MALE,NA,1990-04-12,Not_through_referral
4467,9/26/18 23:01,NA,NA,1900-01-00,Not_through_referral
4468,9/20/18 20:11,MALE,NA,1990-11-20,Not_through_referral
4469,8/21/18 14:50,FEMALE,NA,1999-09-01,Installed_through_referral
4470,8/20/18 22:20,NA,NA,1900-01-00,Not_through_referral
4471,8/27/18 18:06,NA,NA,1900-01-00,Not_through_referral
4472,9/2/18 18:44,FEMALE,NA,1997-05-02,Installed_through_referral
4473,9/16/18 0:52,MALE,NA,1996-11-15,Not_through_referral
4474,9/26/18 18:45,MALE,NA,1975-07-27,Not_through_referral
4475,9/29/18 16:33,NA,NA,1900-01-00,Not_through_referral
4476,8/20/18 22:01,MALE,NA,1987-04-11,Not_through_referral
4477,8/18/18 14:52,MALE,NA,2018-08-09,Installed_through_referral
4478,8/20/18 22:26,MALE,NA,2018-08-20,Installed_through_referral
4479,9/9/18 23:11,MALE,NA,1995-08-09,Not_through_referral
4480,6/5/18 22:17,MALE,NA,1995-11-22,Not_through_referral
4481,6/6/18 16:40,MALE,NA,2018-06-06,Not_through_referral
4482,6/20/18 12:00,MALE,NA,1996-07-07,Not_through_referral
4483,6/21/18 1:21,MALE,NA,1994-06-21,Installed_through_referral
4484,6/28/18 14:02,MALE,NA,2018-06-28,Not_through_referral
4485,7/19/18 14:50,MALE,NA,1996-01-31,Installed_through_referral
4486,7/31/18 22:15,MALE,NA,1991-10-20,Not_through_referral
4487,8/9/18 22:51,MALE,NA,1994-08-09,Installed_through_referral
4488,8/14/18 18:54,FEMALE,NA,1997-06-23,Not_through_referral
4489,6/6/18 21:18,MALE,NA,1998-02-03,Not_through_referral
4490,6/4/18 9:03,MALE,NA,1973-07-25,Installed_through_referral
4491,6/15/18 23:54,MALE,NA,2017-07-29,Not_through_referral
4492,6/19/18 20:48,MALE,NA,2010-12-28,Installed_through_referral
4493,6/18/18 13:56,MALE,NA,1988-12-15,Installed_through_referral
4494,7/3/18 17:39,MALE,NA,1985-10-15,Not_through_referral
4495,7/11/18 19:20,MALE,NA,1992-03-11,Not_through_referral
4496,6/25/18 12:29,MALE,NA,2012-06-30,Installed_through_referral
4497,6/23/18 8:08,MALE,NA,1999-09-15,Not_through_referral
4498,7/9/18 16:46,FEMALE,NA,1990-08-08,Installed_through_referral
4499,7/2/18 17:50,MALE,NA,2003-02-01,Not_through_referral
4500,7/12/18 22:11,MALE,NA,1994-09-13,Not_through_referral
4501,7/13/18 16:30,MALE,NA,2018-07-13,Installed_through_referral
4502,7/18/18 7:26,MALE,NA,2018-07-18,Installed_through_referral
4503,8/6/18 18:40,FEMALE,NA,1999-11-15,Not_through_referral
4504,6/8/18 18:17,MALE,NA,1975-05-02,Not_through_referral
4505,6/19/18 18:25,MALE,NA,1998-05-28,Not_through_referral
4506,6/20/18 17:23,FEMALE,NA,2018-04-19,Not_through_referral
4507,7/4/18 21:14,MALE,NA,1990-10-25,Not_through_referral
4508,7/21/18 18:52,MALE,NA,1998-07-25,Not_through_referral
4509,7/20/18 19:49,MALE,NA,2002-01-02,Not_through_referral
4510,7/31/18 12:43,FEMALE,NA,1998-06-09,Not_through_referral
4511,8/2/18 14:51,MALE,NA,1994-01-17,Not_through_referral
4512,7/28/18 16:30,FEMALE,NA,1994-07-08,Installed_through_referral
4513,7/28/18 20:20,FEMALE,NA,1993-10-06,Not_through_referral
4514,8/12/18 17:44,MALE,NA,2000-08-06,Installed_through_referral
4515,8/12/18 22:02,MALE,NA,1979-03-24,Installed_through_referral
4516,8/6/18 10:00,FEMALE,NA,2018-08-06,Not_through_referral
4517,6/8/18 12:25,MALE,NA,1994-06-23,Installed_through_referral
4518,7/11/18 16:23,MALE,NA,2018-07-11,Not_through_referral
4519,7/14/18 23:08,MALE,NA,1997-12-17,Not_through_referral
4520,7/17/18 19:45,MALE,NA,2018-07-17,Installed_through_referral
4521,8/4/18 20:38,FEMALE,NA,1985-09-30,Installed_through_referral
4522,8/9/18 11:53,MALE,NA,2010-10-14,Not_through_referral
4523,6/10/18 18:53,MALE,NA,1982-12-19,Not_through_referral
4524,6/18/18 11:42,MALE,NA,1987-05-21,Not_through_referral
4525,6/29/18 17:41,FEMALE,NA,1974-12-23,Not_through_referral
4526,6/22/18 17:43,FEMALE,NA,1996-08-13,Installed_through_referral
4527,6/28/18 20:11,MALE,NA,1992-11-28,Not_through_referral
4528,7/2/18 19:37,MALE,NA,1983-05-12,Not_through_referral
4529,7/22/18 18:19,FEMALE,NA,1989-08-24,Not_through_referral
4530,8/2/18 15:31,MALE,NA,2017-09-09,Not_through_referral
4531,8/6/18 16:16,FEMALE,NA,1996-10-13,Not_through_referral
4532,6/8/18 18:27,MALE,NA,1998-03-02,Not_through_referral
4533,6/19/18 18:49,MALE,NA,2018-06-19,Not_through_referral
4534,6/26/18 15:06,MALE,NA,2018-06-11,Not_through_referral
4535,8/1/18 13:34,FEMALE,NA,1980-08-22,Not_through_referral
4536,8/14/18 1:01,FEMALE,NA,1994-12-23,Not_through_referral
4537,6/8/18 16:24,MALE,NA,1988-03-24,Not_through_referral
4538,6/28/18 17:19,FEMALE,NA,2018-06-28,Not_through_referral
4539,6/26/18 16:17,MALE,NA,1990-08-03,Not_through_referral
4540,7/11/18 16:14,MALE,NA,1998-09-29,Not_through_referral
4541,7/1/18 14:24,NA,NA,1900-01-00,Not_through_referral
4542,7/15/18 20:53,MALE,NA,1993-10-06,Installed_through_referral
4543,6/2/18 10:24,MALE,NA,1994-06-02,Installed_through_referral
4544,6/12/18 16:31,MALE,NA,1989-06-24,Not_through_referral
4545,6/19/18 14:06,MALE,NA,1998-10-11,Installed_through_referral
4546,6/15/18 16:53,FEMALE,NA,1991-04-20,Not_through_referral
4547,6/23/18 19:37,MALE,NA,1965-09-20,Not_through_referral
4548,7/2/18 16:25,MALE,NA,1967-07-02,Installed_through_referral
4549,7/1/18 16:21,FEMALE,NA,1990-12-31,Not_through_referral
4550,7/15/18 10:38,FEMALE,NA,2000-08-23,Not_through_referral
4551,7/18/18 17:51,MALE,NA,2000-02-29,Installed_through_referral
4552,6/9/18 18:58,MALE,NA,1988-09-25,Not_through_referral
4553,6/25/18 12:50,MALE,NA,1987-01-18,Not_through_referral
4554,6/23/18 17:20,MALE,NA,2006-08-10,Not_through_referral
4555,7/9/18 20:29,MALE,NA,1995-03-10,Not_through_referral
4556,7/25/18 19:25,MALE,NA,1990-03-16,Not_through_referral
4557,8/10/18 19:11,FEMALE,NA,1985-03-07,Not_through_referral
4558,8/16/18 1:51,MALE,NA,1997-04-25,Not_through_referral
4559,8/24/18 20:36,FEMALE,NA,1981-10-18,Not_through_referral
4560,8/17/18 19:23,NA,NA,1900-01-00,Not_through_referral
4561,9/5/18 18:25,FEMALE,NA,1998-05-30,Not_through_referral
4562,9/2/18 3:24,FEMALE,NA,1999-02-11,Installed_through_referral
4563,8/27/18 17:10,MALE,NA,1993-06-27,Installed_through_referral
4564,9/10/18 17:05,MALE,NA,1963-09-10,Not_through_referral
4565,8/31/18 16:16,MALE,NA,1989-11-12,Installed_through_referral
4566,8/31/18 16:51,FEMALE,NA,2018-08-31,Installed_through_referral
4567,9/6/18 23:02,NA,NA,1900-01-00,Installed_through_referral
4568,8/25/18 15:59,MALE,NA,1995-06-23,Not_through_referral
4569,8/27/18 22:32,MALE,NA,1999-02-17,Not_through_referral
4570,8/15/18 21:20,FEMALE,NA,2015-01-07,Not_through_referral
4571,9/17/18 19:44,MALE,NA,1992-01-29,Not_through_referral
4572,9/20/18 20:06,MALE,NA,1986-06-25,Not_through_referral
4573,8/20/18 23:40,FEMALE,NA,1999-11-09,Not_through_referral
4574,8/24/18 17:43,MALE,NA,2018-06-12,Not_through_referral
4575,8/20/18 14:10,FEMALE,NA,1997-04-16,Not_through_referral
4576,8/26/18 7:18,MALE,NA,1991-04-08,Not_through_referral
4577,8/27/18 20:15,MALE,NA,1980-08-22,Installed_through_referral
4578,9/9/18 16:42,MALE,NA,1998-04-06,Installed_through_referral
4579,9/24/18 15:34,MALE,NA,1996-02-24,Installed_through_referral
4580,8/15/18 19:38,MALE,NA,2018-04-08,Not_through_referral
4581,8/24/18 14:26,MALE,NA,1982-11-09,Installed_through_referral
4582,8/25/18 21:21,MALE,NA,2018-08-25,Not_through_referral
4583,8/28/18 18:11,MALE,NA,2000-10-29,Installed_through_referral
4584,9/9/18 3:43,FEMALE,NA,1990-11-22,Not_through_referral
4585,9/11/18 14:31,MALE,NA,1999-09-03,Installed_through_referral
4586,6/5/18 9:27,MALE,NA,1998-07-10,Not_through_referral
4587,6/5/18 13:25,MALE,NA,2018-06-05,Installed_through_referral
4588,6/13/18 15:44,MALE,NA,2006-05-16,Not_through_referral
4589,6/16/18 15:37,FEMALE,NA,1998-09-18,Not_through_referral
4590,6/25/18 15:04,FEMALE,NA,1992-07-08,Installed_through_referral
4591,6/30/18 19:59,MALE,NA,2018-06-30,Not_through_referral
4592,8/11/18 22:20,FEMALE,NA,1995-08-25,Not_through_referral
4593,8/10/18 3:28,FEMALE,NA,1999-08-14,Not_through_referral
4594,6/16/18 11:12,MALE,NA,1995-07-16,Installed_through_referral
4595,6/24/18 18:25,MALE,NA,2018-06-24,Not_through_referral
4596,6/28/18 20:24,MALE,NA,2018-02-09,Not_through_referral
4597,8/5/18 8:57,MALE,NA,1974-05-09,Not_through_referral
4598,8/8/18 9:40,FEMALE,NA,2018-05-09,Not_through_referral
4599,8/9/18 12:44,MALE,NA,1996-09-07,Not_through_referral
4600,6/16/18 20:58,MALE,NA,2017-11-10,Not_through_referral
4601,6/15/18 18:01,MALE,NA,1991-12-07,Not_through_referral
4602,7/2/18 15:43,FEMALE,NA,1996-07-22,Not_through_referral
4603,7/16/18 23:31,FEMALE,NA,1992-07-29,Not_through_referral
4604,6/10/18 7:08,MALE,NA,1996-02-16,Not_through_referral
4605,6/23/18 15:46,MALE,NA,2018-06-23,Installed_through_referral
4606,7/19/18 19:41,FEMALE,NA,1991-02-25,Not_through_referral
4607,7/12/18 19:58,MALE,NA,1992-11-27,Installed_through_referral
4608,7/19/18 17:29,MALE,NA,1998-03-17,Not_through_referral
4609,8/13/18 18:35,MALE,NA,2018-08-06,Not_through_referral
4610,8/9/18 12:50,MALE,NA,1996-11-15,Not_through_referral
4611,6/1/18 1:11,MALE,NA,1998-06-30,Not_through_referral
4612,6/8/18 16:50,MALE,NA,1999-03-09,Not_through_referral
4613,6/18/18 19:46,MALE,NA,1993-05-06,Not_through_referral
4614,7/6/18 21:35,MALE,NA,1997-05-01,Not_through_referral
4615,7/17/18 15:07,MALE,NA,1996-08-05,Installed_through_referral
4616,7/21/18 20:53,MALE,NA,1983-08-09,Not_through_referral
4617,8/3/18 13:49,FEMALE,NA,1994-12-18,Not_through_referral
4618,8/8/18 11:51,FEMALE,NA,1999-05-11,Installed_through_referral
4619,8/10/18 20:43,MALE,NA,2018-08-10,Not_through_referral
4620,8/11/18 18:53,MALE,NA,1997-07-03,Not_through_referral
4621,6/1/18 16:45,MALE,NA,1984-06-23,Installed_through_referral
4622,6/12/18 21:45,MALE,NA,1997-07-10,Installed_through_referral
4623,6/9/18 15:32,MALE,NA,1984-11-26,Not_through_referral
4624,6/6/18 2:53,NA,NA,1900-01-00,Not_through_referral
4625,6/17/18 8:51,MALE,NA,2018-06-17,Installed_through_referral
4626,6/28/18 17:06,FEMALE,NA,1983-06-07,Not_through_referral
4627,7/16/18 1:51,MALE,NA,1992-08-01,Not_through_referral
4628,7/31/18 19:04,MALE,NA,1994-09-28,Not_through_referral
4629,8/14/18 18:02,FEMALE,NA,2017-11-09,Not_through_referral
4630,8/12/18 18:34,MALE,NA,1999-08-27,Not_through_referral
4631,8/14/18 15:44,MALE,NA,1976-09-21,Not_through_referral
4632,8/11/18 16:04,MALE,NA,2001-04-13,Not_through_referral
4633,6/1/18 19:23,MALE,NA,1992-12-25,Not_through_referral
4634,6/5/18 13:24,FEMALE,NA,1984-08-19,Installed_through_referral
4635,6/3/18 16:14,FEMALE,NA,1994-11-10,Not_through_referral
4636,6/19/18 16:42,FEMALE,NA,1987-07-01,Not_through_referral
4637,6/13/18 0:18,MALE,NA,1997-09-06,Installed_through_referral
4638,6/14/18 14:36,MALE,NA,1999-04-08,Not_through_referral
4639,7/7/18 16:30,FEMALE,NA,1989-06-09,Installed_through_referral
4640,8/11/18 16:24,MALE,NA,1992-09-13,Not_through_referral
4641,8/5/18 13:01,FEMALE,NA,2000-11-01,Not_through_referral
4642,8/8/18 19:14,MALE,NA,1997-08-19,Not_through_referral
4643,6/27/18 19:45,MALE,NA,1984-08-21,Not_through_referral
4644,6/30/18 9:30,MALE,NA,1995-05-12,Installed_through_referral
4645,7/8/18 12:16,FEMALE,NA,1996-05-10,Installed_through_referral
4646,7/8/18 18:06,MALE,NA,2018-07-08,Not_through_referral
4647,8/3/18 13:12,MALE,NA,2018-03-24,Not_through_referral
4648,7/23/18 18:25,FEMALE,NA,1992-07-08,Not_through_referral
4649,8/11/18 20:57,FEMALE,NA,1996-03-28,Not_through_referral
4650,8/5/18 20:53,MALE,NA,2016-08-31,Not_through_referral
4651,6/8/18 12:21,MALE,NA,1977-06-08,Not_through_referral
4652,6/6/18 11:40,MALE,NA,1992-09-27,Not_through_referral
4653,6/6/18 20:27,MALE,NA,1995-06-23,Installed_through_referral
4654,6/16/18 9:25,MALE,NA,1982-07-14,Not_through_referral
4655,6/21/18 17:24,FEMALE,NA,2018-04-13,Installed_through_referral
4656,6/16/18 12:51,MALE,NA,1995-09-11,Not_through_referral
4657,7/6/18 15:45,MALE,NA,1987-11-18,Not_through_referral
4658,7/5/18 19:02,FEMALE,NA,1997-03-15,Not_through_referral
4659,7/16/18 10:32,MALE,NA,1999-10-04,Installed_through_referral
4660,7/17/18 22:33,MALE,NA,1992-10-08,Installed_through_referral
4661,7/25/18 18:00,MALE,NA,1993-08-24,Not_through_referral
4662,7/27/18 9:58,MALE,NA,1992-08-07,Installed_through_referral
4663,8/5/18 9:18,FEMALE,NA,1993-08-27,Not_through_referral
4664,6/9/18 10:18,FEMALE,NA,1984-09-30,Installed_through_referral
4665,6/8/18 14:58,MALE,NA,2018-06-08,Not_through_referral
4666,6/15/18 9:48,MALE,NA,2008-10-31,Installed_through_referral
4667,6/18/18 19:23,MALE,NA,1958-10-15,Not_through_referral
4668,6/13/18 0:39,MALE,NA,1995-06-13,Installed_through_referral
4669,6/19/18 16:23,MALE,NA,2018-06-19,Not_through_referral
4670,6/21/18 15:17,MALE,NA,1997-10-03,Not_through_referral
4671,7/6/18 11:23,MALE,NA,2002-05-16,Installed_through_referral
4672,7/29/18 19:06,MALE,NA,1979-12-10,Not_through_referral
4673,7/25/18 18:57,MALE,NA,1999-10-20,Installed_through_referral
4674,8/8/18 13:57,MALE,NA,1991-01-02,Not_through_referral
4675,8/31/18 23:34,MALE,NA,1997-02-19,Not_through_referral
4676,9/1/18 20:10,FEMALE,NA,1999-03-14,Not_through_referral
4677,9/10/18 16:56,MALE,NA,1981-09-10,Not_through_referral
4678,9/21/18 12:41,MALE,NA,1991-09-21,Not_through_referral
4679,8/19/18 12:58,MALE,NA,1995-02-01,Installed_through_referral
4680,9/5/18 19:31,MALE,NA,2018-09-05,Not_through_referral
4681,9/22/18 13:49,MALE,NA,2018-09-11,Not_through_referral
4682,9/27/18 16:33,MALE,NA,1990-02-07,Installed_through_referral
4683,9/11/18 16:17,FEMALE,NA,1990-08-26,Not_through_referral
4684,9/10/18 18:42,MALE,NA,1994-08-16,Not_through_referral
4685,9/24/18 14:14,MALE,NA,2002-10-27,Not_through_referral
4686,8/14/18 22:17,MALE,NA,2000-08-01,Not_through_referral
4687,9/29/18 15:31,MALE,NA,1993-09-10,Not_through_referral
4688,8/19/18 11:28,MALE,NA,2014-01-24,Not_through_referral
4689,8/25/18 10:31,MALE,NA,1975-02-08,Not_through_referral
4690,9/5/18 18:55,FEMALE,NA,1985-02-13,Not_through_referral
4691,8/31/18 13:57,MALE,NA,2000-08-10,Not_through_referral
4692,9/2/18 14:28,MALE,NA,2018-04-20,Not_through_referral
4693,8/25/18 14:40,FEMALE,NA,2018-07-18,Not_through_referral
4694,8/24/18 12:04,MALE,NA,1994-10-26,Not_through_referral
4695,9/13/18 14:08,MALE,NA,1990-06-15,Not_through_referral
4696,9/18/18 16:33,MALE,NA,1999-03-21,Not_through_referral
4697,8/23/18 10:15,FEMALE,NA,2002-08-26,Installed_through_referral
4698,9/1/18 15:02,MALE,NA,1997-05-26,Not_through_referral
4699,8/28/18 0:47,MALE,NA,2018-05-08,Installed_through_referral
4700,9/18/18 11:31,FEMALE,NA,1992-09-10,Not_through_referral
4701,6/3/18 14:13,FEMALE,NA,1993-11-24,Not_through_referral
4702,6/12/18 12:45,MALE,NA,1996-05-06,Not_through_referral
4703,6/21/18 13:42,MALE,NA,1989-08-31,Not_through_referral
4704,6/23/18 22:52,MALE,NA,2017-11-14,Not_through_referral
4705,6/25/18 19:15,MALE,NA,1990-06-25,Installed_through_referral
4706,6/28/18 21:04,MALE,NA,1991-06-18,Not_through_referral
4707,6/29/18 8:58,MALE,NA,1976-09-18,Installed_through_referral
4708,6/30/18 1:31,MALE,NA,2018-06-30,Not_through_referral
4709,6/25/18 16:53,FEMALE,NA,1998-05-04,Not_through_referral
4710,7/22/18 16:07,MALE,NA,2018-07-22,Not_through_referral
4711,6/14/18 13:18,FEMALE,NA,2011-11-30,Not_through_referral
4712,6/18/18 11:09,FEMALE,NA,1995-04-03,Not_through_referral
4713,6/19/18 15:09,FEMALE,NA,1998-08-22,Not_through_referral
4714,7/4/18 18:38,FEMALE,NA,2018-07-04,Not_through_referral
4715,6/1/18 15:20,MALE,NA,2018-06-01,Not_through_referral
4716,6/2/18 2:57,FEMALE,NA,1990-04-20,Installed_through_referral
4717,6/19/18 14:58,MALE,NA,1980-03-28,Not_through_referral
4718,6/16/18 17:07,MALE,NA,2018-06-14,Not_through_referral
4719,6/21/18 14:41,MALE,NA,1988-12-01,Not_through_referral
4720,6/24/18 19:23,MALE,NA,2018-06-24,Not_through_referral
4721,7/4/18 21:27,FEMALE,NA,1988-03-20,Not_through_referral
4722,7/3/18 15:11,FEMALE,NA,2001-10-11,Not_through_referral
4723,7/7/18 10:49,FEMALE,NA,1998-10-27,Not_through_referral
4724,7/18/18 15:06,MALE,NA,1997-07-13,Not_through_referral
4725,7/20/18 19:55,MALE,NA,1994-07-20,Installed_through_referral
4726,6/1/18 20:12,MALE,NA,1999-03-20,Not_through_referral
4727,6/12/18 18:50,MALE,NA,1992-06-16,Not_through_referral
4728,6/4/18 18:46,MALE,NA,1993-08-29,Not_through_referral
4729,6/9/18 18:38,MALE,NA,1986-10-03,Not_through_referral
4730,6/19/18 14:58,MALE,NA,1987-02-11,Not_through_referral
4731,6/21/18 19:00,FEMALE,NA,1996-06-12,Not_through_referral
4732,7/10/18 21:19,MALE,NA,2000-07-02,Not_through_referral
4733,7/17/18 19:02,MALE,NA,1986-07-17,Installed_through_referral
4734,7/16/18 15:58,MALE,NA,1985-08-01,Not_through_referral
4735,7/22/18 20:56,MALE,NA,1997-07-02,Installed_through_referral
4736,6/3/18 10:50,MALE,NA,1992-05-22,Not_through_referral
4737,6/18/18 16:55,MALE,NA,2018-06-18,Not_through_referral
4738,6/22/18 21:10,MALE,NA,1978-07-17,Not_through_referral
4739,7/18/18 15:09,FEMALE,NA,1995-12-18,Installed_through_referral
4740,7/24/18 5:14,MALE,NA,1983-01-01,Not_through_referral
4741,7/27/18 10:17,FEMALE,NA,1997-04-27,Not_through_referral
4742,6/17/18 13:14,FEMALE,NA,1998-09-05,Not_through_referral
4743,6/25/18 15:00,MALE,NA,1997-09-06,Not_through_referral
4744,6/27/18 17:46,MALE,NA,1984-05-30,Not_through_referral
4745,7/14/18 15:34,MALE,NA,1993-03-30,Not_through_referral
4746,7/28/18 0:47,MALE,NA,1993-08-26,Not_through_referral
4747,8/3/18 15:58,FEMALE,NA,1997-04-19,Not_through_referral
4748,8/6/18 17:19,MALE,NA,1983-05-20,Not_through_referral
4749,6/9/18 23:36,MALE,NA,1985-07-21,Installed_through_referral
4750,6/4/18 16:19,MALE,NA,1991-09-05,Not_through_referral
4751,6/18/18 19:32,MALE,NA,1985-06-18,Not_through_referral
4752,7/1/18 9:46,MALE,NA,1958-05-29,Not_through_referral
4753,7/1/18 20:59,FEMALE,NA,1987-10-13,Not_through_referral
4754,8/4/18 18:51,MALE,NA,1997-05-26,Installed_through_referral
4755,8/6/18 14:53,FEMALE,NA,1993-12-15,Not_through_referral
4756,6/12/18 21:12,MALE,NA,1999-08-01,Not_through_referral
4757,6/9/18 13:11,FEMALE,NA,1988-03-27,Not_through_referral
4758,6/6/18 10:34,MALE,NA,1992-10-09,Not_through_referral
4759,6/20/18 11:16,MALE,NA,1993-01-17,Installed_through_referral
4760,6/26/18 15:18,MALE,NA,1999-03-11,Not_through_referral
4761,6/30/18 16:25,FEMALE,NA,1992-06-30,Not_through_referral
4762,6/24/18 23:25,MALE,NA,1982-05-13,Not_through_referral
4763,7/9/18 22:31,MALE,NA,1986-03-03,Not_through_referral
4764,6/7/18 23:10,MALE,NA,1993-01-21,Installed_through_referral
4765,6/9/18 19:47,MALE,NA,2017-09-26,Not_through_referral
4766,6/25/18 15:24,MALE,NA,1989-07-27,Installed_through_referral
4767,6/28/18 22:00,FEMALE,NA,1979-06-06,Installed_through_referral
4768,7/14/18 19:41,MALE,NA,1998-11-16,Installed_through_referral
4769,7/19/18 0:05,MALE,NA,2000-11-20,Not_through_referral
4770,7/20/18 8:37,MALE,NA,2017-12-19,Not_through_referral
4771,8/1/18 12:26,MALE,NA,2018-08-01,Not_through_referral
4772,6/10/18 19:53,MALE,NA,1968-01-16,Installed_through_referral
4773,6/19/18 16:40,FEMALE,NA,2018-06-19,Not_through_referral
4774,6/24/18 17:21,MALE,NA,2018-02-09,Installed_through_referral
4775,6/27/18 19:53,FEMALE,NA,2018-06-27,Not_through_referral
4776,7/14/18 17:39,FEMALE,NA,1995-02-15,Not_through_referral
4777,7/21/18 14:22,FEMALE,NA,2018-07-20,Not_through_referral
4778,7/22/18 23:37,MALE,NA,1972-06-15,Not_through_referral
4779,7/23/18 16:58,MALE,NA,1994-02-03,Not_through_referral
4780,8/12/18 14:25,MALE,NA,1997-11-14,Not_through_referral
4781,9/4/18 23:11,MALE,NA,1996-09-04,Installed_through_referral
4782,9/13/18 18:34,MALE,NA,1994-09-03,Not_through_referral
4783,9/24/18 15:50,MALE,NA,1988-08-11,Not_through_referral
4784,8/23/18 20:35,MALE,NA,2001-02-14,Not_through_referral
4785,8/31/18 20:44,FEMALE,NA,1990-09-02,Not_through_referral
4786,8/31/18 18:15,MALE,NA,1987-10-26,Not_through_referral
4787,8/24/18 12:04,MALE,NA,1996-09-06,Installed_through_referral
4788,9/5/18 12:19,FEMALE,NA,2018-09-01,Not_through_referral
4789,9/20/18 18:51,FEMALE,NA,1996-01-01,Not_through_referral
4790,8/15/18 14:29,MALE,NA,2018-08-15,Not_through_referral
4791,8/26/18 17:15,FEMALE,NA,1999-08-23,Not_through_referral
4792,9/6/18 1:30,FEMALE,NA,1988-08-17,Installed_through_referral
4793,9/15/18 18:55,MALE,NA,1995-11-27,Not_through_referral
4794,9/9/18 22:49,FEMALE,NA,2018-09-14,Not_through_referral
4795,9/5/18 2:29,MALE,NA,1990-06-11,Installed_through_referral
4796,9/14/18 18:29,FEMALE,NA,1995-06-14,Not_through_referral
4797,9/24/18 0:34,FEMALE,NA,1999-03-16,Not_through_referral
4798,8/21/18 14:30,FEMALE,NA,1987-02-04,Installed_through_referral
4799,8/29/18 2:11,MALE,NA,2018-08-29,Installed_through_referral
4800,9/19/18 18:23,MALE,NA,1978-08-12,Not_through_referral
4801,9/10/18 14:36,FEMALE,NA,1992-08-08,Not_through_referral
4802,9/26/18 2:54,FEMALE,NA,1995-09-25,Not_through_referral
4803,9/16/18 14:51,MALE,NA,1995-08-09,Not_through_referral
4804,9/19/18 19:54,MALE,NA,1999-09-03,Not_through_referral
4805,9/22/18 20:50,FEMALE,NA,2004-09-24,Not_through_referral
4806,6/9/18 10:55,MALE,NA,2018-05-17,Not_through_referral
4807,6/17/18 0:07,MALE,NA,1983-10-08,Not_through_referral
4808,6/30/18 17:21,MALE,NA,2018-06-30,Installed_through_referral
4809,6/22/18 20:29,MALE,NA,1987-06-30,Not_through_referral
4810,7/20/18 15:47,MALE,NA,1997-07-22,Installed_through_referral
4811,8/2/18 17:29,MALE,NA,1996-03-24,Not_through_referral
4812,6/23/18 14:22,MALE,NA,2018-06-23,Installed_through_referral
4813,6/24/18 17:57,MALE,NA,2018-06-20,Not_through_referral
4814,7/9/18 15:16,FEMALE,NA,1996-05-19,Installed_through_referral
4815,7/28/18 18:07,MALE,NA,1989-07-27,Not_through_referral
4816,8/7/18 2:24,MALE,NA,1995-10-24,Not_through_referral
4817,8/12/18 14:28,MALE,NA,1994-05-11,Installed_through_referral
4818,6/1/18 13:14,MALE,NA,2018-03-13,Not_through_referral
4819,6/25/18 14:27,FEMALE,NA,1989-07-24,Installed_through_referral
4820,6/24/18 20:04,MALE,NA,2018-02-14,Installed_through_referral
4821,6/29/18 18:40,MALE,NA,2001-03-30,Not_through_referral
4822,7/20/18 18:13,FEMALE,NA,1998-07-20,Installed_through_referral
4823,8/2/18 16:39,FEMALE,NA,1993-06-05,Not_through_referral
4824,8/8/18 12:51,MALE,NA,1992-11-24,Not_through_referral
4825,6/1/18 1:08,NA,NA,1900-01-00,Not_through_referral
4826,6/10/18 16:29,MALE,NA,2018-06-01,Installed_through_referral
4827,6/9/18 21:46,MALE,NA,1994-06-08,Not_through_referral
4828,6/10/18 23:38,MALE,NA,1992-05-18,Installed_through_referral
4829,6/12/18 22:33,MALE,NA,2016-09-22,Installed_through_referral
4830,6/13/18 12:18,FEMALE,NA,2001-02-26,Installed_through_referral
4831,6/21/18 16:23,MALE,NA,1998-09-08,Not_through_referral
4832,6/24/18 17:51,MALE,NA,2018-06-24,Not_through_referral
4833,6/24/18 7:05,MALE,NA,2018-02-01,Not_through_referral
4834,7/9/18 17:46,MALE,NA,2018-07-09,Installed_through_referral
4835,7/27/18 14:31,MALE,NA,1996-07-27,Installed_through_referral
4836,7/26/18 20:05,MALE,NA,1986-09-18,Not_through_referral
4837,7/30/18 13:20,MALE,NA,1996-08-25,Not_through_referral
4838,8/2/18 15:09,MALE,NA,1996-08-02,Installed_through_referral
4839,8/11/18 14:24,MALE,NA,1998-06-10,Not_through_referral
4840,6/2/18 12:25,MALE,NA,2000-06-02,Not_through_referral
4841,6/9/18 17:26,MALE,NA,2018-06-09,Installed_through_referral
4842,6/8/18 13:48,MALE,NA,2000-03-02,Not_through_referral
4843,6/16/18 21:41,MALE,NA,2016-09-08,Not_through_referral
4844,6/15/18 9:54,FEMALE,NA,1996-04-04,Not_through_referral
4845,6/25/18 14:59,MALE,NA,2000-07-19,Installed_through_referral
4846,6/26/18 12:02,FEMALE,NA,2000-06-01,Not_through_referral
4847,7/1/18 14:32,MALE,NA,1995-08-19,Not_through_referral
4848,7/11/18 13:18,MALE,NA,1987-07-26,Not_through_referral
4849,7/22/18 21:08,MALE,NA,2017-10-11,Not_through_referral
4850,8/14/18 0:45,MALE,NA,1961-08-07,Installed_through_referral
4851,6/1/18 15:49,MALE,NA,2018-06-01,Not_through_referral
4852,6/16/18 15:58,MALE,NA,1987-05-02,Not_through_referral
4853,6/27/18 11:43,MALE,NA,1979-07-18,Not_through_referral
4854,7/13/18 21:28,MALE,NA,1995-07-13,Not_through_referral
4855,7/17/18 0:45,MALE,NA,1994-11-15,Not_through_referral
4856,7/19/18 15:56,MALE,NA,1997-09-09,Not_through_referral
4857,8/6/18 11:26,MALE,NA,1996-06-01,Not_through_referral
4858,8/14/18 10:35,MALE,NA,1982-01-03,Not_through_referral
4859,6/28/18 19:11,MALE,NA,2018-01-04,Not_through_referral
4860,7/10/18 16:48,MALE,NA,1999-05-30,Not_through_referral
4861,7/11/18 18:15,FEMALE,NA,1996-06-07,Not_through_referral
4862,7/2/18 4:35,MALE,NA,1993-01-16,Not_through_referral
4863,7/15/18 15:16,FEMALE,NA,1988-09-15,Not_through_referral
4864,7/30/18 21:28,MALE,NA,1986-09-02,Not_through_referral
4865,7/25/18 10:01,FEMALE,NA,2018-07-18,Not_through_referral
4866,8/1/18 0:23,MALE,NA,1986-07-01,Not_through_referral
4867,7/25/18 18:32,FEMALE,NA,1992-12-12,Not_through_referral
4868,8/9/18 17:54,MALE,NA,1988-08-29,Not_through_referral
4869,6/8/18 15:09,FEMALE,NA,1982-08-10,Not_through_referral
4870,6/6/18 9:14,FEMALE,NA,1997-03-06,Installed_through_referral
4871,6/15/18 17:47,FEMALE,NA,1993-03-26,Installed_through_referral
4872,6/25/18 15:07,MALE,NA,1996-06-06,Not_through_referral
4873,7/4/18 15:11,MALE,NA,2018-07-02,Not_through_referral
4874,7/13/18 0:13,FEMALE,NA,1993-01-12,Not_through_referral
4875,7/24/18 20:34,MALE,NA,2018-03-05,Not_through_referral
4876,8/3/18 1:44,MALE,NA,1989-05-17,Installed_through_referral
4877,7/6/18 12:48,FEMALE,NA,1997-10-11,Not_through_referral
4878,7/25/18 11:20,FEMALE,NA,1996-12-30,Installed_through_referral
4879,8/12/18 12:09,FEMALE,NA,2018-01-21,Not_through_referral
4880,8/13/18 5:57,MALE,NA,1991-09-28,Not_through_referral
4881,6/9/18 12:44,MALE,NA,2018-06-09,Not_through_referral
4882,6/5/18 19:45,MALE,NA,2002-11-28,Not_through_referral
4883,7/3/18 19:59,MALE,NA,1984-06-04,Not_through_referral
4884,7/5/18 22:09,FEMALE,NA,1992-07-12,Not_through_referral
4885,7/18/18 11:54,MALE,NA,1975-02-24,Installed_through_referral
4886,8/22/18 20:32,MALE,NA,1979-09-05,Installed_through_referral
4887,8/20/18 21:56,FEMALE,NA,1986-07-07,Not_through_referral
4888,8/25/18 19:53,MALE,NA,1999-08-25,Not_through_referral
4889,9/10/18 1:34,FEMALE,NA,1998-11-19,Installed_through_referral
4890,9/15/18 14:26,MALE,NA,1982-09-15,Installed_through_referral
4891,8/16/18 8:53,MALE,NA,1986-02-02,Not_through_referral
4892,8/25/18 23:59,MALE,NA,1993-05-22,Installed_through_referral
4893,9/3/18 16:17,MALE,NA,2000-03-27,Installed_through_referral
4894,9/23/18 18:21,FEMALE,NA,2008-02-14,Not_through_referral
4895,9/6/18 15:27,MALE,NA,1996-03-07,Installed_through_referral
4896,9/7/18 16:29,MALE,NA,1999-08-12,Not_through_referral
4897,8/25/18 22:15,MALE,NA,1998-05-25,Not_through_referral
4898,8/25/18 20:39,NA,NA,1900-01-00,Not_through_referral
4899,8/22/18 18:09,MALE,NA,2000-01-03,Installed_through_referral
4900,8/21/18 12:09,MALE,NA,2005-05-21,Not_through_referral
4901,9/21/18 14:57,FEMALE,NA,1995-09-04,Not_through_referral
4902,9/10/18 13:51,MALE,NA,1975-09-11,Installed_through_referral
4903,9/29/18 13:49,FEMALE,NA,1994-04-20,Installed_through_referral
4904,9/3/18 20:37,FEMALE,NA,2002-05-26,Not_through_referral
4905,9/13/18 21:47,MALE,NA,2000-01-08,Not_through_referral
4906,8/28/18 14:42,MALE,NA,1993-06-22,Installed_through_referral
4907,9/1/18 20:10,FEMALE,NA,1992-01-23,Not_through_referral
4908,8/28/18 19:50,MALE,NA,1985-07-31,Not_through_referral
4909,9/24/18 20:43,MALE,NA,2018-09-24,Installed_through_referral
4910,6/9/18 10:48,MALE,NA,1997-03-18,Installed_through_referral
4911,6/9/18 16:47,MALE,NA,2018-03-30,Not_through_referral
4912,6/25/18 14:38,MALE,NA,1994-06-27,Not_through_referral
4913,7/2/18 21:12,MALE,NA,2000-01-12,Not_through_referral
4914,7/10/18 11:20,MALE,NA,1986-06-01,Not_through_referral
4915,7/29/18 22:29,MALE,NA,1997-10-13,Not_through_referral
4916,7/30/18 20:11,MALE,NA,2018-07-30,Installed_through_referral
4917,6/10/18 13:55,MALE,NA,2018-06-10,Installed_through_referral
4918,6/4/18 23:18,FEMALE,NA,1993-04-07,Installed_through_referral
4919,6/12/18 15:15,MALE,NA,2018-06-12,Not_through_referral
4920,6/18/18 14:02,MALE,NA,1992-07-18,Installed_through_referral
4921,6/26/18 6:08,MALE,NA,1964-06-26,Not_through_referral
4922,7/12/18 14:00,MALE,NA,1988-11-14,Not_through_referral
4923,6/3/18 13:03,MALE,NA,1989-04-14,Not_through_referral
4924,6/9/18 14:07,MALE,NA,1999-07-08,Not_through_referral
4925,6/18/18 14:19,MALE,NA,1986-07-26,Installed_through_referral
4926,6/21/18 18:46,MALE,NA,2018-06-21,Not_through_referral
4927,6/29/18 12:54,FEMALE,NA,1993-07-18,Installed_through_referral
4928,6/23/18 15:56,MALE,NA,1979-12-06,Not_through_referral
4929,7/18/18 19:25,FEMALE,NA,1997-07-10,Not_through_referral
4930,7/28/18 19:41,MALE,NA,1996-12-27,Not_through_referral
4931,8/3/18 18:32,MALE,NA,2018-08-03,Not_through_referral
4932,8/8/18 15:17,FEMALE,NA,1994-09-24,Not_through_referral
4933,6/3/18 22:40,MALE,NA,1979-03-21,Not_through_referral
4934,6/30/18 19:20,MALE,NA,1984-07-15,Not_through_referral
4935,7/2/18 22:12,MALE,NA,1999-07-02,Not_through_referral
4936,7/14/18 9:14,FEMALE,NA,1998-03-04,Not_through_referral
4937,7/27/18 19:42,MALE,NA,1991-06-17,Not_through_referral
4938,8/6/18 15:11,MALE,NA,2018-08-06,Not_through_referral
4939,6/16/18 20:45,MALE,NA,2001-01-19,Installed_through_referral
4940,6/22/18 11:09,MALE,NA,2018-06-01,Not_through_referral
4941,7/1/18 10:10,MALE,NA,1994-08-07,Not_through_referral
4942,6/24/18 15:36,MALE,NA,2018-06-21,Not_through_referral
4943,6/25/18 15:38,MALE,NA,2017-11-04,Not_through_referral
4944,7/2/18 23:09,MALE,NA,1997-10-07,Not_through_referral
4945,7/11/18 17:57,MALE,NA,2007-08-12,Installed_through_referral
4946,7/3/18 17:40,MALE,NA,1995-08-21,Not_through_referral
4947,7/16/18 17:59,MALE,NA,2018-07-16,Not_through_referral
4948,6/12/18 20:31,MALE,NA,1990-03-18,Not_through_referral
4949,6/6/18 16:12,MALE,NA,2018-06-06,Installed_through_referral
4950,6/11/18 20:37,FEMALE,NA,2000-04-10,Not_through_referral
4951,6/4/18 15:56,FEMALE,NA,1982-06-07,Not_through_referral
4952,6/14/18 21:28,FEMALE,NA,2017-12-21,Not_through_referral
4953,7/2/18 2:56,MALE,NA,1975-05-09,Not_through_referral
4954,7/9/18 10:22,MALE,NA,2016-12-01,Not_through_referral
4955,7/26/18 14:36,FEMALE,NA,1997-03-22,Not_through_referral
4956,8/11/18 22:31,MALE,NA,1990-02-02,Installed_through_referral
4957,8/11/18 22:20,MALE,NA,1982-03-16,Installed_through_referral
4958,8/5/18 11:53,FEMALE,NA,1993-06-15,Installed_through_referral
4959,8/4/18 20:47,MALE,NA,1978-08-04,Not_through_referral
4960,6/16/18 18:54,MALE,NA,1994-06-09,Not_through_referral
4961,6/13/18 23:02,MALE,NA,1999-11-29,Not_through_referral
4962,7/1/18 16:57,MALE,NA,1997-01-30,Not_through_referral
4963,7/4/18 11:46,MALE,NA,1992-08-16,Not_through_referral
4964,7/22/18 12:22,MALE,NA,1983-07-22,Not_through_referral
4965,7/31/18 14:06,MALE,NA,1999-05-13,Not_through_referral
4966,8/3/18 18:26,MALE,NA,1994-05-14,Not_through_referral
4967,8/14/18 10:15,MALE,NA,2006-08-01,Installed_through_referral
4968,6/2/18 17:29,FEMALE,NA,2018-05-11,Not_through_referral
4969,6/4/18 13:20,FEMALE,NA,2018-02-20,Not_through_referral
4970,6/24/18 13:58,MALE,NA,2018-06-24,Installed_through_referral
4971,6/23/18 18:53,MALE,NA,2018-06-23,Installed_through_referral
4972,6/28/18 14:00,MALE,NA,2018-06-28,Installed_through_referral
4973,6/1/18 17:27,MALE,NA,1988-03-07,Not_through_referral
4974,6/3/18 8:55,MALE,NA,2018-06-03,Installed_through_referral
4975,6/4/18 16:57,MALE,NA,2018-06-04,Installed_through_referral
4976,6/5/18 18:45,MALE,NA,1992-11-15,Not_through_referral
4977,6/10/18 10:42,FEMALE,NA,1992-09-24,Not_through_referral
4978,7/17/18 10:12,FEMALE,NA,1986-08-01,Installed_through_referral
4979,8/3/18 16:39,MALE,NA,1993-06-04,Installed_through_referral
4980,7/31/18 2:04,MALE,NA,1993-09-06,Installed_through_referral
4981,8/8/18 20:31,MALE,NA,1996-06-11,Installed_through_referral
4982,8/10/18 9:28,MALE,NA,1989-03-21,Not_through_referral
4983,8/5/18 17:48,FEMALE,NA,1997-06-14,Installed_through_referral
4984,6/1/18 18:10,MALE,NA,2018-06-01,Not_through_referral
4985,7/14/18 11:37,MALE,NA,1996-07-13,Installed_through_referral
4986,7/21/18 18:37,MALE,NA,1994-02-01,Not_through_referral
4987,7/16/18 12:05,FEMALE,NA,1999-05-09,Installed_through_referral
4988,7/25/18 21:22,FEMALE,NA,1994-02-27,Not_through_referral
4989,8/26/18 21:11,FEMALE,NA,1991-12-01,Not_through_referral
4990,8/25/18 23:02,MALE,NA,2018-08-25,Installed_through_referral
4991,9/9/18 4:28,MALE,NA,1990-10-18,Installed_through_referral
4992,8/19/18 13:21,MALE,NA,2002-08-23,Not_through_referral
4993,8/16/18 11:51,FEMALE,NA,1987-06-30,Not_through_referral
4994,9/10/18 13:06,FEMALE,NA,1998-11-07,Not_through_referral
4995,9/9/18 13:14,FEMALE,NA,1997-06-20,Installed_through_referral
4996,8/23/18 21:13,FEMALE,NA,1992-09-01,Not_through_referral
4997,8/27/18 11:05,MALE,NA,1998-08-03,Not_through_referral
4998,9/23/18 16:40,MALE,NA,1993-10-14,Installed_through_referral
4999,8/19/18 15:48,FEMALE,NA,1998-10-17,Installed_through_referral
5000,8/29/18 10:31,MALE,NA,2018-08-29,Installed_through_referral
5001,9/16/18 19:00,MALE,NA,1997-11-06,Installed_through_referral
5002,8/18/18 21:59,FEMALE,NA,1996-03-21,Installed_through_referral
5003,8/28/18 11:34,MALE,NA,2018-08-28,Installed_through_referral
5004,8/31/18 21:32,MALE,NA,1983-08-21,Not_through_referral
5005,8/23/18 21:36,MALE,NA,1996-04-17,Not_through_referral
5006,8/25/18 18:01,FEMALE,NA,1999-10-15,Not_through_referral
5007,8/14/18 21:30,FEMALE,NA,2018-08-05,Installed_through_referral
5008,8/16/18 14:16,MALE,NA,1993-09-15,Not_through_referral
5009,8/16/18 16:59,FEMALE,NA,2018-08-02,Not_through_referral
5010,9/2/18 22:11,MALE,NA,1995-04-10,Not_through_referral
5011,9/19/18 14:18,MALE,NA,1997-01-23,Not_through_referral
5012,6/10/18 17:17,FEMALE,NA,2018-06-10,Not_through_referral
5013,6/5/18 15:57,MALE,NA,1990-07-31,Not_through_referral
5014,6/28/18 16:08,MALE,NA,2018-06-29,Not_through_referral
5015,6/25/18 15:57,MALE,NA,2018-06-25,Installed_through_referral
5016,8/11/18 13:14,MALE,NA,1992-08-03,Not_through_referral
5017,6/11/18 18:01,MALE,NA,1990-03-30,Not_through_referral
5018,6/4/18 14:13,MALE,NA,1986-07-06,Not_through_referral
5019,6/22/18 19:24,MALE,NA,1994-01-03,Not_through_referral
5020,6/28/18 20:55,MALE,NA,1999-11-18,Not_through_referral
5021,7/25/18 18:39,MALE,NA,2018-07-25,Not_through_referral
5022,8/11/18 13:44,FEMALE,NA,1994-12-22,Not_through_referral
5023,8/8/18 9:38,MALE,NA,2003-08-08,Installed_through_referral
5024,6/4/18 12:54,MALE,NA,2018-06-04,Not_through_referral
5025,6/4/18 18:59,MALE,NA,1999-03-28,Not_through_referral
5026,6/5/18 0:06,MALE,NA,1997-09-22,Not_through_referral
5027,6/23/18 20:16,MALE,NA,2000-05-24,Not_through_referral
5028,6/24/18 13:41,MALE,NA,2000-12-20,Not_through_referral
5029,7/1/18 15:30,MALE,NA,1990-01-02,Not_through_referral
5030,7/19/18 8:26,FEMALE,NA,2018-07-19,Not_through_referral
5031,8/12/18 18:35,MALE,NA,1998-05-08,Installed_through_referral
5032,6/1/18 16:35,MALE,NA,2018-01-27,Not_through_referral
5033,6/8/18 12:03,MALE,NA,1993-04-21,Not_through_referral
5034,6/13/18 17:13,MALE,NA,1989-09-09,Not_through_referral
5035,6/22/18 7:30,MALE,NA,1989-08-07,Not_through_referral
5036,6/22/18 17:22,MALE,NA,1997-01-14,Not_through_referral
5037,7/10/18 1:13,MALE,NA,1997-10-14,Not_through_referral
5038,7/4/18 7:46,FEMALE,NA,1987-04-23,Not_through_referral
5039,7/10/18 0:06,MALE,NA,1995-10-27,Installed_through_referral
5040,7/5/18 17:55,MALE,NA,1991-07-05,Not_through_referral
5041,7/16/18 22:03,FEMALE,NA,1998-07-16,Installed_through_referral
5042,7/22/18 19:39,MALE,NA,1986-11-19,Not_through_referral
5043,7/24/18 17:20,MALE,NA,1983-08-05,Not_through_referral
5044,6/8/18 12:44,MALE,NA,1995-06-10,Not_through_referral
5045,6/10/18 15:29,FEMALE,NA,1992-04-17,Not_through_referral
5046,6/17/18 18:01,MALE,NA,1993-07-20,Not_through_referral
5047,6/14/18 16:18,FEMALE,NA,1992-03-23,Not_through_referral
5048,6/17/18 13:10,MALE,NA,1979-09-03,Not_through_referral
5049,6/23/18 15:20,MALE,NA,1987-11-25,Not_through_referral
5050,6/26/18 17:56,MALE,NA,2018-04-23,Not_through_referral
5051,8/8/18 14:45,NA,NA,1900-01-00,Not_through_referral
5052,8/8/18 14:04,FEMALE,NA,1992-04-16,Not_through_referral
5053,6/10/18 1:36,MALE,NA,1995-05-03,Not_through_referral
5054,6/7/18 11:15,MALE,NA,1988-10-14,Not_through_referral
5055,6/7/18 12:03,MALE,NA,1987-02-08,Not_through_referral
5056,6/9/18 19:08,MALE,NA,1988-04-12,Not_through_referral
5057,6/10/18 13:03,MALE,NA,1992-12-16,Not_through_referral
5058,6/15/18 10:46,MALE,NA,1992-04-25,Not_through_referral
5059,6/20/18 17:56,FEMALE,NA,1981-08-26,Not_through_referral
5060,6/13/18 16:14,MALE,NA,1995-11-19,Not_through_referral
5061,6/25/18 16:02,MALE,NA,1984-10-22,Installed_through_referral
5062,6/24/18 21:33,FEMALE,NA,1989-04-19,Not_through_referral
5063,6/30/18 17:43,MALE,NA,2018-02-15,Installed_through_referral
5064,7/10/18 14:48,FEMALE,NA,1999-07-16,Installed_through_referral
5065,7/22/18 21:08,MALE,NA,1995-03-18,Not_through_referral
5066,7/27/18 11:28,MALE,NA,1993-08-02,Not_through_referral
5067,8/2/18 12:45,MALE,NA,1986-10-02,Not_through_referral
5068,7/28/18 21:23,MALE,NA,1990-08-30,Not_through_referral
5069,6/2/18 16:43,FEMALE,NA,1991-12-15,Not_through_referral
5070,6/7/18 7:27,MALE,NA,1989-08-16,Installed_through_referral
5071,6/19/18 14:42,FEMALE,NA,1991-10-24,Not_through_referral
5072,6/22/18 22:20,FEMALE,NA,2001-06-22,Installed_through_referral
5073,7/16/18 15:35,FEMALE,NA,1971-11-16,Not_through_referral
5074,7/15/18 18:13,MALE,NA,1996-09-20,Not_through_referral
5075,7/26/18 17:33,FEMALE,NA,2018-02-08,Not_through_referral
5076,7/31/18 22:51,MALE,NA,1997-02-10,Not_through_referral
5077,8/2/18 11:40,MALE,NA,1986-07-12,Not_through_referral
5078,8/4/18 15:26,MALE,NA,1995-08-14,Not_through_referral
5079,6/16/18 12:51,MALE,NA,1992-01-03,Installed_through_referral
5080,7/29/18 15:21,MALE,NA,1999-08-27,Not_through_referral
5081,7/25/18 13:32,MALE,NA,1992-03-01,Not_through_referral
5082,7/31/18 16:00,FEMALE,NA,1998-10-14,Installed_through_referral
5083,6/6/18 18:36,MALE,NA,1994-12-29,Installed_through_referral
5084,6/24/18 13:42,MALE,NA,1970-08-30,Installed_through_referral
5085,7/19/18 19:47,MALE,NA,1990-07-20,Installed_through_referral
5086,7/27/18 13:01,FEMALE,NA,2018-07-11,Not_through_referral
5087,8/9/18 9:19,FEMALE,NA,1995-10-07,Not_through_referral
5088,6/9/18 15:18,MALE,NA,2018-06-09,Installed_through_referral
5089,6/6/18 20:31,MALE,NA,1992-03-23,Not_through_referral
5090,6/20/18 23:17,FEMALE,NA,2018-02-08,Installed_through_referral
5091,6/30/18 10:43,MALE,NA,1984-06-27,Not_through_referral
5092,7/10/18 18:47,MALE,NA,1998-05-08,Not_through_referral
5093,7/5/18 12:51,MALE,NA,2018-07-05,Installed_through_referral
5094,7/15/18 10:20,MALE,NA,1988-07-01,Not_through_referral
5095,7/15/18 16:49,MALE,NA,1997-11-09,Not_through_referral
5096,7/16/18 14:14,MALE,NA,1987-06-11,Not_through_referral
5097,8/3/18 17:39,MALE,NA,2017-11-24,Not_through_referral
5098,8/5/18 9:28,MALE,NA,1998-09-30,Not_through_referral
5099,9/10/18 23:19,FEMALE,NA,1997-03-04,Not_through_referral
5100,8/15/18 11:11,FEMALE,NA,1996-07-12,Not_through_referral
5101,8/29/18 18:47,MALE,NA,1962-09-23,Not_through_referral
5102,8/29/18 9:58,MALE,NA,1987-08-29,Not_through_referral
5103,8/15/18 11:12,MALE,NA,1994-08-19,Not_through_referral
5104,9/3/18 21:49,MALE,NA,2006-12-04,Not_through_referral
5105,8/20/18 12:02,MALE,NA,2000-08-20,Installed_through_referral
5106,8/21/18 20:54,MALE,NA,1994-08-12,Installed_through_referral
5107,8/21/18 20:13,MALE,NA,1996-09-22,Installed_through_referral
5108,8/25/18 22:45,FEMALE,NA,2018-08-25,Not_through_referral
5109,9/16/18 12:22,FEMALE,NA,1960-01-04,Not_through_referral
5110,9/16/18 2:29,MALE,NA,2018-09-16,Not_through_referral
5111,8/24/18 11:37,FEMALE,NA,1996-03-02,Installed_through_referral
5112,8/20/18 17:28,FEMALE,NA,1995-02-27,Not_through_referral
5113,8/24/18 17:51,MALE,NA,1970-05-21,Not_through_referral
5114,9/20/18 18:43,MALE,NA,1993-09-21,Not_through_referral
5115,9/20/18 20:56,MALE,NA,1992-02-13,Not_through_referral
5116,8/15/18 17:34,MALE,NA,2018-08-15,Installed_through_referral
5117,8/16/18 15:01,MALE,NA,1997-12-12,Not_through_referral
5118,8/28/18 16:29,MALE,NA,1997-09-17,Not_through_referral
5119,9/12/18 13:01,MALE,NA,1979-09-12,Not_through_referral
5120,9/15/18 16:41,MALE,NA,1999-11-01,Installed_through_referral
5121,9/1/18 15:39,MALE,NA,1993-08-17,Not_through_referral
5122,9/29/18 0:56,MALE,NA,1991-07-15,Not_through_referral
5123,8/19/18 18:21,MALE,NA,2018-08-19,Installed_through_referral
5124,8/17/18 6:29,MALE,NA,2018-08-17,Installed_through_referral
5125,8/31/18 18:33,MALE,NA,1997-09-02,Installed_through_referral
5126,9/4/18 12:58,MALE,NA,2002-01-30,Not_through_referral
5127,9/5/18 19:15,FEMALE,NA,1991-09-05,Installed_through_referral
5128,6/5/18 20:35,MALE,NA,1975-04-09,Not_through_referral
5129,6/20/18 11:31,MALE,NA,2018-06-09,Not_through_referral
5130,6/26/18 16:45,MALE,NA,1986-01-27,Not_through_referral
5131,7/5/18 18:11,MALE,NA,1998-01-17,Not_through_referral
5132,8/1/18 22:55,FEMALE,NA,1993-11-21,Installed_through_referral
5133,6/2/18 7:00,MALE,NA,1990-10-19,Not_through_referral
5134,6/8/18 12:14,FEMALE,NA,1999-06-26,Not_through_referral
5135,6/17/18 22:19,MALE,NA,1996-12-21,Not_through_referral
5136,7/1/18 18:03,MALE,NA,1996-01-12,Not_through_referral
5137,7/20/18 17:12,FEMALE,NA,1994-07-20,Installed_through_referral
5138,8/3/18 18:44,MALE,NA,1997-08-11,Installed_through_referral
5139,6/1/18 18:19,MALE,NA,2018-06-01,Not_through_referral
5140,6/15/18 17:38,MALE,NA,2018-06-15,Installed_through_referral
5141,6/29/18 21:56,MALE,NA,1998-01-06,Not_through_referral
5142,7/6/18 19:15,MALE,NA,1993-08-03,Not_through_referral
5143,7/24/18 13:27,MALE,NA,2018-07-24,Not_through_referral
5144,7/24/18 10:34,FEMALE,NA,1977-01-30,Not_through_referral
5145,8/10/18 22:25,MALE,NA,1992-06-17,Installed_through_referral
5146,6/17/18 19:13,MALE,NA,1977-02-27,Not_through_referral
5147,6/20/18 18:42,FEMALE,NA,2018-06-20,Not_through_referral
5148,6/29/18 13:02,MALE,NA,1991-09-01,Not_through_referral
5149,8/3/18 19:15,MALE,NA,1996-05-15,Not_through_referral
5150,6/14/18 13:40,MALE,NA,1994-04-07,Not_through_referral
5151,6/23/18 18:22,MALE,NA,1985-07-21,Not_through_referral
5152,7/12/18 15:52,FEMALE,NA,1993-03-01,Not_through_referral
5153,7/8/18 14:52,MALE,NA,1981-01-01,Not_through_referral
5154,7/2/18 10:29,MALE,NA,1986-05-27,Not_through_referral
5155,7/9/18 4:07,MALE,NA,2000-05-22,Not_through_referral
5156,8/1/18 9:12,MALE,NA,1998-08-04,Not_through_referral
5157,7/25/18 18:37,MALE,NA,2000-05-08,Not_through_referral
5158,8/3/18 18:50,FEMALE,NA,1991-01-03,Installed_through_referral
5159,6/2/18 20:05,FEMALE,NA,2018-06-02,Installed_through_referral
5160,6/15/18 15:46,MALE,NA,2017-09-02,Installed_through_referral
5161,6/18/18 16:18,FEMALE,NA,1994-06-23,Not_through_referral
5162,6/26/18 10:52,MALE,NA,1994-02-06,Not_through_referral
5163,6/27/18 18:22,MALE,NA,2018-06-27,Not_through_referral
5164,7/12/18 18:14,FEMALE,NA,1973-08-15,Not_through_referral
5165,7/14/18 14:39,FEMALE,NA,1997-10-13,Not_through_referral
5166,7/25/18 15:38,MALE,NA,1992-08-10,Not_through_referral
5167,6/3/18 20:50,MALE,NA,2000-06-08,Not_through_referral
5168,6/14/18 10:11,FEMALE,NA,1998-10-10,Not_through_referral
5169,6/22/18 10:44,MALE,NA,1998-09-23,Installed_through_referral
5170,6/25/18 20:56,MALE,NA,1989-12-27,Not_through_referral
5171,6/22/18 21:53,MALE,NA,1985-03-31,Installed_through_referral
5172,7/16/18 19:31,MALE,NA,2017-04-12,Not_through_referral
5173,7/21/18 12:01,MALE,NA,2000-05-01,Not_through_referral
5174,7/17/18 16:25,FEMALE,NA,1999-10-26,Not_through_referral
5175,7/25/18 13:33,FEMALE,NA,1993-04-25,Installed_through_referral
5176,7/29/18 19:48,MALE,NA,2018-07-11,Installed_through_referral
5177,8/12/18 0:39,MALE,NA,1994-11-12,Installed_through_referral
5178,6/4/18 20:53,FEMALE,NA,1982-10-10,Not_through_referral
5179,6/7/18 21:54,FEMALE,NA,1989-07-09,Not_through_referral
5180,6/9/18 13:52,MALE,NA,2018-06-09,Not_through_referral
5181,6/16/18 13:35,MALE,NA,1975-03-02,Not_through_referral
5182,6/28/18 0:38,FEMALE,NA,1996-12-06,Not_through_referral
5183,8/12/18 17:51,FEMALE,NA,2018-08-12,Not_through_referral
5184,6/6/18 16:41,FEMALE,NA,1996-12-16,Not_through_referral
5185,6/8/18 12:07,FEMALE,NA,1986-07-06,Not_through_referral
5186,6/16/18 15:48,FEMALE,NA,1990-04-07,Not_through_referral
5187,6/26/18 19:46,MALE,NA,1995-08-09,Not_through_referral
5188,6/27/18 16:17,MALE,NA,1997-05-29,Not_through_referral
5189,6/25/18 17:24,MALE,NA,1997-09-28,Installed_through_referral
5190,7/17/18 14:16,NA,NA,1900-01-00,Not_through_referral
5191,8/4/18 21:19,MALE,NA,1997-10-12,Not_through_referral
5192,6/16/18 17:39,MALE,NA,1992-09-16,Not_through_referral
5193,7/5/18 18:32,MALE,NA,1995-11-16,Not_through_referral
5194,7/11/18 3:22,MALE,NA,1995-05-29,Not_through_referral
5195,7/19/18 18:45,MALE,NA,2018-07-03,Not_through_referral
5196,8/12/18 17:49,MALE,NA,1990-06-24,Not_through_referral
5197,8/12/18 12:14,FEMALE,NA,1997-01-09,Installed_through_referral
5198,8/24/18 13:53,MALE,NA,1997-10-16,Not_through_referral
5199,9/3/18 19:55,MALE,NA,1986-09-15,Not_through_referral
5200,9/14/18 17:08,FEMALE,NA,1998-04-25,Not_through_referral
5201,8/18/18 8:22,MALE,NA,1998-02-10,Not_through_referral
5202,8/26/18 18:02,FEMALE,NA,1994-10-24,Not_through_referral
5203,9/9/18 10:56,MALE,NA,1990-06-30,Not_through_referral
5204,9/22/18 18:48,FEMALE,NA,1995-09-28,Not_through_referral
5205,9/27/18 17:01,FEMALE,NA,1999-12-26,Installed_through_referral
5206,8/19/18 17:25,MALE,NA,1982-10-16,Not_through_referral
5207,9/5/18 19:25,MALE,NA,1986-02-28,Not_through_referral
5208,9/2/18 20:13,FEMALE,NA,2017-02-17,Not_through_referral
5209,8/17/18 0:15,MALE,NA,1991-08-11,Not_through_referral
5210,8/20/18 23:55,NA,NA,1900-01-00,Not_through_referral
5211,9/12/18 21:48,MALE,NA,2000-05-10,Not_through_referral
5212,8/16/18 14:03,MALE,NA,2000-09-09,Installed_through_referral
5213,8/18/18 22:15,MALE,NA,1991-06-09,Not_through_referral
5214,9/6/18 13:54,MALE,NA,1993-10-06,Installed_through_referral
5215,9/17/18 10:24,MALE,NA,2018-06-18,Not_through_referral
5216,9/19/18 16:10,FEMALE,NA,2017-04-30,Not_through_referral
5217,9/15/18 18:39,MALE,NA,1999-01-26,Not_through_referral
5218,9/15/18 17:38,MALE,NA,1985-11-02,Not_through_referral
5219,8/15/18 10:32,MALE,NA,1996-08-15,Installed_through_referral
5220,8/24/18 10:58,MALE,NA,2018-08-15,Not_through_referral
5221,8/17/18 19:48,MALE,NA,1998-06-23,Installed_through_referral
5222,9/1/18 21:14,MALE,NA,2000-08-19,Not_through_referral
5223,9/20/18 12:38,MALE,NA,1982-01-08,Not_through_referral
5224,9/13/18 14:19,MALE,NA,2001-09-12,Not_through_referral
5225,8/24/18 14:30,FEMALE,NA,1995-04-09,Not_through_referral
5226,8/15/18 12:54,MALE,NA,1978-02-07,Not_through_referral
5227,8/24/18 18:46,MALE,NA,1992-07-17,Not_through_referral
5228,8/24/18 9:39,MALE,NA,1993-11-21,Not_through_referral
5229,9/26/18 10:45,NA,NA,1900-01-00,Not_through_referral
5230,6/8/18 14:51,FEMALE,NA,1992-10-05,Not_through_referral
5231,6/30/18 7:51,MALE,NA,2018-02-16,Not_through_referral
5232,7/4/18 22:50,MALE,NA,1996-07-26,Not_through_referral
5233,8/3/18 9:41,MALE,NA,1996-08-03,Not_through_referral
5234,8/10/18 18:55,FEMALE,NA,2018-08-11,Not_through_referral
5235,6/7/18 18:55,MALE,NA,1996-01-21,Not_through_referral
5236,6/11/18 23:27,MALE,NA,2018-02-10,Not_through_referral
5237,6/11/18 14:20,MALE,NA,1999-09-02,Installed_through_referral
5238,6/14/18 13:17,MALE,NA,1982-01-02,Installed_through_referral
5239,7/5/18 13:59,MALE,NA,1990-07-02,Not_through_referral
5240,7/2/18 13:20,MALE,NA,2000-06-05,Installed_through_referral
5241,7/3/18 12:56,MALE,NA,1993-03-03,Not_through_referral
5242,7/27/18 12:01,MALE,NA,1983-07-01,Installed_through_referral
5243,6/5/18 7:40,MALE,NA,1998-12-14,Not_through_referral
5244,6/10/18 19:15,MALE,NA,1991-05-25,Not_through_referral
5245,6/9/18 11:35,MALE,NA,1966-06-20,Not_through_referral
5246,6/17/18 21:09,MALE,NA,2016-11-08,Not_through_referral
5247,6/17/18 22:03,MALE,NA,1998-04-10,Not_through_referral
5248,6/30/18 12:42,MALE,NA,2015-02-07,Installed_through_referral
5249,6/26/18 2:19,MALE,NA,1998-06-16,Not_through_referral
5250,6/22/18 12:52,NA,NA,1900-01-00,Not_through_referral
5251,7/5/18 13:11,MALE,NA,1998-12-22,Not_through_referral
5252,7/7/18 14:20,MALE,NA,1995-05-12,Installed_through_referral
5253,8/9/18 18:25,MALE,NA,1997-02-07,Not_through_referral
5254,8/11/18 19:19,MALE,NA,1998-05-21,Not_through_referral
5255,6/1/18 11:00,MALE,NA,2003-07-10,Not_through_referral
5256,6/20/18 15:05,MALE,NA,1994-09-15,Installed_through_referral
5257,6/28/18 18:42,MALE,NA,1995-09-06,Not_through_referral
5258,6/22/18 23:50,FEMALE,NA,1992-05-19,Not_through_referral
5259,6/28/18 14:53,MALE,NA,2018-06-28,Not_through_referral
5260,7/13/18 19:57,MALE,NA,2018-07-13,Installed_through_referral
5261,7/16/18 18:35,MALE,NA,1997-03-30,Not_through_referral
5262,7/12/18 21:17,MALE,NA,1996-07-22,Not_through_referral
5263,8/11/18 18:38,MALE,NA,2018-08-11,Not_through_referral
5264,6/4/18 14:01,MALE,NA,1994-03-07,Not_through_referral
5265,6/13/18 13:54,FEMALE,NA,2000-06-13,Installed_through_referral
5266,6/13/18 8:51,MALE,NA,1998-08-22,Not_through_referral
5267,6/13/18 10:14,FEMALE,NA,1992-06-13,Not_through_referral
5268,6/20/18 22:32,MALE,NA,1999-07-04,Not_through_referral
5269,6/23/18 11:52,MALE,NA,1982-02-25,Not_through_referral
5270,6/23/18 21:36,FEMALE,NA,1994-01-29,Not_through_referral
5271,7/8/18 8:09,MALE,NA,1975-03-03,Not_through_referral
5272,7/3/18 10:04,MALE,NA,1999-06-21,Installed_through_referral
5273,7/21/18 20:46,MALE,NA,2018-07-21,Not_through_referral
5274,8/3/18 14:11,FEMALE,NA,1993-07-07,Installed_through_referral
5275,8/12/18 11:13,FEMALE,NA,1999-07-01,Not_through_referral
5276,6/3/18 1:59,FEMALE,NA,1992-12-16,Installed_through_referral
5277,6/8/18 16:28,FEMALE,NA,1994-09-15,Not_through_referral
5278,6/3/18 20:46,MALE,NA,2018-06-03,Not_through_referral
5279,6/29/18 18:09,MALE,NA,1958-12-10,Not_through_referral
5280,6/23/18 14:59,MALE,NA,1985-10-02,Not_through_referral
5281,7/5/18 17:56,MALE,NA,1997-05-15,Not_through_referral
5282,7/4/18 12:26,MALE,NA,1995-07-29,Installed_through_referral
5283,8/12/18 18:06,MALE,NA,1997-02-28,Not_through_referral
5284,8/5/18 10:56,MALE,NA,1993-07-27,Not_through_referral
5285,8/4/18 18:17,FEMALE,NA,1991-04-06,Not_through_referral
5286,6/25/18 12:29,FEMALE,NA,2017-10-29,Not_through_referral
5287,7/1/18 4:27,MALE,NA,1982-07-12,Not_through_referral
5288,7/12/18 19:22,MALE,NA,1993-10-15,Not_through_referral
5289,8/12/18 15:17,MALE,NA,1994-10-31,Not_through_referral
5290,7/1/18 9:11,MALE,NA,1995-10-22,Installed_through_referral
5291,6/22/18 17:01,FEMALE,NA,1999-03-08,Not_through_referral
5292,7/23/18 16:51,MALE,NA,1982-06-01,Not_through_referral
5293,7/29/18 11:04,MALE,NA,1993-03-12,Not_through_referral
5294,6/5/18 18:12,MALE,NA,1986-09-18,Not_through_referral
5295,6/12/18 15:20,FEMALE,NA,2018-06-12,Installed_through_referral
5296,6/20/18 15:10,MALE,NA,1987-11-30,Not_through_referral
5297,6/23/18 15:42,MALE,NA,1990-08-11,Installed_through_referral
5298,7/10/18 15:59,MALE,NA,1994-07-10,Installed_through_referral
5299,7/22/18 12:57,MALE,NA,2018-07-22,Installed_through_referral
5300,7/14/18 19:08,MALE,NA,2018-07-14,Not_through_referral
5301,6/3/18 17:57,MALE,NA,1955-08-12,Installed_through_referral
5302,6/19/18 17:22,MALE,NA,2018-06-19,Installed_through_referral
5303,6/13/18 14:22,FEMALE,NA,1998-07-22,Not_through_referral
5304,7/11/18 8:01,MALE,NA,1999-07-22,Not_through_referral
5305,7/3/18 13:11,MALE,NA,1980-11-22,Not_through_referral
5306,7/12/18 16:17,MALE,NA,2018-07-12,Installed_through_referral
5307,8/2/18 18:20,MALE,NA,1999-10-13,Not_through_referral
5308,8/13/18 22:48,MALE,NA,1996-08-13,Not_through_referral
5309,9/4/18 17:29,FEMALE,NA,1995-03-05,Not_through_referral
5310,9/8/18 15:59,FEMALE,NA,1990-11-23,Not_through_referral
5311,9/21/18 16:48,MALE,NA,2018-09-21,Installed_through_referral
5312,9/29/18 20:47,FEMALE,NA,1988-10-02,Not_through_referral
5313,8/19/18 17:06,MALE,NA,1972-11-01,Not_through_referral
5314,8/19/18 13:31,MALE,NA,1984-11-29,Installed_through_referral
5315,8/26/18 11:55,FEMALE,NA,1985-08-21,Installed_through_referral
5316,8/27/18 19:58,MALE,NA,1998-09-26,Not_through_referral
5317,9/5/18 20:08,MALE,NA,1993-09-26,Not_through_referral
5318,9/13/18 21:46,MALE,NA,2018-09-13,Installed_through_referral
5319,8/17/18 23:37,MALE,NA,2000-08-18,Not_through_referral
5320,8/14/18 22:49,FEMALE,NA,1996-09-17,Not_through_referral
5321,8/26/18 17:07,FEMALE,NA,1999-11-03,Not_through_referral
5322,9/16/18 15:48,MALE,NA,1999-11-09,Not_through_referral
5323,9/27/18 12:12,FEMALE,NA,1987-07-20,Installed_through_referral
5324,8/17/18 0:27,MALE,NA,2015-11-17,Not_through_referral
5325,8/15/18 22:35,MALE,NA,1986-04-14,Not_through_referral
5326,9/1/18 16:31,MALE,NA,1995-03-25,Not_through_referral
5327,9/1/18 17:17,MALE,NA,1996-09-01,Not_through_referral
5328,9/22/18 22:16,MALE,NA,1992-03-24,Not_through_referral
5329,9/11/18 14:47,MALE,NA,2000-06-20,Not_through_referral
5330,9/23/18 2:43,FEMALE,NA,1996-06-08,Not_through_referral
5331,8/16/18 16:46,MALE,NA,2018-08-16,Installed_through_referral
5332,8/29/18 0:40,MALE,NA,1986-11-15,Installed_through_referral
5333,9/1/18 21:40,MALE,NA,1985-08-05,Installed_through_referral
5334,9/1/18 18:32,MALE,NA,1999-07-29,Not_through_referral
5335,9/21/18 11:39,MALE,NA,1994-06-07,Installed_through_referral
5336,9/13/18 11:21,MALE,NA,1993-09-30,Not_through_referral
5337,8/29/18 10:49,FEMALE,NA,1996-07-25,Installed_through_referral
5338,6/8/18 21:52,MALE,NA,1987-06-09,Not_through_referral
5339,6/14/18 14:42,FEMALE,NA,1983-02-05,Not_through_referral
5340,6/13/18 12:11,MALE,NA,2018-06-13,Not_through_referral
5341,6/24/18 17:17,FEMALE,NA,1994-12-28,Not_through_referral
5342,6/22/18 15:06,MALE,NA,1989-01-01,Not_through_referral
5343,7/2/18 14:57,MALE,NA,2018-02-03,Not_through_referral
5344,7/11/18 0:34,MALE,NA,1986-05-10,Not_through_referral
5345,7/19/18 16:30,FEMALE,NA,2000-06-22,Not_through_referral
5346,7/24/18 16:48,MALE,NA,1981-07-01,Not_through_referral
5347,7/26/18 13:01,MALE,NA,1961-09-19,Not_through_referral
5348,8/6/18 12:20,FEMALE,NA,1994-08-06,Not_through_referral
5349,6/1/18 10:55,MALE,NA,2018-08-19,Not_through_referral
5350,6/8/18 15:54,MALE,NA,1992-01-26,Not_through_referral
5351,6/19/18 10:58,MALE,NA,1992-05-18,Not_through_referral
5352,6/26/18 21:41,MALE,NA,1975-10-20,Not_through_referral
5353,6/28/18 10:55,MALE,NA,1998-06-04,Not_through_referral
5354,6/30/18 16:43,MALE,NA,1991-02-06,Not_through_referral
5355,7/17/18 15:47,MALE,NA,1996-07-13,Not_through_referral
5356,7/22/18 18:30,FEMALE,NA,1987-08-08,Not_through_referral
5357,7/27/18 21:57,MALE,NA,1990-07-31,Installed_through_referral
5358,8/6/18 17:09,MALE,NA,1988-12-19,Not_through_referral
5359,8/8/18 9:10,MALE,NA,1997-07-31,Not_through_referral
5360,6/9/18 12:09,FEMALE,NA,2018-06-09,Not_through_referral
5361,6/17/18 0:28,MALE,NA,2018-03-30,Not_through_referral
5362,7/9/18 12:15,MALE,NA,1995-11-11,Not_through_referral
5363,7/2/18 13:16,MALE,NA,2018-07-02,Not_through_referral
5364,7/18/18 13:18,MALE,NA,2018-07-18,Installed_through_referral
5365,7/26/18 12:14,MALE,NA,2018-07-26,Installed_through_referral
5366,8/13/18 16:40,MALE,NA,1978-11-04,Not_through_referral
5367,8/14/18 16:14,MALE,NA,1996-01-10,Not_through_referral
5368,8/6/18 13:54,MALE,NA,2018-08-06,Installed_through_referral
5369,6/10/18 13:39,MALE,NA,1996-08-10,Not_through_referral
5370,6/6/18 1:33,MALE,NA,1995-10-30,Not_through_referral
5371,6/9/18 23:41,MALE,NA,2018-06-09,Not_through_referral
5372,6/8/18 12:39,MALE,NA,1997-01-09,Not_through_referral
5373,6/13/18 16:18,MALE,NA,1996-06-29,Not_through_referral
5374,7/20/18 12:27,MALE,NA,1998-11-23,Not_through_referral
5375,7/14/18 19:41,FEMALE,NA,1998-01-01,Not_through_referral
5376,8/1/18 9:49,MALE,NA,2018-08-01,Installed_through_referral
5377,6/1/18 20:45,MALE,NA,1996-01-01,Not_through_referral
5378,6/7/18 14:26,MALE,NA,1994-06-09,Not_through_referral
5379,6/7/18 12:04,FEMALE,NA,2018-06-07,Installed_through_referral
5380,6/21/18 2:55,MALE,NA,2018-09-05,Not_through_referral
5381,6/20/18 13:18,MALE,NA,1995-06-03,Installed_through_referral
5382,6/16/18 4:20,MALE,NA,1987-09-18,Not_through_referral
5383,6/16/18 22:48,MALE,NA,1996-07-25,Not_through_referral
5384,6/24/18 14:53,MALE,NA,1994-06-26,Not_through_referral
5385,6/23/18 18:15,MALE,NA,2018-06-23,Not_through_referral
5386,7/11/18 8:05,FEMALE,NA,1997-09-12,Installed_through_referral
5387,7/15/18 20:00,MALE,NA,1981-09-18,Not_through_referral
5388,7/29/18 20:31,MALE,NA,2018-07-29,Installed_through_referral
5389,8/10/18 15:56,MALE,NA,1994-12-24,Not_through_referral
5390,6/2/18 13:49,FEMALE,NA,1998-09-02,Installed_through_referral
5391,6/9/18 20:17,MALE,NA,1989-07-12,Not_through_referral
5392,6/6/18 15:25,MALE,NA,1996-06-06,Not_through_referral
5393,6/8/18 15:02,FEMALE,NA,1984-04-14,Installed_through_referral
5394,6/17/18 20:49,MALE,NA,1978-03-07,Not_through_referral
5395,7/10/18 16:33,FEMALE,NA,2010-01-05,Not_through_referral
5396,7/8/18 15:05,MALE,NA,1997-06-12,Not_through_referral
5397,7/1/18 18:27,MALE,NA,1997-05-06,Installed_through_referral
5398,6/12/18 20:08,MALE,NA,2018-06-12,Not_through_referral
5399,6/10/18 20:58,MALE,NA,2018-06-10,Installed_through_referral
5400,7/11/18 18:37,FEMALE,NA,2003-06-08,Not_through_referral
5401,7/30/18 11:18,MALE,NA,1993-12-07,Not_through_referral
5402,7/29/18 23:08,MALE,NA,1994-04-11,Not_through_referral
5403,7/31/18 20:44,FEMALE,NA,1995-12-14,Not_through_referral
5404,7/23/18 12:33,MALE,NA,2018-07-23,Not_through_referral
5405,6/3/18 7:22,FEMALE,NA,1995-05-12,Not_through_referral
5406,6/9/18 13:31,FEMALE,NA,1989-07-20,Not_through_referral
5407,7/4/18 22:12,MALE,NA,1993-11-22,Not_through_referral
5408,7/16/18 17:46,FEMALE,NA,1996-12-06,Installed_through_referral
5409,7/15/18 0:03,MALE,NA,1998-08-04,Not_through_referral
5410,7/23/18 18:15,FEMALE,NA,1996-04-04,Not_through_referral
5411,8/2/18 14:19,FEMALE,NA,2018-08-02,Not_through_referral
5412,8/8/18 18:14,MALE,NA,1997-04-27,Not_through_referral
5413,8/5/18 16:37,MALE,NA,1992-11-06,Not_through_referral
5414,6/7/18 15:21,MALE,NA,1990-06-06,Not_through_referral
5415,6/5/18 16:21,MALE,NA,2018-06-05,Not_through_referral
5416,6/19/18 21:16,MALE,NA,2002-01-12,Not_through_referral
5417,6/14/18 22:22,FEMALE,NA,2018-06-14,Not_through_referral
5418,6/29/18 15:16,MALE,NA,1998-08-14,Not_through_referral
5419,7/22/18 11:33,MALE,NA,1987-03-05,Not_through_referral
5420,7/16/18 21:28,FEMALE,NA,1988-12-31,Not_through_referral
5421,6/18/18 16:33,FEMALE,NA,1990-06-18,Not_through_referral
5422,6/21/18 11:29,MALE,NA,1992-08-15,Not_through_referral
5423,6/27/18 15:13,MALE,NA,2018-06-27,Installed_through_referral
5424,7/13/18 15:01,MALE,NA,2018-07-13,Not_through_referral
5425,8/2/18 12:13,FEMALE,NA,1986-12-07,Not_through_referral
5426,8/11/18 20:57,MALE,NA,1986-10-31,Not_through_referral
5427,8/7/18 23:15,MALE,NA,2001-08-10,Not_through_referral
5428,8/9/18 16:20,MALE,NA,1993-08-25,Not_through_referral
5429,8/18/18 18:26,MALE,NA,1996-05-27,Not_through_referral
5430,8/26/18 11:55,MALE,NA,1992-03-20,Not_through_referral
5431,8/18/18 20:38,MALE,NA,1998-06-02,Not_through_referral
5432,8/31/18 14:52,NA,NA,1900-01-00,Not_through_referral
5433,9/12/18 12:22,MALE,NA,2000-01-15,Not_through_referral
5434,8/22/18 23:02,NA,NA,1900-01-00,Not_through_referral
5435,9/5/18 17:01,MALE,NA,1996-06-01,Not_through_referral
5436,9/4/18 9:48,MALE,NA,1998-12-24,Not_through_referral
5437,8/25/18 8:46,MALE,NA,2018-07-24,Not_through_referral
5438,8/29/18 11:01,MALE,NA,1997-09-16,Not_through_referral
5439,9/14/18 18:05,MALE,NA,2018-09-09,Not_through_referral
5440,9/14/18 13:38,MALE,NA,1997-10-05,Installed_through_referral
5441,9/8/18 19:27,FEMALE,NA,2001-02-09,Installed_through_referral
5442,9/19/18 11:17,MALE,NA,1995-04-14,Installed_through_referral
5443,9/5/18 4:57,MALE,NA,1999-09-25,Not_through_referral
5444,8/31/18 18:12,MALE,NA,2018-03-10,Not_through_referral
5445,9/8/18 12:14,FEMALE,NA,1999-08-23,Installed_through_referral
5446,8/31/18 20:05,FEMALE,NA,1992-06-20,Not_through_referral
5447,8/25/18 20:42,MALE,NA,1993-08-25,Not_through_referral
5448,9/18/18 12:48,MALE,NA,1996-09-19,Not_through_referral
5449,9/6/18 15:59,MALE,NA,1985-10-20,Not_through_referral
5450,8/22/18 11:24,MALE,NA,1999-12-05,Not_through_referral
5451,8/22/18 15:29,FEMALE,NA,2018-02-25,Not_through_referral
5452,9/3/18 21:07,MALE,NA,2018-09-03,Not_through_referral
5453,8/28/18 23:21,MALE,NA,1999-10-31,Not_through_referral
5454,9/7/18 22:02,MALE,NA,1996-09-01,Installed_through_referral
5455,6/11/18 10:04,MALE,NA,2001-12-10,Not_through_referral
5456,6/7/18 18:14,FEMALE,NA,2018-05-27,Not_through_referral
5457,6/6/18 9:58,MALE,NA,1986-06-06,Not_through_referral
5458,6/17/18 11:49,FEMALE,NA,2011-05-08,Not_through_referral
5459,6/16/18 13:42,MALE,NA,1992-11-04,Not_through_referral
5460,6/13/18 14:25,FEMALE,NA,2018-05-07,Not_through_referral
5461,6/21/18 16:44,MALE,NA,1986-12-12,Not_through_referral
5462,6/26/18 15:49,MALE,NA,2018-05-16,Not_through_referral
5463,6/23/18 1:50,MALE,NA,1977-11-20,Installed_through_referral
5464,6/24/18 18:32,FEMALE,NA,1988-08-19,Not_through_referral
5465,7/19/18 9:52,FEMALE,NA,1997-01-26,Not_through_referral
5466,7/13/18 10:35,FEMALE,NA,1989-09-11,Not_through_referral
5467,7/27/18 11:45,FEMALE,NA,1995-07-24,Installed_through_referral
5468,6/4/18 9:15,MALE,NA,1984-01-01,Not_through_referral
5469,6/11/18 19:13,FEMALE,NA,2018-01-28,Not_through_referral
5470,6/26/18 11:27,MALE,NA,2000-01-22,Installed_through_referral
5471,7/8/18 15:25,MALE,NA,1999-12-13,Not_through_referral
5472,7/15/18 19:31,MALE,NA,1982-03-04,Not_through_referral
5473,7/26/18 12:16,MALE,NA,1995-09-30,Not_through_referral
5474,8/10/18 8:23,MALE,NA,1995-03-22,Installed_through_referral
5475,6/4/18 16:50,MALE,NA,1995-11-17,Not_through_referral
5476,6/23/18 7:11,MALE,NA,1999-10-14,Not_through_referral
5477,7/15/18 13:36,MALE,NA,1998-03-04,Not_through_referral
5478,7/23/18 21:56,MALE,NA,1998-01-12,Not_through_referral
5479,7/27/18 17:52,MALE,NA,2018-07-27,Installed_through_referral
5480,8/11/18 23:26,FEMALE,NA,2016-06-30,Not_through_referral
5481,8/8/18 22:31,FEMALE,NA,1992-05-19,Not_through_referral
5482,6/17/18 20:37,MALE,NA,1985-09-11,Not_through_referral
5483,7/5/18 2:03,MALE,NA,2015-11-19,Not_through_referral
5484,8/8/18 22:15,MALE,NA,1990-02-01,Not_through_referral
5485,8/12/18 13:53,MALE,NA,1996-08-15,Not_through_referral
5486,8/13/18 17:56,MALE,NA,2018-08-13,Installed_through_referral
5487,6/5/18 18:32,FEMALE,NA,1992-04-25,Not_through_referral
5488,6/17/18 16:22,FEMALE,NA,1990-05-18,Installed_through_referral
5489,6/27/18 17:00,FEMALE,NA,1999-01-01,Not_through_referral
5490,7/13/18 15:15,FEMALE,NA,1997-12-18,Not_through_referral
5491,7/15/18 21:59,MALE,NA,1991-08-04,Not_through_referral
5492,8/9/18 14:00,FEMALE,NA,1998-04-02,Not_through_referral
5493,6/1/18 20:00,MALE,NA,1997-04-03,Not_through_referral
5494,6/8/18 13:49,MALE,NA,1981-07-02,Not_through_referral
5495,6/15/18 0:01,MALE,NA,2018-06-15,Not_through_referral
5496,6/13/18 17:07,MALE,NA,1999-11-17,Not_through_referral
5497,6/23/18 20:28,MALE,NA,1975-01-01,Not_through_referral
5498,7/7/18 16:09,FEMALE,NA,1998-10-13,Installed_through_referral
5499,8/8/18 15:18,NA,NA,1900-01-00,Not_through_referral
5500,6/24/18 16:28,MALE,NA,1985-11-21,Not_through_referral
5501,7/1/18 16:14,MALE,NA,1991-02-22,Not_through_referral
5502,7/2/18 12:25,MALE,NA,2001-12-18,Installed_through_referral
5503,7/9/18 9:35,FEMALE,NA,1988-10-25,Not_through_referral
5504,7/20/18 2:08,MALE,NA,2018-07-02,Not_through_referral
5505,7/14/18 20:24,MALE,NA,2018-07-14,Not_through_referral
5506,7/23/18 14:16,MALE,NA,1992-04-22,Not_through_referral
5507,8/11/18 20:08,MALE,NA,1993-08-11,Installed_through_referral
5508,8/9/18 12:50,FEMALE,NA,1996-04-15,Installed_through_referral
5509,8/14/18 13:59,FEMALE,NA,1989-09-08,Not_through_referral
5510,6/7/18 13:19,FEMALE,NA,1988-06-13,Not_through_referral
5511,6/16/18 17:00,MALE,NA,2018-06-16,Installed_through_referral
5512,6/30/18 13:58,FEMALE,NA,1995-09-14,Not_through_referral
5513,6/25/18 15:38,MALE,NA,1973-06-01,Not_through_referral
5514,7/9/18 20:13,MALE,NA,1995-03-03,Installed_through_referral
5515,8/2/18 18:21,NA,NA,1900-01-00,Not_through_referral
5516,8/9/18 6:48,MALE,NA,1987-03-21,Not_through_referral
5517,6/8/18 20:36,MALE,NA,1992-08-06,Not_through_referral
5518,6/14/18 12:53,FEMALE,NA,2018-06-14,Not_through_referral
5519,6/19/18 16:49,MALE,NA,1994-06-09,Not_through_referral
5520,7/30/18 19:40,MALE,NA,1992-08-14,Not_through_referral
5521,7/28/18 11:16,MALE,NA,1993-04-06,Not_through_referral
5522,8/3/18 23:54,MALE,NA,1998-08-09,Not_through_referral
5523,6/7/18 18:28,MALE,NA,1995-07-04,Installed_through_referral
5524,6/15/18 4:02,MALE,NA,1994-04-27,Not_through_referral
5525,7/10/18 10:04,FEMALE,NA,1990-07-05,Installed_through_referral
5526,7/14/18 17:17,MALE,NA,1996-01-14,Not_through_referral
5527,7/19/18 13:30,MALE,NA,1993-03-21,Installed_through_referral
5528,7/21/18 20:31,MALE,NA,1985-10-27,Not_through_referral
5529,7/22/18 22:37,MALE,NA,1991-08-15,Not_through_referral
5530,8/12/18 1:42,MALE,NA,1992-12-27,Not_through_referral
5531,8/9/18 14:47,MALE,NA,1996-06-21,Not_through_referral
5532,8/14/18 19:17,MALE,NA,1996-06-05,Not_through_referral
5533,8/19/18 14:41,MALE,NA,1993-01-26,Not_through_referral
5534,8/18/18 21:44,MALE,NA,2018-08-18,Installed_through_referral
5535,8/30/18 10:33,MALE,NA,1996-08-22,Installed_through_referral
5536,9/2/18 20:43,MALE,NA,1989-09-23,Not_through_referral
5537,9/7/18 20:46,MALE,NA,1978-03-07,Not_through_referral
5538,8/22/18 19:01,MALE,NA,1993-08-27,Installed_through_referral
5539,8/22/18 15:04,FEMALE,NA,1975-10-28,Not_through_referral
5540,8/25/18 19:50,MALE,NA,2003-01-03,Not_through_referral
5541,8/16/18 1:47,FEMALE,NA,1991-10-10,Installed_through_referral
5542,8/24/18 15:47,MALE,NA,1998-09-29,Not_through_referral
5543,8/20/18 14:25,MALE,NA,1997-12-06,Not_through_referral
5544,9/2/18 9:37,MALE,NA,1991-10-31,Not_through_referral
5545,8/27/18 11:28,FEMALE,NA,1991-09-26,Not_through_referral
5546,8/20/18 13:54,MALE,NA,1999-08-10,Installed_through_referral
5547,9/5/18 0:39,MALE,NA,1989-09-02,Not_through_referral
5548,9/3/18 19:43,FEMALE,NA,1997-09-10,Installed_through_referral
5549,9/10/18 19:09,MALE,NA,1995-12-30,Not_through_referral
5550,9/17/18 20:36,MALE,NA,1985-02-25,Not_through_referral
5551,9/10/18 15:42,MALE,NA,1999-01-19,Installed_through_referral
5552,9/25/18 17:11,MALE,NA,1998-12-06,Not_through_referral
5553,8/17/18 15:31,MALE,NA,1998-07-09,Not_through_referral
5554,9/19/18 11:43,MALE,NA,1996-09-21,Installed_through_referral
5555,9/26/18 19:10,MALE,NA,1996-04-11,Installed_through_referral
5556,8/15/18 13:57,MALE,NA,1998-08-18,Installed_through_referral
5557,9/25/18 23:23,MALE,NA,1980-02-16,Not_through_referral
5558,9/1/18 11:21,FEMALE,NA,1997-09-01,Not_through_referral
5559,9/7/18 14:47,MALE,NA,1996-12-04,Not_through_referral
5560,9/22/18 18:57,MALE,NA,2018-09-22,Installed_through_referral
5561,6/5/18 14:56,MALE,NA,1977-06-07,Installed_through_referral
5562,6/12/18 0:46,MALE,NA,1996-07-13,Installed_through_referral
5563,6/14/18 19:48,FEMALE,NA,1996-05-12,Not_through_referral
5564,6/15/18 16:47,FEMALE,NA,1993-07-31,Not_through_referral
5565,6/16/18 1:21,MALE,NA,1979-01-06,Not_through_referral
5566,7/10/18 13:07,FEMALE,NA,1994-05-25,Installed_through_referral
5567,7/8/18 16:45,MALE,NA,1994-03-08,Installed_through_referral
5568,7/17/18 12:57,FEMALE,NA,1998-05-07,Installed_through_referral
5569,8/14/18 11:07,MALE,NA,2018-08-09,Not_through_referral
5570,6/16/18 19:46,MALE,NA,2017-11-12,Not_through_referral
5571,6/20/18 22:54,MALE,NA,1994-11-23,Not_through_referral
5572,6/29/18 20:23,MALE,NA,1997-07-27,Installed_through_referral
5573,6/29/18 21:16,MALE,NA,1982-02-05,Not_through_referral
5574,8/2/18 16:40,FEMALE,NA,1989-01-14,Installed_through_referral
5575,8/10/18 11:42,MALE,NA,1996-07-07,Not_through_referral
5576,8/13/18 14:33,MALE,NA,2018-08-13,Installed_through_referral
5577,8/5/18 13:02,MALE,NA,1994-07-04,Not_through_referral
5578,6/1/18 18:20,NA,NA,1900-01-00,Installed_through_referral
5579,6/15/18 21:34,MALE,NA,1991-04-03,Not_through_referral
5580,6/18/18 13:22,MALE,NA,1994-07-24,Installed_through_referral
5581,6/22/18 12:53,MALE,NA,1998-07-23,Not_through_referral
5582,7/27/18 16:53,FEMALE,NA,1961-07-11,Not_through_referral
5583,8/4/18 20:25,MALE,NA,2018-08-04,Not_through_referral
5584,6/8/18 20:10,FEMALE,NA,2018-06-08,Installed_through_referral
5585,6/17/18 0:15,MALE,NA,1997-08-28,Not_through_referral
5586,7/9/18 17:54,MALE,NA,1993-06-18,Not_through_referral
5587,7/14/18 20:04,MALE,NA,1999-08-01,Not_through_referral
5588,7/30/18 12:24,MALE,NA,1970-01-08,Not_through_referral
5589,8/2/18 13:52,MALE,NA,1995-11-05,Not_through_referral
5590,8/6/18 21:49,FEMALE,NA,1991-05-05,Not_through_referral
5591,6/18/18 17:14,MALE,NA,1993-11-17,Not_through_referral
5592,6/24/18 20:06,MALE,NA,2018-06-24,Installed_through_referral
5593,6/30/18 19:48,MALE,NA,1994-08-11,Not_through_referral
5594,7/5/18 15:57,FEMALE,NA,1999-02-21,Not_through_referral
5595,7/20/18 11:42,MALE,NA,2018-07-01,Not_through_referral
5596,6/22/18 7:20,FEMALE,NA,1991-03-05,Not_through_referral
5597,6/17/18 19:55,MALE,NA,1987-11-04,Installed_through_referral
5598,6/28/18 18:59,MALE,NA,1993-02-11,Not_through_referral
5599,7/8/18 15:33,MALE,NA,2018-07-08,Installed_through_referral
5600,7/15/18 19:00,FEMALE,NA,1988-08-19,Not_through_referral
5601,7/27/18 8:34,MALE,NA,1996-12-30,Not_through_referral
5602,7/31/18 20:57,FEMALE,NA,1997-08-21,Installed_through_referral
5603,8/1/18 20:22,MALE,NA,1993-03-10,Not_through_referral
5604,7/23/18 19:03,MALE,NA,1996-08-25,Not_through_referral
5605,7/12/18 11:22,MALE,NA,2018-07-12,Not_through_referral
5606,7/30/18 13:55,MALE,NA,2006-03-10,Not_through_referral
5607,7/31/18 16:55,MALE,NA,1985-09-30,Not_through_referral
5608,8/7/18 20:53,FEMALE,NA,1991-04-05,Not_through_referral
5609,8/10/18 0:07,FEMALE,NA,1996-05-02,Not_through_referral
5610,6/10/18 16:50,MALE,NA,2018-06-10,Not_through_referral
5611,6/21/18 6:17,MALE,NA,1987-06-06,Not_through_referral
5612,6/16/18 14:13,MALE,NA,1991-06-05,Not_through_referral
5613,6/15/18 15:26,MALE,NA,2018-06-15,Installed_through_referral
5614,6/26/18 13:25,MALE,NA,1995-11-01,Not_through_referral
5615,6/23/18 11:14,FEMALE,NA,2018-06-03,Not_through_referral
5616,7/4/18 15:39,FEMALE,NA,2018-04-10,Not_through_referral
5617,7/12/18 19:50,FEMALE,NA,2007-09-12,Installed_through_referral
5618,7/22/18 16:30,MALE,NA,1990-01-18,Installed_through_referral
5619,8/3/18 13:38,FEMALE,NA,1995-12-21,Not_through_referral
5620,8/4/18 17:31,MALE,NA,1990-10-19,Installed_through_referral
5621,8/13/18 14:56,MALE,NA,1990-10-02,Not_through_referral
5622,8/11/18 11:16,MALE,NA,1998-03-29,Not_through_referral
5623,6/13/18 0:46,MALE,NA,1991-06-13,Installed_through_referral
5624,6/24/18 17:51,MALE,NA,1989-05-03,Not_through_referral
5625,7/11/18 17:47,FEMALE,NA,1990-11-30,Not_through_referral
5626,7/18/18 20:38,MALE,NA,2004-05-11,Installed_through_referral
5627,8/9/18 14:00,FEMALE,NA,1996-07-20,Not_through_referral
5628,6/5/18 19:49,MALE,NA,1990-06-05,Installed_through_referral
5629,6/29/18 15:14,MALE,NA,2018-06-29,Installed_through_referral
5630,7/16/18 12:08,MALE,NA,1990-12-19,Not_through_referral
5631,8/14/18 14:24,MALE,NA,1987-08-14,Installed_through_referral
5632,8/21/18 17:15,MALE,NA,1988-08-21,Not_through_referral
5633,8/16/18 18:21,MALE,NA,1996-05-12,Installed_through_referral
5634,8/18/18 15:49,FEMALE,NA,1972-11-05,Not_through_referral
5635,8/15/18 21:24,NA,NA,1900-01-00,Not_through_referral
5636,9/20/18 21:42,MALE,NA,1985-06-20,Not_through_referral
5637,8/31/18 18:03,MALE,NA,1987-07-17,Not_through_referral
5638,9/2/18 17:49,MALE,NA,1988-10-04,Installed_through_referral
5639,9/7/18 20:22,FEMALE,NA,1999-07-07,Installed_through_referral
5640,8/16/18 20:00,FEMALE,NA,1998-06-20,Not_through_referral
5641,9/22/18 14:01,MALE,NA,1998-11-19,Not_through_referral
5642,9/27/18 19:24,MALE,NA,1986-12-08,Installed_through_referral
5643,9/6/18 19:36,MALE,NA,1995-10-03,Installed_through_referral
5644,8/27/18 23:58,MALE,NA,2018-08-13,Not_through_referral
5645,9/8/18 20:45,MALE,NA,1999-07-20,Not_through_referral
5646,9/11/18 20:05,MALE,NA,1993-08-03,Not_through_referral
5647,8/22/18 20:39,FEMALE,NA,1988-02-20,Installed_through_referral
5648,9/2/18 18:27,MALE,NA,1995-10-12,Installed_through_referral
5649,9/28/18 18:06,FEMALE,NA,2014-02-24,Not_through_referral
5650,8/22/18 18:37,MALE,NA,1997-01-19,Not_through_referral
5651,8/27/18 14:16,MALE,NA,2000-08-07,Not_through_referral
5652,9/11/18 15:23,MALE,NA,1994-12-31,Not_through_referral
5653,9/14/18 22:29,FEMALE,NA,1999-06-16,Not_through_referral
5654,8/22/18 21:14,FEMALE,NA,1992-08-22,Not_through_referral
5655,9/10/18 19:17,MALE,NA,1999-06-01,Not_through_referral
5656,9/25/18 16:47,FEMALE,NA,1997-08-23,Installed_through_referral
5657,8/28/18 14:01,MALE,NA,1997-10-08,Not_through_referral
5658,9/21/18 19:16,MALE,NA,2018-09-21,Not_through_referral
5659,6/11/18 17:45,FEMALE,NA,1983-10-02,Not_through_referral
5660,6/25/18 23:33,FEMALE,NA,2018-04-08,Installed_through_referral
5661,7/2/18 19:28,MALE,NA,1988-12-06,Not_through_referral
5662,6/8/18 17:38,MALE,NA,2018-06-08,Installed_through_referral
5663,6/11/18 14:02,MALE,NA,1989-05-24,Installed_through_referral
5664,6/12/18 10:27,MALE,NA,1990-06-01,Not_through_referral
5665,6/14/18 13:40,FEMALE,NA,2018-06-14,Not_through_referral
5666,6/29/18 20:31,MALE,NA,1972-02-10,Not_through_referral
5667,7/2/18 21:05,MALE,NA,2000-11-26,Not_through_referral
5668,7/8/18 17:20,FEMALE,NA,1992-02-27,Not_through_referral
5669,7/2/18 13:35,MALE,NA,2018-07-02,Not_through_referral
5670,7/4/18 12:45,MALE,NA,2000-04-05,Not_through_referral
5671,8/2/18 17:13,MALE,NA,1992-10-09,Installed_through_referral
5672,7/28/18 19:21,FEMALE,NA,2000-06-02,Installed_through_referral
5673,6/7/18 23:15,MALE,NA,1997-04-15,Not_through_referral
5674,6/12/18 16:48,MALE,NA,1976-05-15,Not_through_referral
5675,6/15/18 18:01,NA,NA,1900-01-00,Not_through_referral
5676,6/15/18 0:06,MALE,NA,1992-01-08,Not_through_referral
5677,6/30/18 13:04,MALE,NA,1992-01-05,Not_through_referral
5678,7/29/18 13:29,MALE,NA,1992-02-13,Not_through_referral
5679,7/30/18 16:40,MALE,NA,1993-06-04,Not_through_referral
5680,6/3/18 15:06,FEMALE,NA,1987-06-03,Installed_through_referral
5681,6/17/18 17:56,MALE,NA,2018-06-05,Not_through_referral
5682,6/15/18 17:29,MALE,NA,1998-06-03,Not_through_referral
5683,6/24/18 14:48,MALE,NA,1998-04-07,Not_through_referral
5684,6/28/18 0:09,MALE,NA,2018-06-28,Installed_through_referral
5685,7/10/18 23:39,MALE,NA,1999-02-14,Not_through_referral
5686,7/15/18 15:35,MALE,NA,1993-07-17,Not_through_referral
5687,8/1/18 3:42,MALE,NA,1993-12-03,Installed_through_referral
5688,7/24/18 13:33,MALE,NA,1990-03-20,Installed_through_referral
5689,7/25/18 20:57,FEMALE,NA,1995-08-16,Not_through_referral
5690,8/10/18 10:07,MALE,NA,1994-03-31,Installed_through_referral
5691,6/29/18 10:49,MALE,NA,1998-12-08,Not_through_referral
5692,7/21/18 13:25,MALE,NA,2000-07-12,Not_through_referral
5693,8/13/18 20:37,FEMALE,NA,1996-09-10,Not_through_referral
5694,6/9/18 13:44,MALE,NA,2014-06-26,Not_through_referral
5695,6/3/18 23:51,MALE,NA,1991-08-24,Not_through_referral
5696,6/8/18 17:47,FEMALE,NA,2018-06-08,Installed_through_referral
5697,6/14/18 18:45,MALE,NA,1999-06-14,Installed_through_referral
5698,6/22/18 4:02,MALE,NA,2018-06-14,Not_through_referral
5699,7/14/18 20:31,MALE,NA,1999-12-19,Installed_through_referral
5700,7/21/18 12:27,MALE,NA,1989-11-24,Installed_through_referral
5701,6/4/18 15:55,MALE,NA,1985-11-17,Not_through_referral
5702,6/29/18 1:01,MALE,NA,1991-11-03,Not_through_referral
5703,6/23/18 13:30,MALE,NA,2017-03-09,Not_through_referral
5704,7/19/18 18:33,MALE,NA,1993-02-05,Not_through_referral
5705,7/17/18 12:56,MALE,NA,1998-07-23,Not_through_referral
5706,8/5/18 8:59,MALE,NA,1997-11-06,Installed_through_referral
5707,8/11/18 22:02,MALE,NA,1988-08-03,Not_through_referral
5708,8/10/18 14:34,MALE,NA,1975-08-26,Not_through_referral
5709,8/11/18 23:09,MALE,NA,2018-08-11,Not_through_referral
5710,6/11/18 21:09,FEMALE,NA,2018-06-01,Not_through_referral
5711,6/20/18 10:29,MALE,NA,1974-08-13,Not_through_referral
5712,6/17/18 20:12,MALE,NA,1997-10-15,Installed_through_referral
5713,6/17/18 18:00,FEMALE,NA,1995-06-17,Installed_through_referral
5714,6/23/18 15:31,MALE,NA,2017-10-12,Not_through_referral
5715,7/6/18 19:25,MALE,NA,1994-08-18,Installed_through_referral
5716,7/18/18 0:03,MALE,NA,2000-06-10,Not_through_referral
5717,7/21/18 14:26,MALE,NA,1993-07-30,Not_through_referral
5718,7/25/18 16:04,FEMALE,NA,1996-04-27,Not_through_referral
5719,7/27/18 12:25,FEMALE,NA,1998-08-13,Not_through_referral
5720,7/28/18 17:20,MALE,NA,1999-05-22,Not_through_referral
5721,8/9/18 14:08,FEMALE,NA,1997-07-02,Not_through_referral
5722,8/8/18 17:54,FEMALE,NA,1995-09-26,Not_through_referral
5723,6/3/18 18:58,MALE,NA,2018-06-03,Not_through_referral
5724,6/3/18 22:38,MALE,NA,1983-07-14,Not_through_referral
5725,6/8/18 6:48,MALE,NA,2018-04-20,Not_through_referral
5726,6/7/18 21:51,MALE,NA,1993-06-17,Installed_through_referral
5727,7/29/18 16:22,MALE,NA,1992-09-22,Not_through_referral
5728,8/3/18 20:48,FEMALE,NA,1998-05-10,Installed_through_referral
5729,6/2/18 2:08,MALE,NA,1990-03-17,Installed_through_referral
5730,6/25/18 16:38,MALE,NA,1992-04-20,Not_through_referral
5731,7/2/18 21:40,MALE,NA,1992-06-23,Not_through_referral
5732,7/14/18 17:32,MALE,NA,2018-07-14,Installed_through_referral
5733,7/24/18 16:43,MALE,NA,1985-10-09,Not_through_referral
5734,8/13/18 13:55,MALE,NA,1993-05-05,Installed_through_referral
5735,8/9/18 14:40,MALE,NA,2002-01-16,Not_through_referral
5736,9/13/18 21:34,MALE,NA,1998-07-04,Installed_through_referral
5737,8/21/18 16:41,MALE,NA,1983-05-10,Installed_through_referral
5738,8/30/18 23:53,MALE,NA,1999-10-31,Not_through_referral
5739,9/18/18 20:13,FEMALE,NA,1998-09-18,Not_through_referral
5740,8/22/18 18:52,MALE,NA,1995-03-10,Not_through_referral
5741,8/21/18 20:35,MALE,NA,2018-08-21,Not_through_referral
5742,8/26/18 17:55,MALE,NA,1997-08-26,Installed_through_referral
5743,8/15/18 0:33,MALE,NA,1991-05-06,Not_through_referral
5744,9/5/18 11:25,MALE,NA,2000-09-05,Not_through_referral
5745,8/31/18 19:35,MALE,NA,1995-08-11,Not_through_referral
5746,8/25/18 14:38,MALE,NA,1989-09-09,Not_through_referral
5747,8/30/18 12:41,MALE,NA,1996-08-22,Installed_through_referral
5748,8/21/18 14:42,FEMALE,NA,1988-06-28,Not_through_referral
5749,9/23/18 16:44,MALE,NA,2018-09-02,Installed_through_referral
5750,9/29/18 3:21,MALE,NA,1997-10-01,Not_through_referral
5751,8/24/18 16:56,MALE,NA,2001-10-17,Installed_through_referral
5752,8/24/18 18:48,FEMALE,NA,2008-06-18,Not_through_referral
5753,8/18/18 14:38,MALE,NA,2018-08-18,Installed_through_referral
5754,9/4/18 13:35,MALE,NA,1999-01-21,Not_through_referral
5755,9/2/18 18:35,FEMALE,NA,1999-09-13,Not_through_referral
5756,9/7/18 9:35,MALE,NA,1999-12-12,Installed_through_referral
5757,9/15/18 23:17,MALE,NA,1999-07-22,Not_through_referral
5758,6/5/18 21:12,MALE,NA,1980-08-25,Not_through_referral
5759,6/13/18 13:05,MALE,NA,1984-08-14,Installed_through_referral
5760,6/17/18 12:28,MALE,NA,1985-09-30,Installed_through_referral
5761,6/29/18 23:02,MALE,NA,1983-05-30,Not_through_referral
5762,7/7/18 17:45,MALE,NA,2018-06-22,Not_through_referral
5763,7/16/18 19:05,FEMALE,NA,1953-07-16,Not_through_referral
5764,7/28/18 16:23,MALE,NA,1997-07-03,Installed_through_referral
5765,8/5/18 16:10,MALE,NA,2013-12-12,Installed_through_referral
5766,8/7/18 14:30,MALE,NA,1998-03-17,Not_through_referral
5767,8/12/18 20:03,MALE,NA,2000-04-05,Installed_through_referral
5768,6/15/18 18:50,MALE,NA,2018-06-15,Installed_through_referral
5769,6/29/18 11:46,MALE,NA,1993-08-14,Not_through_referral
5770,6/26/18 22:43,MALE,NA,1997-08-18,Not_through_referral
5771,6/24/18 2:54,MALE,NA,1998-06-05,Installed_through_referral
5772,7/3/18 22:20,MALE,NA,1987-07-03,Not_through_referral
5773,7/21/18 19:13,MALE,NA,1983-02-03,Not_through_referral
5774,7/18/18 14:51,MALE,NA,1994-10-07,Installed_through_referral
5775,7/29/18 22:38,MALE,NA,1998-09-24,Installed_through_referral
5776,8/5/18 17:58,MALE,NA,1999-05-18,Installed_through_referral
5777,6/17/18 12:17,MALE,NA,2018-04-15,Not_through_referral
5778,6/24/18 20:29,MALE,NA,1993-01-21,Not_through_referral
5779,6/26/18 19:34,MALE,NA,1995-04-21,Not_through_referral
5780,7/22/18 21:01,MALE,NA,1987-05-06,Installed_through_referral
5781,7/20/18 10:27,FEMALE,NA,1983-02-13,Not_through_referral
5782,8/4/18 11:53,MALE,NA,2018-08-04,Installed_through_referral
5783,6/4/18 22:02,MALE,NA,1988-11-06,Not_through_referral
5784,6/14/18 18:10,MALE,NA,1999-09-06,Not_through_referral
5785,6/30/18 0:19,FEMALE,NA,1993-12-30,Not_through_referral
5786,6/29/18 21:25,MALE,NA,1998-06-30,Not_through_referral
5787,6/28/18 23:02,MALE,NA,2018-06-28,Not_through_referral
5788,7/8/18 20:40,MALE,NA,2018-06-26,Not_through_referral
5789,7/4/18 23:49,FEMALE,NA,1999-06-08,Installed_through_referral
5790,6/10/18 18:27,MALE,NA,2018-06-07,Not_through_referral
5791,6/20/18 14:33,FEMALE,NA,2013-06-20,Not_through_referral
5792,6/29/18 1:02,MALE,NA,1994-08-20,Not_through_referral
5793,6/24/18 17:45,MALE,NA,1995-06-19,Not_through_referral
5794,7/10/18 18:53,MALE,NA,1996-10-07,Not_through_referral
5795,7/6/18 16:01,MALE,NA,2018-07-06,Not_through_referral
5796,7/7/18 17:33,MALE,NA,1987-02-16,Installed_through_referral
5797,7/8/18 8:32,MALE,NA,2018-02-16,Installed_through_referral
5798,7/14/18 12:59,MALE,NA,1995-03-20,Installed_through_referral
5799,7/16/18 20:24,MALE,NA,1991-07-18,Not_through_referral
5800,8/9/18 23:31,MALE,NA,1991-08-09,Installed_through_referral
5801,8/11/18 12:56,MALE,NA,1983-08-01,Not_through_referral
5802,8/12/18 23:34,FEMALE,NA,1990-10-18,Installed_through_referral
5803,6/9/18 11:57,FEMALE,NA,1985-04-05,Not_through_referral
5804,6/9/18 15:52,MALE,NA,1983-11-03,Not_through_referral
5805,6/21/18 15:02,FEMALE,NA,1999-04-03,Not_through_referral
5806,6/21/18 17:59,MALE,NA,1992-09-21,Installed_through_referral
5807,7/4/18 12:56,FEMALE,NA,1991-09-11,Not_through_referral
5808,8/14/18 18:27,MALE,NA,2018-08-01,Not_through_referral
5809,8/7/18 13:36,MALE,NA,2000-06-01,Not_through_referral
5810,8/5/18 10:15,MALE,NA,2018-08-05,Installed_through_referral
5811,6/10/18 22:21,MALE,NA,1987-12-27,Not_through_referral
5812,6/13/18 21:24,MALE,NA,1982-10-22,Not_through_referral
5813,6/21/18 10:44,MALE,NA,1990-03-18,Not_through_referral
5814,6/25/18 17:48,FEMALE,NA,1985-09-04,Not_through_referral
5815,7/4/18 15:46,MALE,NA,1999-09-07,Not_through_referral
5816,7/11/18 13:39,MALE,NA,2009-07-23,Installed_through_referral
5817,7/4/18 17:56,FEMALE,NA,2013-11-19,Not_through_referral
5818,7/2/18 17:05,MALE,NA,1987-07-02,Not_through_referral
5819,7/22/18 17:48,MALE,NA,1990-07-05,Not_through_referral
5820,8/6/18 18:12,MALE,NA,1996-08-11,Not_through_referral
5821,8/5/18 16:10,MALE,NA,1973-05-13,Not_through_referral
5822,8/11/18 20:29,MALE,NA,1998-01-15,Installed_through_referral
5823,6/2/18 15:53,FEMALE,NA,1995-04-16,Not_through_referral
5824,6/7/18 18:29,MALE,NA,2000-06-05,Not_through_referral
5825,6/4/18 1:58,FEMALE,NA,1966-06-04,Installed_through_referral
5826,6/14/18 11:10,FEMALE,NA,1992-01-23,Not_through_referral
5827,6/15/18 16:14,MALE,NA,1995-12-14,Not_through_referral
5828,6/23/18 13:21,FEMALE,NA,1996-06-09,Not_through_referral
5829,6/26/18 14:07,MALE,NA,1991-12-22,Not_through_referral
5830,7/1/18 19:21,FEMALE,NA,1991-12-06,Not_through_referral
5831,8/3/18 19:49,MALE,NA,1997-08-12,Not_through_referral
5832,8/8/18 20:19,MALE,NA,1988-06-01,Not_through_referral
5833,8/11/18 17:31,MALE,NA,1999-02-26,Not_through_referral
5834,6/2/18 19:19,MALE,NA,1993-01-27,Not_through_referral
5835,6/6/18 18:18,MALE,NA,1994-07-25,Not_through_referral
5836,6/5/18 13:22,MALE,NA,1996-06-05,Installed_through_referral
5837,6/19/18 14:53,MALE,NA,2000-06-03,Not_through_referral
5838,6/14/18 17:03,MALE,NA,1983-05-31,Not_through_referral
5839,6/17/18 13:55,MALE,NA,1998-06-13,Not_through_referral
5840,6/18/18 1:15,NA,NA,1900-01-00,Installed_through_referral
5841,6/13/18 16:40,MALE,NA,2018-06-20,Not_through_referral
5842,6/24/18 15:39,MALE,NA,1980-10-23,Not_through_referral
5843,7/7/18 18:29,FEMALE,NA,2001-08-03,Installed_through_referral
5844,7/9/18 18:52,MALE,NA,1987-06-18,Not_through_referral
5845,7/2/18 17:41,MALE,NA,1995-07-01,Not_through_referral
5846,7/26/18 17:41,FEMALE,NA,1977-08-06,Installed_through_referral
5847,7/26/18 17:34,MALE,NA,2018-07-26,Not_through_referral
5848,7/23/18 21:58,FEMALE,NA,1994-09-04,Not_through_referral
5849,8/5/18 20:17,MALE,NA,2018-08-05,Not_through_referral
5850,8/8/18 12:55,MALE,NA,2014-05-04,Not_through_referral
5851,8/11/18 11:30,FEMALE,NA,1999-06-04,Not_through_referral
5852,6/12/18 11:39,MALE,NA,1994-02-24,Not_through_referral
5853,6/13/18 17:13,MALE,NA,1993-06-13,Not_through_referral
5854,6/22/18 16:29,MALE,NA,2018-06-22,Not_through_referral
5855,7/5/18 12:40,FEMALE,NA,1996-11-27,Installed_through_referral
5856,7/5/18 17:32,MALE,NA,1994-08-21,Not_through_referral
5857,7/2/18 12:32,FEMALE,NA,1999-11-27,Not_through_referral
5858,7/9/18 14:41,MALE,NA,2001-03-15,Not_through_referral
5859,7/13/18 7:35,MALE,NA,1993-04-30,Installed_through_referral
5860,7/24/18 20:30,FEMALE,NA,1996-02-21,Installed_through_referral
5861,7/25/18 15:37,FEMALE,NA,1993-11-24,Not_through_referral
5862,8/6/18 16:24,FEMALE,NA,2000-12-24,Installed_through_referral
5863,8/18/18 16:39,MALE,NA,2018-08-18,Not_through_referral
5864,8/31/18 15:33,NA,NA,1900-01-00,Not_through_referral
5865,9/11/18 15:35,MALE,NA,1998-10-14,Installed_through_referral
5866,9/26/18 16:36,FEMALE,NA,1992-05-29,Installed_through_referral
5867,8/28/18 15:57,MALE,NA,1997-12-12,Installed_through_referral
5868,9/4/18 17:46,FEMALE,NA,2018-02-06,Installed_through_referral
5869,9/10/18 20:46,MALE,NA,1996-09-12,Not_through_referral
5870,8/23/18 12:09,MALE,NA,1994-05-04,Installed_through_referral
5871,8/27/18 17:07,MALE,NA,2018-08-27,Not_through_referral
5872,8/28/18 17:39,FEMALE,NA,1976-08-09,Not_through_referral
5873,9/1/18 13:46,MALE,NA,1996-07-14,Not_through_referral
5874,9/15/18 20:31,MALE,NA,1999-10-01,Installed_through_referral
5875,9/11/18 22:49,MALE,NA,1984-01-13,Not_through_referral
5876,8/19/18 11:33,MALE,NA,1999-05-07,Not_through_referral
5877,9/2/18 17:37,MALE,NA,1996-06-19,Not_through_referral
5878,9/6/18 19:26,MALE,NA,1994-10-11,Installed_through_referral
5879,8/31/18 16:48,MALE,NA,2018-08-31,Installed_through_referral
5880,9/15/18 17:07,MALE,NA,1998-06-09,Not_through_referral
5881,8/21/18 14:47,FEMALE,NA,1996-09-03,Not_through_referral
5882,8/25/18 20:07,MALE,NA,1991-09-25,Not_through_referral
5883,9/29/18 14:18,MALE,NA,1989-09-04,Not_through_referral
5884,8/21/18 18:52,FEMALE,NA,1994-06-23,Not_through_referral
5885,8/25/18 7:28,FEMALE,NA,1997-01-24,Not_through_referral
5886,9/3/18 19:52,FEMALE,NA,1989-01-04,Not_through_referral
5887,8/28/18 12:25,MALE,NA,1994-09-29,Installed_through_referral
5888,9/21/18 8:30,MALE,NA,2000-05-11,Not_through_referral
5889,9/19/18 20:36,MALE,NA,1994-05-08,Not_through_referral
5890,8/19/18 18:19,MALE,NA,2018-08-19,Not_through_referral
5891,8/25/18 12:11,MALE,NA,2018-08-06,Not_through_referral
5892,9/8/18 21:06,MALE,NA,2018-09-08,Not_through_referral
5893,9/4/18 16:52,MALE,NA,1993-09-04,Installed_through_referral
5894,9/8/18 13:01,MALE,NA,1991-07-25,Not_through_referral
5895,9/10/18 20:06,FEMALE,NA,1986-10-02,Installed_through_referral
5896,9/8/18 6:15,MALE,NA,1990-02-02,Not_through_referral
5897,6/4/18 9:18,FEMALE,NA,2018-05-31,Installed_through_referral
5898,6/19/18 16:27,FEMALE,NA,1979-04-21,Not_through_referral
5899,7/5/18 21:24,FEMALE,NA,1992-06-18,Not_through_referral
5900,7/15/18 17:02,MALE,NA,1986-07-15,Not_through_referral
5901,7/30/18 13:29,MALE,NA,2000-09-26,Installed_through_referral
5902,8/2/18 16:10,MALE,NA,2018-02-21,Not_through_referral
5903,7/26/18 12:48,MALE,NA,1991-05-30,Installed_through_referral
5904,8/12/18 18:28,MALE,NA,1997-07-07,Installed_through_referral
5905,6/15/18 13:20,FEMALE,NA,1996-12-07,Not_through_referral
5906,6/15/18 10:44,MALE,NA,1999-03-20,Not_through_referral
5907,7/1/18 10:48,MALE,NA,2018-07-01,Not_through_referral
5908,7/8/18 17:57,FEMALE,NA,1999-09-12,Not_through_referral
5909,7/10/18 21:07,MALE,NA,1990-08-26,Not_through_referral
5910,7/31/18 23:48,FEMALE,NA,1998-12-24,Not_through_referral
5911,8/2/18 18:47,MALE,NA,2018-08-02,Not_through_referral
5912,8/11/18 20:37,MALE,NA,2018-08-11,Installed_through_referral
5913,8/13/18 20:18,MALE,NA,2018-08-13,Installed_through_referral
5914,6/17/18 23:09,MALE,NA,1989-08-01,Installed_through_referral
5915,6/28/18 12:22,MALE,NA,1994-11-21,Installed_through_referral
5916,7/1/18 20:37,MALE,NA,2018-07-01,Not_through_referral
5917,7/8/18 16:52,MALE,NA,1986-09-14,Not_through_referral
5918,7/31/18 22:24,MALE,NA,2018-02-07,Not_through_referral
5919,7/24/18 8:08,NA,NA,1900-01-00,Not_through_referral
5920,7/25/18 17:34,MALE,NA,1993-08-28,Installed_through_referral
5921,6/6/18 16:17,MALE,NA,1999-01-07,Installed_through_referral
5922,6/26/18 11:56,MALE,NA,1995-02-22,Not_through_referral
5923,7/11/18 9:54,MALE,NA,1997-12-06,Not_through_referral
5924,6/1/18 23:33,MALE,NA,1998-11-29,Not_through_referral
5925,6/26/18 12:54,MALE,NA,1977-10-10,Not_through_referral
5926,6/30/18 21:28,MALE,NA,2018-06-28,Not_through_referral
5927,6/25/18 16:35,MALE,NA,1993-08-19,Not_through_referral
5928,7/4/18 21:42,MALE,NA,1998-06-11,Installed_through_referral
5929,8/2/18 21:36,MALE,NA,1994-10-08,Not_through_referral
5930,8/9/18 20:00,FEMALE,NA,1990-07-09,Not_through_referral
5931,6/3/18 19:22,MALE,NA,1996-04-13,Installed_through_referral
5932,6/10/18 14:07,FEMALE,NA,1991-07-07,Not_through_referral
5933,6/17/18 1:08,MALE,NA,1997-06-20,Not_through_referral
5934,6/30/18 13:03,MALE,NA,1980-07-21,Not_through_referral
5935,7/2/18 0:07,MALE,NA,1998-11-25,Not_through_referral
5936,7/27/18 19:49,MALE,NA,1991-10-11,Not_through_referral
5937,7/26/18 11:39,MALE,NA,2018-07-16,Installed_through_referral
5938,8/1/18 22:11,MALE,NA,1991-08-31,Installed_through_referral
5939,8/12/18 19:16,MALE,NA,2018-08-12,Not_through_referral
5940,6/26/18 17:38,FEMALE,NA,1990-09-28,Not_through_referral
5941,6/25/18 16:38,FEMALE,NA,1986-12-22,Not_through_referral
5942,7/6/18 16:10,MALE,NA,1989-03-17,Not_through_referral
5943,7/10/18 15:15,MALE,NA,1988-05-24,Installed_through_referral
5944,7/29/18 13:30,MALE,NA,1992-08-24,Not_through_referral
5945,6/7/18 14:09,MALE,NA,2004-02-09,Installed_through_referral
5946,6/29/18 10:23,MALE,NA,1995-04-13,Not_through_referral
5947,6/28/18 0:56,FEMALE,NA,1997-06-01,Installed_through_referral
5948,7/7/18 13:15,MALE,NA,1995-07-30,Not_through_referral
5949,7/3/18 16:16,MALE,NA,1995-06-05,Not_through_referral
5950,7/17/18 19:17,FEMALE,NA,2000-02-16,Not_through_referral
5951,7/20/18 1:55,FEMALE,NA,2018-07-01,Not_through_referral
5952,7/29/18 18:44,FEMALE,NA,1998-02-12,Installed_through_referral
5953,7/23/18 0:22,MALE,NA,1995-02-04,Installed_through_referral
5954,6/2/18 10:43,MALE,NA,1996-05-01,Installed_through_referral
5955,6/3/18 11:13,MALE,NA,1990-09-17,Not_through_referral
5956,6/6/18 16:12,MALE,NA,1994-06-29,Not_through_referral
5957,6/6/18 12:16,MALE,NA,2018-06-01,Installed_through_referral
5958,6/10/18 12:55,MALE,NA,1989-07-03,Not_through_referral
5959,6/22/18 20:45,MALE,NA,1991-01-06,Not_through_referral
5960,6/24/18 23:09,MALE,NA,1988-05-06,Not_through_referral
5961,7/11/18 18:11,FEMALE,NA,2016-11-14,Installed_through_referral
5962,7/15/18 15:35,MALE,NA,1990-08-09,Not_through_referral
5963,7/26/18 20:00,NA,NA,1900-01-00,Not_through_referral
5964,8/5/18 5:40,MALE,NA,2018-08-05,Not_through_referral
5965,6/14/18 14:58,MALE,NA,1990-09-11,Not_through_referral
5966,6/19/18 20:03,MALE,NA,1988-05-05,Not_through_referral
5967,6/30/18 17:54,MALE,NA,1985-06-01,Not_through_referral
5968,7/7/18 20:17,MALE,NA,2018-04-12,Installed_through_referral
5969,7/25/18 22:51,FEMALE,NA,1991-08-22,Not_through_referral
5970,8/26/18 11:49,MALE,NA,2018-08-26,Installed_through_referral
5971,9/17/18 13:12,MALE,NA,2018-09-17,Installed_through_referral
5972,8/22/18 15:35,FEMALE,NA,1997-07-18,Installed_through_referral
5973,8/15/18 22:03,MALE,NA,1997-07-03,Installed_through_referral
5974,8/23/18 14:42,FEMALE,NA,1999-09-19,Not_through_referral
5975,8/20/18 11:31,MALE,NA,1999-01-08,Not_through_referral
5976,9/25/18 14:26,MALE,NA,1983-03-16,Not_through_referral
5977,8/15/18 19:56,MALE,NA,1986-06-11,Not_through_referral
5978,8/30/18 12:50,MALE,NA,1996-08-22,Installed_through_referral
5979,9/1/18 12:18,MALE,NA,1990-01-15,Not_through_referral
5980,9/2/18 23:10,MALE,NA,2004-12-01,Not_through_referral
5981,9/1/18 10:32,FEMALE,NA,1985-07-11,Not_through_referral
5982,8/17/18 14:56,FEMALE,NA,2017-10-24,Not_through_referral
5983,8/17/18 20:18,MALE,NA,1998-01-11,Not_through_referral
5984,8/25/18 10:14,MALE,NA,1995-07-09,Not_through_referral
5985,8/17/18 14:29,MALE,NA,1993-11-17,Not_through_referral
5986,9/4/18 19:10,MALE,NA,2000-07-07,Not_through_referral
5987,8/30/18 14:35,MALE,NA,1994-05-27,Installed_through_referral
5988,8/18/18 20:33,FEMALE,NA,1988-12-18,Not_through_referral
5989,8/30/18 13:09,MALE,NA,1991-12-28,Not_through_referral
5990,9/3/18 20:42,FEMALE,NA,2018-01-11,Not_through_referral
5991,9/29/18 2:07,MALE,NA,1991-12-09,Not_through_referral
5992,9/3/18 22:36,MALE,NA,1986-02-13,Not_through_referral
5993,9/6/18 18:55,MALE,NA,2018-09-06,Not_through_referral
5994,8/30/18 22:47,FEMALE,NA,2018-08-08,Installed_through_referral
5995,9/8/18 15:46,MALE,NA,1990-10-22,Not_through_referral
5996,9/10/18 15:39,MALE,NA,1993-09-12,Installed_through_referral
5997,6/10/18 14:06,MALE,NA,1984-06-15,Not_through_referral
5998,6/8/18 17:23,MALE,NA,2002-12-23,Not_through_referral
5999,6/22/18 11:04,FEMALE,NA,1998-05-15,Not_through_referral
6000,6/17/18 21:54,MALE,NA,1994-09-28,Not_through_referral
6001,6/18/18 12:15,FEMALE,NA,2010-08-23,Not_through_referral
6002,6/13/18 20:23,FEMALE,NA,1987-09-21,Not_through_referral
6003,6/30/18 19:49,FEMALE,NA,2018-06-19,Not_through_referral
6004,6/28/18 18:58,MALE,NA,2000-09-06,Not_through_referral
6005,7/5/18 18:25,MALE,NA,1992-11-01,Not_through_referral
6006,7/14/18 23:08,MALE,NA,1995-04-02,Not_through_referral
6007,8/1/18 22:14,MALE,NA,2018-06-12,Not_through_referral
6008,8/5/18 14:08,MALE,NA,1997-08-02,Not_through_referral
6009,6/5/18 17:38,MALE,NA,1994-06-01,Not_through_referral
6010,6/10/18 9:03,MALE,NA,1993-04-29,Not_through_referral
6011,6/7/18 15:29,FEMALE,NA,2018-06-07,Installed_through_referral
6012,6/14/18 20:38,MALE,NA,1991-12-26,Not_through_referral
6013,7/18/18 15:13,MALE,NA,1992-07-13,Installed_through_referral
6014,7/23/18 2:56,MALE,NA,1991-07-04,Not_through_referral
6015,6/2/18 14:05,MALE,NA,2018-02-08,Installed_through_referral
6016,6/10/18 19:32,MALE,NA,1996-06-06,Installed_through_referral
6017,7/11/18 9:24,MALE,NA,1999-08-05,Installed_through_referral
6018,7/21/18 10:42,MALE,NA,1995-07-21,Not_through_referral
6019,7/26/18 21:40,MALE,NA,2018-03-05,Not_through_referral
6020,7/23/18 8:28,NA,NA,1900-01-00,Installed_through_referral
6021,8/8/18 18:49,MALE,NA,1993-02-01,Not_through_referral
6022,6/3/18 16:59,MALE,NA,1981-06-12,Installed_through_referral
6023,6/10/18 10:47,MALE,NA,2018-06-10,Not_through_referral
6024,6/19/18 14:02,MALE,NA,1990-10-20,Installed_through_referral
6025,6/24/18 6:44,MALE,NA,2018-01-11,Not_through_referral
6026,7/7/18 19:37,MALE,NA,2018-05-16,Installed_through_referral
6027,7/22/18 13:47,MALE,NA,2018-04-17,Not_through_referral
6028,7/13/18 11:48,MALE,NA,1994-04-10,Not_through_referral
6029,7/25/18 11:20,MALE,NA,1997-06-12,Not_through_referral
6030,7/23/18 15:22,MALE,NA,1995-11-02,Not_through_referral
6031,8/10/18 20:53,MALE,NA,1995-10-01,Installed_through_referral
6032,8/6/18 16:44,FEMALE,NA,1992-08-06,Not_through_referral
6033,6/9/18 10:55,FEMALE,NA,1994-06-09,Installed_through_referral
6034,7/12/18 0:26,MALE,NA,1998-12-22,Not_through_referral
6035,7/9/18 12:23,MALE,NA,1999-08-01,Not_through_referral
6036,7/12/18 22:25,MALE,NA,1991-02-08,Not_through_referral
6037,8/1/18 3:17,MALE,NA,1993-12-03,Installed_through_referral
6038,7/26/18 14:02,MALE,NA,1993-10-23,Not_through_referral
6039,8/9/18 19:25,FEMALE,NA,1997-01-21,Not_through_referral
6040,6/2/18 20:48,MALE,NA,2018-06-02,Installed_through_referral
6041,6/21/18 14:10,MALE,NA,1996-08-18,Installed_through_referral
6042,6/24/18 19:06,MALE,NA,2018-06-24,Installed_through_referral
6043,8/6/18 16:58,MALE,NA,2018-02-10,Not_through_referral
6044,8/5/18 20:20,FEMALE,NA,1965-06-01,Installed_through_referral
6045,6/15/18 22:09,MALE,NA,1999-01-13,Not_through_referral
6046,6/13/18 22:14,MALE,NA,2018-06-13,Not_through_referral
6047,6/21/18 15:11,MALE,NA,1991-05-12,Installed_through_referral
6048,7/11/18 1:15,FEMALE,NA,1993-11-24,Not_through_referral
6049,7/6/18 16:28,FEMALE,NA,1997-05-04,Not_through_referral
6050,8/13/18 20:09,MALE,NA,1997-10-25,Not_through_referral
6051,6/8/18 12:11,MALE,NA,1992-06-30,Installed_through_referral
6052,6/5/18 12:38,FEMALE,NA,1987-05-13,Installed_through_referral
6053,6/7/18 18:31,MALE,NA,1991-09-16,Installed_through_referral
6054,6/16/18 21:19,MALE,NA,1981-11-24,Not_through_referral
6055,6/25/18 19:47,FEMALE,NA,2017-09-13,Not_through_referral
6056,6/28/18 12:15,FEMALE,NA,1996-04-06,Not_through_referral
6057,6/23/18 18:52,FEMALE,NA,1996-02-07,Not_through_referral
6058,7/3/18 21:25,FEMALE,NA,1994-08-11,Installed_through_referral
6059,7/24/18 16:38,MALE,NA,1997-12-04,Not_through_referral
6060,7/24/18 13:05,MALE,NA,1997-01-28,Not_through_referral
6061,6/11/18 14:31,MALE,NA,1990-05-02,Installed_through_referral
6062,6/27/18 10:03,FEMALE,NA,1996-05-26,Not_through_referral
6063,7/9/18 13:08,MALE,NA,1994-04-05,Installed_through_referral
6064,7/13/18 18:42,MALE,NA,1999-09-08,Not_through_referral
6065,7/15/18 11:32,MALE,NA,2000-04-26,Installed_through_referral
6066,7/20/18 2:32,MALE,NA,2017-10-22,Not_through_referral
6067,7/27/18 10:57,MALE,NA,1984-11-09,Not_through_referral
6068,7/27/18 18:40,MALE,NA,1996-04-08,Not_through_referral
6069,8/1/18 19:33,MALE,NA,1976-08-08,Installed_through_referral
6070,7/27/18 13:43,FEMALE,NA,1994-08-04,Installed_through_referral
6071,7/26/18 16:48,FEMALE,NA,1991-10-26,Installed_through_referral
6072,7/28/18 19:32,FEMALE,NA,1990-08-07,Not_through_referral
6073,6/7/18 17:19,MALE,NA,1988-12-30,Not_through_referral
6074,6/6/18 17:51,MALE,NA,1997-06-06,Not_through_referral
6075,6/13/18 16:34,MALE,NA,1989-08-24,Not_through_referral
6076,6/21/18 19:00,MALE,NA,1990-08-26,Not_through_referral
6077,6/17/18 17:45,MALE,NA,1995-06-10,Installed_through_referral
6078,7/1/18 20:21,MALE,NA,1963-11-27,Installed_through_referral
6079,7/6/18 20:29,MALE,NA,1997-05-20,Not_through_referral
6080,7/10/18 19:55,MALE,NA,1989-04-26,Not_through_referral
6081,7/19/18 18:13,MALE,NA,1991-09-16,Not_through_referral
6082,7/13/18 18:25,FEMALE,NA,1994-03-02,Installed_through_referral
6083,7/26/18 9:47,FEMALE,NA,2018-01-24,Not_through_referral
6084,8/6/18 21:49,MALE,NA,1973-10-21,Not_through_referral
6085,8/13/18 15:56,FEMALE,NA,2009-03-06,Not_through_referral
6086,8/5/18 21:30,MALE,NA,1997-08-05,Not_through_referral
6087,9/21/18 8:43,MALE,NA,1999-10-20,Installed_through_referral
6088,8/30/18 20:35,MALE,NA,2002-01-24,Installed_through_referral
6089,8/19/18 20:25,MALE,NA,2018-01-03,Installed_through_referral
6090,8/17/18 20:41,FEMALE,NA,1982-12-28,Not_through_referral
6091,9/1/18 17:20,FEMALE,NA,1989-09-20,Installed_through_referral
6092,8/17/18 23:23,MALE,NA,1999-07-22,Installed_through_referral
6093,8/21/18 16:35,FEMALE,NA,1988-03-08,Installed_through_referral
6094,8/30/18 11:03,FEMALE,NA,1996-01-03,Not_through_referral
6095,9/5/18 17:45,FEMALE,NA,2018-01-28,Installed_through_referral
6096,9/29/18 22:13,FEMALE,NA,2000-02-05,Not_through_referral
6097,8/24/18 14:54,MALE,NA,1988-08-26,Not_through_referral
6098,8/28/18 13:26,MALE,NA,2018-08-28,Installed_through_referral
6099,9/5/18 15:52,MALE,NA,1988-04-16,Not_through_referral
6100,9/14/18 15:15,MALE,NA,1998-02-20,Installed_through_referral
6101,9/8/18 18:41,MALE,NA,1997-10-09,Installed_through_referral
6102,9/7/18 20:57,MALE,NA,1968-07-02,Not_through_referral
6103,8/25/18 22:06,MALE,NA,1992-10-18,Installed_through_referral
6104,8/19/18 13:18,MALE,NA,2000-06-01,Installed_through_referral
6105,9/12/18 16:45,MALE,NA,2018-09-12,Not_through_referral
6106,9/16/18 9:03,MALE,NA,1979-09-16,Not_through_referral
6107,9/1/18 5:04,MALE,NA,1999-11-24,Not_through_referral
6108,8/18/18 14:33,MALE,NA,1993-03-12,Not_through_referral
6109,8/19/18 14:12,FEMALE,NA,1990-08-02,Not_through_referral
6110,9/1/18 17:57,MALE,NA,1974-08-10,Not_through_referral
6111,8/28/18 8:14,FEMALE,NA,2000-08-20,Installed_through_referral
6112,9/16/18 15:15,MALE,NA,1978-12-27,Not_through_referral
6113,8/18/18 16:08,MALE,NA,1998-06-25,Not_through_referral
6114,9/6/18 15:10,MALE,NA,2018-09-06,Installed_through_referral
6115,9/4/18 16:41,MALE,NA,2016-09-02,Not_through_referral
6116,6/10/18 13:22,MALE,NA,1989-04-02,Not_through_referral
6117,6/6/18 0:09,MALE,NA,2018-03-23,Not_through_referral
6118,6/15/18 18:06,MALE,NA,1984-07-17,Not_through_referral
6119,6/15/18 10:15,MALE,NA,1993-04-05,Not_through_referral
6120,6/19/18 14:19,MALE,NA,2018-06-18,Not_through_referral
6121,6/27/18 10:14,FEMALE,NA,1997-04-07,Installed_through_referral
6122,6/24/18 13:58,MALE,NA,1982-06-02,Not_through_referral
6123,6/25/18 19:56,MALE,NA,1972-03-28,Not_through_referral
6124,7/2/18 8:20,MALE,NA,2018-03-08,Installed_through_referral
6125,7/11/18 13:49,MALE,NA,1991-12-10,Not_through_referral
6126,7/26/18 19:50,MALE,NA,2017-01-17,Not_through_referral
6127,7/31/18 2:11,FEMALE,NA,1984-07-10,Installed_through_referral
6128,7/29/18 14:00,FEMALE,NA,2000-03-10,Installed_through_referral
6129,6/3/18 1:32,MALE,NA,2017-11-01,Installed_through_referral
6130,6/13/18 18:15,MALE,NA,1998-05-26,Installed_through_referral
6131,6/27/18 18:14,FEMALE,NA,1997-05-14,Installed_through_referral
6132,7/16/18 17:00,MALE,NA,1999-02-25,Installed_through_referral
6133,6/11/18 11:57,MALE,NA,1995-08-20,Installed_through_referral
6134,6/25/18 19:47,MALE,NA,2003-03-31,Not_through_referral
6135,6/25/18 20:58,FEMALE,NA,1964-11-06,Not_through_referral
6136,7/21/18 14:35,MALE,NA,2018-07-18,Not_through_referral
6137,7/14/18 20:03,MALE,NA,2018-07-14,Not_through_referral
6138,7/24/18 14:21,MALE,NA,2017-12-14,Not_through_referral
6139,6/7/18 12:52,MALE,NA,1991-06-09,Not_through_referral
6140,6/11/18 21:05,FEMALE,NA,1978-01-15,Not_through_referral
6141,6/19/18 21:36,MALE,NA,2002-06-02,Installed_through_referral
6142,6/18/18 20:45,MALE,NA,1998-02-10,Not_through_referral
6143,6/17/18 14:12,MALE,NA,2008-06-17,Not_through_referral
6144,7/31/18 17:23,FEMALE,NA,1998-06-25,Not_through_referral
6145,6/2/18 21:00,MALE,NA,2018-06-02,Installed_through_referral
6146,6/5/18 16:39,FEMALE,NA,1963-11-09,Not_through_referral
6147,6/12/18 14:14,MALE,NA,2018-06-12,Not_through_referral
6148,6/13/18 7:59,MALE,NA,1999-11-26,Not_through_referral
6149,6/14/18 14:34,MALE,NA,2018-06-14,Installed_through_referral
6150,6/21/18 9:58,MALE,NA,1995-01-17,Not_through_referral
6151,6/17/18 19:48,MALE,NA,2018-06-17,Not_through_referral
6152,6/24/18 18:21,FEMALE,NA,2002-11-15,Not_through_referral
6153,6/25/18 18:06,MALE,NA,2000-11-25,Not_through_referral
6154,6/11/18 18:23,FEMALE,NA,1977-09-21,Not_through_referral
6155,6/9/18 16:02,MALE,NA,1987-06-10,Not_through_referral
6156,6/14/18 20:38,MALE,NA,1994-07-24,Installed_through_referral
6157,6/26/18 1:42,MALE,NA,2018-02-28,Not_through_referral
6158,6/28/18 18:33,MALE,NA,2018-06-28,Installed_through_referral
6159,6/24/18 17:54,MALE,NA,2014-03-21,Not_through_referral
6160,6/25/18 17:49,FEMALE,NA,1992-06-15,Not_through_referral
6161,7/3/18 18:08,MALE,NA,1992-07-03,Installed_through_referral
6162,7/13/18 16:00,MALE,NA,1994-01-29,Not_through_referral
6163,8/5/18 20:02,FEMALE,NA,2017-11-05,Not_through_referral
6164,8/14/18 19:10,MALE,NA,1996-08-15,Installed_through_referral
6165,6/4/18 2:30,FEMALE,NA,2031-06-04,Installed_through_referral
6166,6/6/18 20:12,MALE,NA,1986-04-19,Not_through_referral
6167,6/11/18 14:49,MALE,NA,2001-01-20,Installed_through_referral
6168,6/10/18 20:34,FEMALE,NA,2003-03-14,Not_through_referral
6169,6/16/18 13:13,FEMALE,NA,1991-06-05,Installed_through_referral
6170,7/3/18 9:35,FEMALE,NA,1995-03-14,Installed_through_referral
6171,7/3/18 16:32,MALE,NA,1993-07-03,Not_through_referral
6172,8/4/18 12:56,FEMALE,NA,1997-09-13,Not_through_referral
6173,6/2/18 12:43,MALE,NA,1974-09-13,Not_through_referral
6174,6/12/18 11:06,FEMALE,NA,1990-06-12,Not_through_referral
6175,6/6/18 23:58,MALE,NA,1998-12-31,Not_through_referral
6176,6/8/18 16:37,MALE,NA,1972-02-04,Not_through_referral
6177,6/5/18 22:43,MALE,NA,1989-06-05,Not_through_referral
6178,7/12/18 14:21,MALE,NA,2018-07-12,Not_through_referral
6179,7/21/18 9:49,MALE,NA,1993-05-11,Installed_through_referral
6180,8/13/18 10:51,MALE,NA,1991-12-03,Not_through_referral
6181,6/5/18 16:23,MALE,NA,1999-07-01,Installed_through_referral
6182,6/10/18 13:26,MALE,NA,1987-09-03,Installed_through_referral
6183,6/29/18 18:00,MALE,NA,2018-06-29,Not_through_referral
6184,7/1/18 2:03,MALE,NA,1986-11-01,Installed_through_referral
6185,7/29/18 18:57,MALE,NA,1998-12-28,Installed_through_referral
6186,8/1/18 21:19,MALE,NA,1997-04-21,Installed_through_referral
6187,6/10/18 12:37,FEMALE,NA,1993-12-18,Not_through_referral
6188,6/9/18 13:25,FEMALE,NA,1994-03-02,Not_through_referral
6189,6/8/18 14:56,MALE,NA,1992-05-08,Installed_through_referral
6190,6/18/18 17:35,FEMALE,NA,1999-07-09,Not_through_referral
6191,6/18/18 13:27,FEMALE,NA,1992-11-02,Not_through_referral
6192,6/25/18 19:04,MALE,NA,2018-06-27,Not_through_referral
6193,6/23/18 1:16,MALE,NA,1998-05-04,Not_through_referral
6194,7/6/18 13:47,MALE,NA,2002-07-02,Installed_through_referral
6195,7/7/18 19:07,FEMALE,NA,1991-10-05,Installed_through_referral
6196,7/14/18 19:51,FEMALE,NA,1998-12-14,Not_through_referral
6197,8/24/18 12:04,MALE,NA,1998-09-15,Not_through_referral
6198,8/24/18 17:51,FEMALE,NA,1997-11-11,Not_through_referral
6199,8/17/18 12:35,FEMALE,NA,1999-04-03,Installed_through_referral
6200,8/20/18 15:31,FEMALE,NA,1996-12-24,Installed_through_referral
6201,8/28/18 15:49,FEMALE,NA,1996-04-23,Not_through_referral
6202,9/8/18 8:50,FEMALE,NA,2018-09-06,Not_through_referral
6203,8/19/18 16:29,MALE,NA,1994-01-10,Installed_through_referral
6204,8/24/18 17:02,FEMALE,NA,2018-08-27,Not_through_referral
6205,9/27/18 4:28,MALE,NA,1999-07-01,Not_through_referral
6206,8/15/18 12:14,FEMALE,NA,2000-04-14,Not_through_referral
6207,8/26/18 1:31,MALE,NA,1993-04-10,Installed_through_referral
6208,9/1/18 23:31,FEMALE,NA,2018-09-01,Installed_through_referral
6209,9/18/18 7:24,MALE,NA,1997-01-01,Not_through_referral
6210,9/13/18 16:05,MALE,NA,2018-08-23,Not_through_referral
6211,8/15/18 15:05,MALE,NA,1975-07-21,Not_through_referral
6212,9/4/18 21:07,MALE,NA,1997-11-22,Not_through_referral
6213,9/15/18 14:28,FEMALE,NA,1995-02-23,Not_through_referral
6214,8/15/18 16:16,FEMALE,NA,1988-06-26,Installed_through_referral
6215,8/31/18 23:24,MALE,NA,1997-03-08,Not_through_referral
6216,9/24/18 22:03,MALE,NA,1997-11-02,Not_through_referral
6217,8/28/18 14:42,MALE,NA,1959-09-28,Installed_through_referral
6218,9/2/18 19:21,MALE,NA,1995-05-28,Not_through_referral
6219,9/23/18 20:37,MALE,NA,2018-09-23,Not_through_referral
6220,9/17/18 11:00,MALE,NA,1999-10-02,Not_through_referral
6221,9/24/18 2:46,MALE,NA,1993-12-13,Not_through_referral
6222,6/1/18 21:40,MALE,NA,2018-06-07,Not_through_referral
6223,6/10/18 16:02,MALE,NA,1992-06-10,Not_through_referral
6224,6/5/18 17:01,MALE,NA,1992-11-09,Not_through_referral
6225,6/27/18 15:14,FEMALE,NA,1978-12-20,Installed_through_referral
6226,6/30/18 11:32,MALE,NA,1993-01-08,Not_through_referral
6227,7/8/18 11:08,MALE,NA,1997-04-29,Not_through_referral
6228,7/3/18 20:42,MALE,NA,2000-05-10,Not_through_referral
6229,7/4/18 13:18,MALE,NA,1998-05-10,Not_through_referral
6230,7/26/18 21:42,MALE,NA,2018-07-26,Not_through_referral
6231,8/12/18 18:21,MALE,NA,1980-07-19,Not_through_referral
6232,8/9/18 17:22,MALE,NA,1997-03-08,Not_through_referral
6233,6/12/18 12:15,MALE,NA,1983-06-09,Not_through_referral
6234,6/16/18 15:31,FEMALE,NA,2018-06-16,Not_through_referral
6235,6/14/18 19:52,MALE,NA,1980-11-19,Not_through_referral
6236,6/30/18 12:40,FEMALE,NA,1997-10-23,Installed_through_referral
6237,7/7/18 20:42,MALE,NA,1986-09-04,Not_through_referral
6238,7/19/18 20:58,MALE,NA,2018-03-04,Not_through_referral
6239,7/18/18 14:32,MALE,NA,1990-06-24,Not_through_referral
6240,7/12/18 18:22,MALE,NA,1989-01-31,Installed_through_referral
6241,7/30/18 16:06,MALE,NA,1993-10-01,Not_through_referral
6242,8/2/18 17:32,MALE,NA,1999-09-05,Not_through_referral
6243,8/11/18 22:40,MALE,NA,1989-03-27,Installed_through_referral
6244,8/5/18 15:45,MALE,NA,2018-08-05,Not_through_referral
6245,8/12/18 9:50,MALE,NA,1997-02-01,Not_through_referral
6246,6/9/18 15:47,FEMALE,NA,1994-04-15,Not_through_referral
6247,6/9/18 10:50,MALE,NA,1985-12-18,Not_through_referral
6248,6/8/18 12:41,MALE,NA,1989-07-20,Not_through_referral
6249,6/29/18 19:54,MALE,NA,2018-03-29,Not_through_referral
6250,7/6/18 21:51,MALE,NA,1998-10-23,Not_through_referral
6251,7/10/18 12:29,MALE,NA,1993-12-29,Not_through_referral
6252,7/5/18 19:41,FEMALE,NA,2018-07-05,Installed_through_referral
6253,7/3/18 18:01,FEMALE,NA,1977-09-11,Not_through_referral
6254,8/1/18 3:30,MALE,NA,1993-12-03,Installed_through_referral
6255,8/13/18 21:56,FEMALE,NA,1992-02-28,Not_through_referral
6256,6/2/18 18:45,FEMALE,NA,1985-01-14,Not_through_referral
6257,6/21/18 18:27,MALE,NA,1997-12-24,Not_through_referral
6258,6/19/18 17:35,MALE,NA,2018-06-19,Installed_through_referral
6259,6/18/18 21:29,MALE,NA,1998-12-17,Not_through_referral
6260,7/4/18 13:42,MALE,NA,2008-12-10,Not_through_referral
6261,7/26/18 20:32,MALE,NA,1997-02-12,Not_through_referral
6262,8/7/18 19:50,FEMALE,NA,1998-06-11,Installed_through_referral
6263,6/8/18 17:10,MALE,NA,1995-07-03,Not_through_referral
6264,6/11/18 19:25,MALE,NA,1998-06-11,Installed_through_referral
6265,6/16/18 16:43,MALE,NA,1998-08-05,Installed_through_referral
6266,6/28/18 20:33,MALE,NA,1975-07-10,Not_through_referral
6267,6/26/18 1:03,FEMALE,NA,1987-07-17,Installed_through_referral
6268,7/12/18 19:30,MALE,NA,1987-04-09,Installed_through_referral
6269,7/14/18 18:33,MALE,NA,1995-02-09,Not_through_referral
6270,7/13/18 23:05,MALE,NA,1997-05-17,Not_through_referral
6271,8/5/18 16:42,MALE,NA,1989-09-20,Installed_through_referral
6272,6/3/18 14:00,MALE,NA,1991-03-07,Installed_through_referral
6273,6/4/18 16:07,MALE,NA,2018-04-02,Not_through_referral
6274,6/12/18 21:21,MALE,NA,1981-04-15,Not_through_referral
6275,6/21/18 11:15,FEMALE,NA,1989-11-08,Not_through_referral
6276,6/1/18 20:19,FEMALE,NA,1972-07-09,Installed_through_referral
6277,6/12/18 8:16,MALE,NA,1997-05-27,Installed_through_referral
6278,6/15/18 10:30,FEMALE,NA,1995-04-27,Not_through_referral
6279,6/14/18 13:29,FEMALE,NA,1996-04-11,Not_through_referral
6280,7/4/18 16:38,MALE,NA,2018-07-04,Installed_through_referral
6281,7/14/18 17:14,FEMALE,NA,2003-08-21,Not_through_referral
6282,7/20/18 13:47,MALE,NA,1994-05-12,Not_through_referral
6283,7/29/18 15:41,FEMALE,NA,1993-05-06,Installed_through_referral
6284,6/8/18 19:42,FEMALE,NA,1995-02-03,Not_through_referral
6285,6/13/18 18:38,MALE,NA,1990-02-20,Installed_through_referral
6286,6/25/18 17:06,FEMALE,NA,1994-03-18,Not_through_referral
6287,6/24/18 16:46,FEMALE,NA,1992-06-28,Not_through_referral
6288,7/4/18 11:50,MALE,NA,1979-07-15,Not_through_referral
6289,7/28/18 19:31,MALE,NA,2000-04-03,Not_through_referral
6290,7/24/18 18:32,MALE,NA,1965-09-05,Not_through_referral
6291,7/23/18 23:20,MALE,NA,1992-05-04,Not_through_referral
6292,6/12/18 21:11,MALE,NA,2001-06-12,Installed_through_referral
6293,6/22/18 14:59,MALE,NA,1975-05-11,Not_through_referral
6294,7/13/18 14:39,MALE,NA,1995-09-10,Installed_through_referral
6295,8/5/18 16:23,MALE,NA,1989-07-10,Not_through_referral
6296,6/6/18 18:36,FEMALE,NA,2018-04-03,Not_through_referral
6297,6/28/18 23:25,MALE,NA,2001-07-13,Not_through_referral
6298,6/29/18 21:42,MALE,NA,2018-06-29,Not_through_referral
6299,7/1/18 19:54,MALE,NA,1993-08-21,Not_through_referral
6300,7/13/18 19:30,MALE,NA,2016-03-17,Installed_through_referral
6301,7/14/18 20:13,MALE,NA,1998-05-09,Installed_through_referral
6302,7/12/18 20:25,MALE,NA,2018-07-12,Not_through_referral
6303,7/18/18 17:35,FEMALE,NA,1989-11-03,Not_through_referral
6304,9/17/18 16:36,MALE,NA,1998-09-17,Not_through_referral
6305,8/30/18 20:59,MALE,NA,1998-10-10,Installed_through_referral
6306,8/27/18 10:10,FEMALE,NA,1988-01-03,Not_through_referral
6307,9/12/18 16:15,FEMALE,NA,2000-11-23,Installed_through_referral
6308,9/26/18 21:43,MALE,NA,1994-04-05,Not_through_referral
6309,8/27/18 20:25,FEMALE,NA,1995-06-05,Not_through_referral
6310,9/12/18 20:20,FEMALE,NA,1989-08-05,Not_through_referral
6311,9/12/18 13:11,MALE,NA,1991-01-26,Installed_through_referral
6312,9/21/18 18:36,MALE,NA,1992-09-06,Not_through_referral
6313,9/13/18 12:09,FEMALE,NA,2004-10-13,Installed_through_referral
6314,8/15/18 19:03,FEMALE,NA,1989-02-16,Not_through_referral
6315,8/17/18 18:48,MALE,NA,1994-03-23,Not_through_referral
6316,8/26/18 12:33,MALE,NA,1987-11-11,Not_through_referral
6317,9/29/18 19:10,MALE,NA,1990-08-19,Not_through_referral
6318,8/19/18 14:40,MALE,NA,1990-07-01,Not_through_referral
6319,8/25/18 18:18,MALE,NA,1994-02-20,Not_through_referral
6320,8/30/18 11:56,FEMALE,NA,1994-01-28,Not_through_referral
6321,8/15/18 20:01,FEMALE,NA,1997-09-03,Installed_through_referral
6322,8/23/18 8:09,FEMALE,NA,2018-08-10,Not_through_referral
6323,8/22/18 20:36,MALE,NA,2018-08-01,Not_through_referral
6324,8/28/18 19:04,MALE,NA,2018-08-28,Not_through_referral
6325,8/21/18 15:52,FEMALE,NA,1988-07-08,Not_through_referral
6326,9/11/18 15:49,MALE,NA,1999-12-14,Not_through_referral
6327,8/19/18 16:00,MALE,NA,1997-01-01,Not_through_referral
6328,8/17/18 14:15,MALE,NA,1996-01-28,Not_through_referral
6329,8/19/18 16:42,MALE,NA,2000-06-21,Not_through_referral
6330,8/29/18 14:42,MALE,NA,1992-08-20,Installed_through_referral
6331,9/15/18 17:17,MALE,NA,1999-08-06,Not_through_referral
6332,8/26/18 19:05,MALE,NA,1992-11-25,Not_through_referral
6333,6/1/18 19:42,MALE,NA,2018-06-01,Not_through_referral
6334,6/12/18 11:12,MALE,NA,2002-04-20,Installed_through_referral
6335,6/19/18 12:58,FEMALE,NA,2001-01-01,Not_through_referral
6336,6/28/18 13:26,MALE,NA,2018-06-27,Not_through_referral
6337,8/9/18 17:12,FEMALE,NA,1990-09-15,Installed_through_referral
6338,6/3/18 10:56,MALE,NA,1991-12-16,Installed_through_referral
6339,6/20/18 14:02,MALE,NA,2018-06-20,Not_through_referral
6340,6/16/18 19:30,MALE,NA,1988-05-27,Not_through_referral
6341,7/3/18 4:17,MALE,NA,1989-08-10,Installed_through_referral
6342,7/5/18 14:05,MALE,NA,1993-07-12,Not_through_referral
6343,7/9/18 16:25,MALE,NA,2018-07-09,Not_through_referral
6344,8/11/18 12:33,MALE,NA,2018-08-11,Not_through_referral
6345,8/13/18 14:06,FEMALE,NA,1999-05-08,Not_through_referral
6346,6/10/18 12:19,MALE,NA,1974-03-14,Not_through_referral
6347,6/15/18 13:22,MALE,NA,1999-05-31,Not_through_referral
6348,6/20/18 16:51,MALE,NA,1992-11-16,Not_through_referral
6349,7/5/18 10:37,MALE,NA,1990-12-10,Not_through_referral
6350,7/9/18 16:56,MALE,NA,2018-07-09,Installed_through_referral
6351,8/10/18 15:11,MALE,NA,2018-06-14,Not_through_referral
6352,8/4/18 11:45,FEMALE,NA,1995-08-31,Not_through_referral
6353,6/6/18 17:30,FEMALE,NA,1996-06-25,Not_through_referral
6354,6/3/18 19:24,MALE,NA,1997-07-12,Not_through_referral
6355,6/8/18 13:15,MALE,NA,1996-06-29,Not_through_referral
6356,6/21/18 21:17,MALE,NA,2018-06-02,Not_through_referral
6357,7/20/18 17:14,FEMALE,NA,2018-06-11,Not_through_referral
6358,7/20/18 15:35,MALE,NA,1988-07-30,Not_through_referral
6359,7/24/18 16:40,MALE,NA,1975-12-29,Not_through_referral
6360,8/11/18 11:25,MALE,NA,1991-06-01,Not_through_referral
6361,8/4/18 18:08,MALE,NA,1959-03-31,Installed_through_referral
6362,6/19/18 14:28,FEMALE,NA,1997-09-27,Not_through_referral
6363,6/25/18 11:18,MALE,NA,2018-06-15,Not_through_referral
6364,7/23/18 17:22,MALE,NA,1996-05-26,Not_through_referral
6365,6/10/18 22:26,MALE,NA,1996-09-10,Installed_through_referral
6366,6/5/18 10:16,MALE,NA,1999-01-24,Not_through_referral
6367,6/14/18 10:40,MALE,NA,1982-03-03,Not_through_referral
6368,6/21/18 11:41,MALE,NA,1991-09-11,Not_through_referral
6369,6/27/18 19:37,MALE,NA,1991-12-11,Not_through_referral
6370,6/29/18 23:51,FEMALE,NA,1985-09-16,Not_through_referral
6371,7/15/18 23:57,MALE,NA,1985-03-06,Installed_through_referral
6372,7/17/18 19:04,MALE,NA,1979-01-20,Not_through_referral
6373,8/3/18 11:33,MALE,NA,1987-08-01,Not_through_referral
6374,8/4/18 0:50,MALE,NA,1992-02-23,Not_through_referral
6375,8/5/18 21:38,MALE,NA,1997-10-21,Not_through_referral
6376,8/10/18 13:34,MALE,NA,1995-08-10,Not_through_referral
6377,6/2/18 16:36,MALE,NA,1999-08-31,Not_through_referral
6378,6/8/18 14:38,MALE,NA,2018-06-08,Not_through_referral
6379,6/7/18 15:37,MALE,NA,1990-10-07,Not_through_referral
6380,6/4/18 12:49,MALE,NA,1999-01-03,Not_through_referral
6381,6/24/18 22:21,MALE,NA,1997-08-15,Not_through_referral
6382,7/1/18 0:38,MALE,NA,1991-08-26,Installed_through_referral
6383,7/10/18 15:32,MALE,NA,2018-01-01,Not_through_referral
6384,7/14/18 21:30,FEMALE,NA,2018-07-08,Not_through_referral
6385,7/14/18 18:30,MALE,NA,2018-07-10,Not_through_referral
6386,7/22/18 22:35,MALE,NA,2014-06-12,Not_through_referral
6387,7/29/18 18:48,MALE,NA,1983-01-16,Installed_through_referral
6388,6/19/18 19:35,MALE,NA,1999-02-14,Installed_through_referral
6389,7/3/18 21:57,MALE,NA,2009-08-10,Not_through_referral
6390,7/7/18 14:06,MALE,NA,1991-07-14,Not_through_referral
6391,7/16/18 20:00,MALE,NA,1984-01-12,Installed_through_referral
6392,7/14/18 22:13,MALE,NA,1992-04-14,Not_through_referral
6393,7/30/18 15:06,MALE,NA,2018-07-30,Not_through_referral
6394,7/29/18 10:05,MALE,NA,1998-05-05,Not_through_referral
6395,7/27/18 14:28,MALE,NA,1996-07-20,Not_through_referral
6396,7/26/18 9:35,NA,NA,1900-01-00,Not_through_referral
6397,8/12/18 15:43,MALE,NA,1992-09-26,Not_through_referral
6398,6/12/18 10:25,MALE,NA,2018-02-13,Installed_through_referral
6399,7/1/18 12:02,MALE,NA,1983-07-01,Not_through_referral
6400,6/25/18 16:18,MALE,NA,2018-06-25,Installed_through_referral
6401,7/3/18 17:13,NA,NA,1900-01-00,Not_through_referral
6402,7/18/18 23:01,MALE,NA,1980-10-01,Not_through_referral
6403,7/29/18 17:19,MALE,NA,2018-07-29,Not_through_referral
6404,6/17/18 14:30,MALE,NA,1982-06-02,Not_through_referral
6405,6/29/18 17:43,FEMALE,NA,1994-07-14,Installed_through_referral
6406,7/2/18 22:30,MALE,NA,1994-12-07,Not_through_referral
6407,7/19/18 22:36,MALE,NA,2000-08-26,Not_through_referral
6408,7/14/18 19:41,MALE,NA,1999-09-15,Not_through_referral
6409,7/17/18 18:28,MALE,NA,1981-01-20,Not_through_referral
6410,7/21/18 15:46,FEMALE,NA,1985-07-09,Not_through_referral
6411,7/31/18 22:29,MALE,NA,1985-12-02,Not_through_referral
6412,7/27/18 16:02,MALE,NA,1996-08-05,Installed_through_referral
6413,8/12/18 16:00,MALE,NA,2018-08-12,Not_through_referral
6414,8/13/18 20:28,MALE,NA,1995-12-16,Not_through_referral
6415,8/20/18 17:41,MALE,NA,1995-02-26,Installed_through_referral
6416,8/25/18 23:43,MALE,NA,2018-08-25,Installed_through_referral
6417,8/15/18 11:33,MALE,NA,2002-12-12,Installed_through_referral
6418,9/8/18 16:01,MALE,NA,1987-06-05,Not_through_referral
6419,8/19/18 20:06,MALE,NA,1990-10-21,Not_through_referral
6420,9/15/18 21:44,FEMALE,NA,1968-04-22,Installed_through_referral
6421,9/7/18 17:36,MALE,NA,1996-09-21,Not_through_referral
6422,8/24/18 13:29,MALE,NA,1988-02-02,Installed_through_referral
6423,9/13/18 12:25,MALE,NA,1964-10-12,Installed_through_referral
6424,9/8/18 12:03,FEMALE,NA,2018-08-20,Not_through_referral
6425,8/18/18 11:20,FEMALE,NA,1995-11-24,Not_through_referral
6426,8/25/18 10:17,MALE,NA,2018-08-21,Installed_through_referral
6427,8/29/18 14:24,MALE,NA,1990-09-04,Not_through_referral
6428,8/15/18 13:26,MALE,NA,2010-09-01,Not_through_referral
6429,8/18/18 0:36,MALE,NA,2000-10-04,Installed_through_referral
6430,8/15/18 18:18,MALE,NA,1993-11-13,Not_through_referral
6431,9/1/18 15:04,MALE,NA,1999-11-15,Not_through_referral
6432,9/11/18 19:10,MALE,NA,2016-03-17,Not_through_referral
6433,9/18/18 21:04,MALE,NA,1993-10-04,Installed_through_referral
6434,9/9/18 14:18,FEMALE,NA,2000-06-27,Installed_through_referral
6435,8/17/18 9:36,FEMALE,NA,2018-08-17,Installed_through_referral
6436,8/23/18 11:04,MALE,NA,1995-08-12,Not_through_referral
6437,8/17/18 16:03,MALE,NA,1989-10-06,Not_through_referral
6438,9/11/18 2:39,MALE,NA,1980-07-18,Not_through_referral
6439,9/19/18 17:46,MALE,NA,2018-06-22,Not_through_referral
6440,9/27/18 11:24,MALE,NA,2018-05-13,Not_through_referral
6441,8/25/18 17:47,NA,NA,1900-01-00,Not_through_referral
6442,9/16/18 16:24,MALE,NA,1997-07-07,Not_through_referral
6443,6/2/18 14:00,FEMALE,NA,1997-02-09,Not_through_referral
6444,6/15/18 0:11,MALE,NA,1990-03-25,Not_through_referral
6445,6/21/18 12:45,FEMALE,NA,1994-10-25,Not_through_referral
6446,6/25/18 22:56,MALE,NA,1997-06-27,Not_through_referral
6447,7/9/18 11:39,FEMALE,NA,1983-03-28,Not_through_referral
6448,8/11/18 15:11,MALE,NA,2018-08-11,Installed_through_referral
6449,8/6/18 15:30,MALE,NA,1995-06-14,Not_through_referral
6450,6/2/18 16:39,MALE,NA,1999-03-28,Installed_through_referral
6451,6/2/18 20:12,MALE,NA,1975-11-08,Not_through_referral
6452,6/3/18 15:46,MALE,NA,2000-08-25,Not_through_referral
6453,6/23/18 11:18,MALE,NA,1999-12-12,Not_through_referral
6454,7/3/18 18:19,MALE,NA,1985-10-24,Not_through_referral
6455,7/16/18 22:41,FEMALE,NA,1994-11-01,Not_through_referral
6456,7/15/18 17:44,MALE,NA,1995-07-15,Installed_through_referral
6457,7/16/18 18:45,MALE,NA,2018-07-16,Not_through_referral
6458,6/2/18 16:37,MALE,NA,1987-06-25,Not_through_referral
6459,6/5/18 16:12,MALE,NA,2018-06-05,Installed_through_referral
6460,6/10/18 17:27,MALE,NA,1989-03-21,Not_through_referral
6461,7/6/18 16:08,MALE,NA,1981-09-26,Not_through_referral
6462,7/22/18 17:03,MALE,NA,1992-02-10,Not_through_referral
6463,7/29/18 15:27,NA,NA,1900-01-00,Not_through_referral
6464,8/6/18 19:13,MALE,NA,1990-10-14,Not_through_referral
6465,6/2/18 16:40,MALE,NA,2001-08-17,Not_through_referral
6466,6/12/18 18:03,MALE,NA,2000-02-12,Not_through_referral
6467,6/15/18 19:58,MALE,NA,1968-04-17,Installed_through_referral
6468,6/25/18 13:02,FEMALE,NA,1990-03-01,Not_through_referral
6469,6/30/18 15:16,MALE,NA,1994-12-28,Installed_through_referral
6470,7/8/18 1:38,MALE,NA,1964-06-02,Installed_through_referral
6471,7/19/18 16:13,MALE,NA,1996-07-19,Not_through_referral
6472,7/22/18 15:47,MALE,NA,1998-12-13,Installed_through_referral
6473,7/30/18 16:11,MALE,NA,2018-07-30,Installed_through_referral
6474,6/13/18 13:13,FEMALE,NA,1994-01-19,Not_through_referral
6475,7/29/18 18:44,FEMALE,NA,2018-07-29,Not_through_referral
6476,7/31/18 15:06,FEMALE,NA,1999-10-12,Not_through_referral
6477,8/5/18 0:51,MALE,NA,2000-11-02,Not_through_referral
6478,6/8/18 18:08,FEMALE,NA,2018-06-08,Installed_through_referral
6479,6/15/18 8:05,MALE,NA,2001-12-09,Installed_through_referral
6480,6/18/18 11:06,NA,NA,1900-01-00,Not_through_referral
6481,6/28/18 21:06,MALE,NA,2018-06-06,Not_through_referral
6482,6/30/18 17:44,MALE,NA,1980-03-28,Installed_through_referral
6483,6/3/18 1:21,MALE,NA,1980-05-11,Installed_through_referral
6484,6/10/18 13:50,FEMALE,NA,1994-12-03,Not_through_referral
6485,6/16/18 12:00,MALE,NA,1999-12-05,Not_through_referral
6486,6/19/18 18:41,MALE,NA,2018-06-19,Not_through_referral
6487,7/13/18 13:48,FEMALE,NA,2000-08-27,Not_through_referral
6488,7/27/18 16:47,MALE,NA,1989-07-27,Not_through_referral
6489,6/11/18 12:23,MALE,NA,1997-06-11,Installed_through_referral
6490,6/21/18 17:13,FEMALE,NA,2018-03-18,Installed_through_referral
6491,6/13/18 23:41,MALE,NA,1996-06-11,Installed_through_referral
6492,6/23/18 9:42,MALE,NA,2001-06-25,Not_through_referral
6493,6/22/18 19:33,MALE,NA,2018-06-09,Not_through_referral
6494,7/5/18 14:06,MALE,NA,1990-02-22,Not_through_referral
6495,7/6/18 20:58,FEMALE,NA,1980-08-08,Not_through_referral
6496,7/10/18 23:28,MALE,NA,1996-09-08,Not_through_referral
6497,8/13/18 12:57,FEMALE,NA,1997-05-04,Not_through_referral
6498,6/2/18 16:15,FEMALE,NA,1994-01-01,Not_through_referral
6499,6/12/18 13:47,MALE,NA,1997-06-23,Not_through_referral
6500,6/20/18 1:30,MALE,NA,1988-06-20,Not_through_referral
6501,6/30/18 12:30,MALE,NA,1993-06-21,Not_through_referral
6502,7/25/18 16:03,FEMALE,NA,1991-11-18,Installed_through_referral
6503,7/27/18 16:49,FEMALE,NA,1994-06-10,Installed_through_referral
6504,8/7/18 18:44,MALE,NA,1991-09-17,Installed_through_referral
6505,8/12/18 16:15,FEMALE,NA,1993-08-10,Not_through_referral
6506,8/7/18 14:04,FEMALE,NA,2018-08-07,Not_through_referral
6507,8/6/18 9:08,FEMALE,NA,1997-12-21,Not_through_referral
6508,6/2/18 14:26,MALE,NA,2018-06-02,Not_through_referral
6509,6/2/18 11:51,FEMALE,NA,1988-06-07,Not_through_referral
6510,6/12/18 12:47,MALE,NA,1992-03-10,Not_through_referral
6511,6/4/18 21:08,MALE,NA,1995-02-20,Not_through_referral
6512,6/13/18 16:48,FEMALE,NA,1991-06-06,Installed_through_referral
6513,6/22/18 22:00,FEMALE,NA,1998-06-13,Not_through_referral
6514,7/19/18 13:48,FEMALE,NA,1996-01-15,Not_through_referral
6515,8/9/18 22:25,MALE,NA,1994-06-12,Installed_through_referral
6516,8/4/18 12:42,FEMALE,NA,2017-08-04,Installed_through_referral
6517,8/11/18 20:23,FEMALE,NA,2017-09-13,Not_through_referral
6518,9/24/18 14:09,MALE,NA,2012-07-14,Not_through_referral
6519,8/24/18 17:57,MALE,NA,1996-05-13,Not_through_referral
6520,9/2/18 14:15,MALE,NA,1997-05-25,Not_through_referral
6521,9/21/18 8:18,MALE,NA,1976-11-14,Not_through_referral
6522,8/18/18 20:11,MALE,NA,1996-05-06,Not_through_referral
6523,9/1/18 13:00,MALE,NA,2000-09-04,Installed_through_referral
6524,9/7/18 15:26,MALE,NA,1997-07-22,Not_through_referral
6525,9/2/18 2:03,MALE,NA,1999-12-04,Not_through_referral
6526,9/17/18 13:00,MALE,NA,1993-09-17,Not_through_referral
6527,9/17/18 8:23,MALE,NA,1996-02-19,Not_through_referral
6528,8/20/18 20:16,MALE,NA,2018-08-16,Not_through_referral
6529,8/24/18 20:46,MALE,NA,2018-08-24,Installed_through_referral
6530,8/30/18 15:01,FEMALE,NA,1998-08-26,Not_through_referral
6531,9/9/18 11:43,FEMALE,NA,2018-06-20,Installed_through_referral
6532,9/14/18 10:44,MALE,NA,1990-07-28,Not_through_referral
6533,8/17/18 23:02,FEMALE,NA,1994-06-13,Not_through_referral
6534,8/26/18 19:07,MALE,NA,1997-10-23,Not_through_referral
6535,8/30/18 17:04,FEMALE,NA,1994-10-09,Installed_through_referral
6536,9/17/18 12:08,MALE,NA,1987-02-06,Not_through_referral
6537,9/10/18 17:21,FEMALE,NA,1992-10-02,Not_through_referral
6538,9/27/18 14:05,MALE,NA,1999-09-18,Not_through_referral
6539,8/24/18 11:42,FEMALE,NA,2018-08-12,Not_through_referral
6540,8/30/18 13:11,MALE,NA,1998-09-24,Installed_through_referral
6541,9/19/18 20:20,FEMALE,NA,2017-12-06,Not_through_referral
6542,9/15/18 17:15,MALE,NA,1987-06-05,Not_through_referral
6543,9/7/18 16:55,MALE,NA,2002-05-23,Not_through_referral
6544,9/22/18 14:25,MALE,NA,1996-12-10,Not_through_referral
6545,8/19/18 17:00,MALE,NA,2000-07-14,Not_through_referral
6546,8/27/18 11:31,FEMALE,NA,1993-08-16,Installed_through_referral
6547,9/13/18 0:37,MALE,NA,2018-09-06,Installed_through_referral
6548,9/23/18 10:49,MALE,NA,1999-08-19,Not_through_referral
6549,6/5/18 11:29,MALE,NA,1990-08-10,Not_through_referral
6550,6/7/18 20:45,MALE,NA,1979-09-15,Not_through_referral
6551,6/17/18 18:28,FEMALE,NA,1986-10-30,Not_through_referral
6552,6/20/18 17:30,MALE,NA,2018-06-20,Not_through_referral
6553,6/30/18 18:41,FEMALE,NA,2018-06-30,Not_through_referral
6554,7/17/18 16:19,MALE,NA,1995-09-13,Not_through_referral
6555,7/24/18 17:34,FEMALE,NA,1998-10-16,Not_through_referral
6556,8/2/18 19:58,FEMALE,NA,2018-08-02,Installed_through_referral
6557,6/9/18 14:50,MALE,NA,1992-02-18,Not_through_referral
6558,6/25/18 19:38,MALE,NA,1995-05-11,Installed_through_referral
6559,6/28/18 20:47,MALE,NA,2011-12-17,Installed_through_referral
6560,6/22/18 15:30,MALE,NA,1983-03-09,Not_through_referral
6561,7/10/18 6:31,MALE,NA,1997-07-17,Installed_through_referral
6562,7/10/18 11:58,MALE,NA,1992-10-24,Not_through_referral
6563,7/19/18 14:38,FEMALE,NA,1994-05-31,Not_through_referral
6564,7/19/18 13:22,MALE,NA,1981-04-22,Not_through_referral
6565,6/15/18 12:53,MALE,NA,1986-06-27,Not_through_referral
6566,6/17/18 15:51,MALE,NA,1994-06-17,Not_through_referral
6567,6/14/18 17:34,MALE,NA,1982-09-13,Not_through_referral
6568,6/22/18 21:22,FEMALE,NA,1993-10-09,Not_through_referral
6569,6/29/18 17:50,FEMALE,NA,1986-05-06,Not_through_referral
6570,7/26/18 23:33,MALE,NA,1999-07-30,Installed_through_referral
6571,8/4/18 22:29,MALE,NA,2018-08-03,Not_through_referral
6572,8/6/18 13:55,MALE,NA,1995-08-06,Not_through_referral
6573,6/11/18 22:34,FEMALE,NA,1995-06-24,Installed_through_referral
6574,6/16/18 20:09,MALE,NA,1997-12-24,Not_through_referral
6575,8/11/18 20:11,MALE,NA,2018-08-11,Not_through_referral
6576,6/21/18 7:05,MALE,NA,1998-10-12,Not_through_referral
6577,6/21/18 11:10,FEMALE,NA,1994-04-22,Not_through_referral
6578,6/25/18 17:23,MALE,NA,2018-06-01,Not_through_referral
6579,7/1/18 19:11,MALE,NA,1988-05-02,Not_through_referral
6580,7/22/18 18:45,MALE,NA,1990-08-09,Not_through_referral
6581,8/7/18 11:54,FEMALE,NA,1995-08-10,Not_through_referral
6582,8/10/18 20:52,FEMALE,NA,1993-08-10,Installed_through_referral
6583,8/13/18 17:58,MALE,NA,1995-04-09,Installed_through_referral
6584,6/2/18 19:54,MALE,NA,1985-10-30,Installed_through_referral
6585,6/3/18 17:48,MALE,NA,2018-06-03,Not_through_referral
6586,6/29/18 17:43,MALE,NA,1997-03-19,Installed_through_referral
6587,7/12/18 13:09,MALE,NA,1995-07-25,Installed_through_referral
6588,7/29/18 21:12,MALE,NA,2018-03-14,Not_through_referral
6589,7/29/18 14:07,MALE,NA,1998-07-09,Not_through_referral
6590,6/8/18 11:59,MALE,NA,1953-06-08,Not_through_referral
6591,6/19/18 23:28,MALE,NA,1995-02-26,Not_through_referral
6592,6/13/18 17:46,FEMALE,NA,1992-02-28,Installed_through_referral
6593,6/19/18 11:12,FEMALE,NA,2000-01-05,Not_through_referral
6594,6/26/18 23:34,MALE,NA,2018-06-05,Not_through_referral
6595,7/14/18 15:33,MALE,NA,1997-06-20,Not_through_referral
6596,7/17/18 18:32,MALE,NA,2018-07-17,Installed_through_referral
6597,7/27/18 14:57,MALE,NA,2018-07-27,Not_through_referral
6598,8/14/18 12:58,MALE,NA,1977-12-11,Not_through_referral
6599,8/8/18 22:38,MALE,NA,1975-08-10,Installed_through_referral
6600,8/9/18 19:32,MALE,NA,1998-12-05,Not_through_referral
6601,6/10/18 19:43,MALE,NA,2018-06-10,Installed_through_referral
6602,6/22/18 1:58,MALE,NA,2018-06-22,Not_through_referral
6603,6/22/18 18:16,MALE,NA,2018-06-22,Installed_through_referral
6604,7/1/18 15:05,MALE,NA,1995-05-11,Not_through_referral
6605,7/2/18 17:37,MALE,NA,2018-07-02,Not_through_referral
6606,7/22/18 20:07,MALE,NA,2018-01-12,Not_through_referral
6607,7/28/18 19:37,FEMALE,NA,1987-02-09,Not_through_referral
6608,6/12/18 13:36,MALE,NA,1996-04-13,Installed_through_referral
6609,6/16/18 16:32,MALE,NA,1962-06-28,Not_through_referral
6610,6/19/18 13:19,MALE,NA,1990-03-03,Installed_through_referral
6611,6/15/18 13:35,NA,NA,1900-01-00,Not_through_referral
6612,6/20/18 15:48,MALE,NA,1998-09-05,Not_through_referral
6613,6/30/18 13:16,MALE,NA,1984-02-25,Not_through_referral
6614,7/10/18 19:14,MALE,NA,1991-03-05,Not_through_referral
6615,7/17/18 14:46,MALE,NA,1991-12-12,Not_through_referral
6616,8/9/18 17:03,MALE,NA,2018-08-09,Installed_through_referral
6617,6/8/18 22:25,FEMALE,NA,1997-04-10,Installed_through_referral
6618,6/12/18 22:07,MALE,NA,2018-06-12,Not_through_referral
6619,6/23/18 18:04,MALE,NA,1996-11-27,Not_through_referral
6620,7/3/18 10:16,MALE,NA,1990-07-03,Not_through_referral
6621,7/20/18 0:23,FEMALE,NA,1984-11-07,Not_through_referral
6622,8/3/18 13:16,MALE,NA,1993-08-15,Not_through_referral
6623,8/13/18 20:11,FEMALE,NA,1996-07-08,Not_through_referral
6624,8/17/18 13:31,MALE,NA,2001-09-30,Not_through_referral
6625,9/10/18 13:07,MALE,NA,2001-09-30,Not_through_referral
6626,9/6/18 16:51,MALE,NA,1997-08-08,Not_through_referral
6627,9/18/18 22:59,NA,NA,1900-01-00,Not_through_referral
6628,8/15/18 16:50,MALE,NA,1994-02-17,Not_through_referral
6629,9/3/18 1:50,MALE,NA,1987-08-13,Installed_through_referral
6630,8/27/18 15:50,MALE,NA,1999-02-06,Not_through_referral
6631,9/1/18 0:23,MALE,NA,1999-12-10,Not_through_referral
6632,9/25/18 3:47,MALE,NA,1995-08-23,Not_through_referral
6633,9/23/18 9:32,MALE,NA,2018-09-19,Not_through_referral
6634,8/18/18 16:46,MALE,NA,1992-12-11,Not_through_referral
6635,9/2/18 16:45,MALE,NA,1997-07-01,Not_through_referral
6636,8/24/18 14:11,MALE,NA,2000-08-28,Not_through_referral
6637,8/19/18 17:05,MALE,NA,1986-05-10,Installed_through_referral
6638,8/21/18 11:16,FEMALE,NA,1996-06-29,Installed_through_referral
6639,9/19/18 18:02,MALE,NA,1999-06-05,Not_through_referral
6640,9/27/18 12:53,MALE,NA,1983-03-24,Not_through_referral
6641,9/6/18 15:59,MALE,NA,1983-09-30,Not_through_referral
6642,9/8/18 18:36,FEMALE,NA,1994-03-06,Installed_through_referral
6643,6/29/18 16:04,MALE,NA,1996-08-31,Not_through_referral
6644,6/22/18 16:44,FEMALE,NA,1988-06-01,Not_through_referral
6645,7/2/18 15:48,NA,NA,1900-01-00,Not_through_referral
6646,7/16/18 19:09,MALE,NA,1985-12-03,Not_through_referral
6647,7/20/18 7:08,MALE,NA,1965-06-18,Not_through_referral
6648,7/30/18 19:56,MALE,NA,1991-07-06,Not_through_referral
6649,7/22/18 21:36,MALE,NA,1953-04-14,Not_through_referral
6650,6/10/18 23:31,MALE,NA,1994-04-20,Installed_through_referral
6651,6/24/18 16:31,MALE,NA,2018-06-24,Installed_through_referral
6652,6/29/18 11:55,MALE,NA,1998-01-25,Not_through_referral
6653,7/11/18 11:27,MALE,NA,1994-04-06,Not_through_referral
6654,7/8/18 20:02,MALE,NA,1997-07-08,Not_through_referral
6655,7/17/18 18:19,FEMALE,NA,1988-09-05,Not_through_referral
6656,8/2/18 20:19,MALE,NA,1996-12-08,Not_through_referral
6657,8/14/18 16:30,MALE,NA,2018-08-14,Installed_through_referral
6658,6/11/18 14:15,MALE,NA,1991-08-04,Not_through_referral
6659,6/8/18 16:51,MALE,NA,1993-05-03,Not_through_referral
6660,6/20/18 8:03,MALE,NA,1977-06-20,Not_through_referral
6661,6/22/18 17:40,MALE,NA,1995-05-05,Installed_through_referral
6662,6/28/18 11:51,MALE,NA,2018-05-03,Not_through_referral
6663,8/6/18 11:41,MALE,NA,2018-05-03,Not_through_referral
6664,6/4/18 2:19,FEMALE,NA,1997-06-04,Installed_through_referral
6665,7/17/18 9:48,MALE,NA,1998-04-21,Not_through_referral
6666,7/22/18 13:18,MALE,NA,1987-05-06,Not_through_referral
6667,7/16/18 22:36,MALE,NA,1988-01-27,Installed_through_referral
6668,6/12/18 14:00,MALE,NA,1992-06-23,Not_through_referral
6669,6/20/18 15:56,MALE,NA,1995-08-03,Not_through_referral
6670,7/9/18 19:18,FEMALE,NA,1995-07-24,Not_through_referral
6671,7/15/18 12:26,MALE,NA,1992-02-15,Not_through_referral
6672,7/21/18 13:11,MALE,NA,1996-04-02,Installed_through_referral
6673,7/14/18 17:06,MALE,NA,1993-08-14,Not_through_referral
6674,7/17/18 18:28,MALE,NA,2000-03-02,Not_through_referral
6675,7/31/18 22:09,MALE,NA,1998-07-15,Installed_through_referral
6676,8/3/18 1:31,FEMALE,NA,1994-05-12,Installed_through_referral
6677,6/17/18 17:50,FEMALE,NA,1997-06-17,Not_through_referral
6678,6/26/18 18:13,MALE,NA,2018-06-26,Not_through_referral
6679,6/23/18 14:45,MALE,NA,2018-06-20,Installed_through_referral
6680,7/2/18 20:35,MALE,NA,2018-07-02,Installed_through_referral
6681,7/1/18 19:58,MALE,NA,2018-07-01,Not_through_referral
6682,7/9/18 0:20,FEMALE,NA,2018-02-15,Not_through_referral
6683,8/9/18 15:51,MALE,NA,1986-11-09,Not_through_referral
6684,8/11/18 13:10,MALE,NA,1994-12-31,Not_through_referral
6685,6/9/18 23:43,MALE,NA,1987-06-26,Not_through_referral
6686,6/11/18 0:49,MALE,NA,2002-06-11,Not_through_referral
6687,6/23/18 17:14,MALE,NA,2018-06-23,Not_through_referral
6688,6/27/18 13:56,MALE,NA,1988-02-06,Not_through_referral
6689,6/28/18 14:58,NA,NA,1900-01-00,Not_through_referral
6690,7/5/18 17:56,MALE,NA,1985-11-14,Not_through_referral
6691,7/1/18 20:56,MALE,NA,1996-04-10,Not_through_referral
6692,7/21/18 18:58,MALE,NA,2017-12-29,Not_through_referral
6693,7/24/18 11:37,MALE,NA,1976-12-31,Not_through_referral
6694,7/28/18 16:47,MALE,NA,2000-02-17,Not_through_referral
6695,8/9/18 22:18,MALE,NA,1982-08-09,Not_through_referral
6696,6/11/18 18:42,MALE,NA,2018-06-11,Installed_through_referral
6697,6/7/18 14:24,MALE,NA,1988-04-15,Not_through_referral
6698,6/18/18 20:41,MALE,NA,2018-06-18,Not_through_referral
6699,7/16/18 22:54,FEMALE,NA,1989-10-14,Installed_through_referral
6700,7/29/18 18:39,MALE,NA,1997-03-16,Installed_through_referral
6701,7/27/18 13:09,MALE,NA,1999-08-06,Not_through_referral
6702,8/13/18 21:22,MALE,NA,2007-08-24,Not_through_referral
6703,8/12/18 12:51,FEMALE,NA,1996-01-30,Not_through_referral
6704,8/9/18 15:55,MALE,NA,1990-01-01,Not_through_referral
6705,6/10/18 18:07,MALE,NA,1994-05-01,Not_through_referral
6706,6/11/18 22:53,MALE,NA,1983-05-05,Installed_through_referral
6707,6/30/18 17:27,FEMALE,NA,1995-09-06,Not_through_referral
6708,7/11/18 18:18,MALE,NA,1977-11-30,Not_through_referral
6709,7/3/18 13:07,FEMALE,NA,1990-07-03,Not_through_referral
6710,7/1/18 12:21,MALE,NA,1990-06-25,Not_through_referral
6711,7/13/18 18:19,MALE,NA,1990-11-26,Not_through_referral
6712,7/16/18 18:05,MALE,NA,1985-07-16,Installed_through_referral
6713,7/29/18 15:06,FEMALE,NA,2000-02-20,Not_through_referral
6714,7/30/18 20:09,MALE,NA,1997-08-16,Not_through_referral
6715,7/28/18 16:22,MALE,NA,1995-09-20,Not_through_referral
6716,8/7/18 13:00,MALE,NA,1984-05-14,Not_through_referral
6717,6/8/18 19:17,MALE,NA,2001-02-03,Not_through_referral
6718,6/4/18 14:28,FEMALE,NA,1998-10-06,Not_through_referral
6719,6/16/18 13:37,MALE,NA,1987-11-08,Not_through_referral
6720,6/22/18 15:33,MALE,NA,1996-06-07,Not_through_referral
6721,7/6/18 13:04,FEMALE,NA,2000-11-22,Not_through_referral
6722,7/14/18 17:29,MALE,NA,1989-09-13,Not_through_referral
6723,7/14/18 12:29,FEMALE,NA,1980-07-05,Installed_through_referral
6724,7/24/18 14:22,MALE,NA,1989-04-24,Installed_through_referral
6725,8/3/18 13:50,MALE,NA,2018-08-03,Not_through_referral
6726,8/25/18 23:12,MALE,NA,2000-04-10,Not_through_referral
6727,8/14/18 22:21,MALE,NA,1990-10-10,Not_through_referral
6728,8/26/18 18:42,MALE,NA,1988-10-18,Not_through_referral
6729,9/10/18 16:21,MALE,NA,2000-11-30,Not_through_referral
6730,9/27/18 20:25,MALE,NA,2018-09-27,Installed_through_referral
6731,9/11/18 14:11,MALE,NA,1992-02-12,Not_through_referral
6732,9/18/18 12:01,MALE,NA,1997-02-21,Not_through_referral
6733,9/21/18 17:02,MALE,NA,1992-01-19,Not_through_referral
6734,8/22/18 14:57,MALE,NA,2018-08-22,Not_through_referral
6735,9/28/18 12:30,MALE,NA,2001-08-22,Not_through_referral
6736,8/23/18 15:36,MALE,NA,1990-02-01,Not_through_referral
6737,8/28/18 17:22,MALE,NA,1994-04-24,Not_through_referral
6738,9/18/18 22:14,MALE,NA,1995-02-17,Not_through_referral
6739,8/25/18 10:45,MALE,NA,1998-01-18,Installed_through_referral
6740,9/5/18 20:29,MALE,NA,1988-04-30,Not_through_referral
6741,9/1/18 16:26,MALE,NA,1983-05-18,Not_through_referral
6742,8/26/18 22:20,MALE,NA,2018-08-26,Installed_through_referral
6743,9/19/18 21:57,MALE,NA,1999-06-06,Not_through_referral
6744,9/25/18 22:05,FEMALE,NA,1994-10-24,Not_through_referral
6745,9/17/18 14:04,FEMALE,NA,1996-04-24,Not_through_referral
6746,8/18/18 13:13,NA,NA,1900-01-00,Not_through_referral
6747,8/20/18 9:56,FEMALE,NA,1995-02-11,Installed_through_referral
6748,9/1/18 22:35,MALE,NA,1999-12-08,Not_through_referral
6749,8/24/18 14:56,MALE,NA,1991-11-20,Installed_through_referral
6750,9/11/18 10:38,MALE,NA,2018-09-11,Not_through_referral
6751,9/11/18 20:36,FEMALE,NA,1981-07-09,Not_through_referral
6752,9/14/18 1:28,MALE,NA,1988-03-15,Not_through_referral
6753,6/28/18 15:01,FEMALE,NA,1995-06-30,Installed_through_referral
6754,6/23/18 10:01,MALE,NA,1989-06-15,Not_through_referral
6755,6/23/18 17:39,NA,NA,1900-01-00,Installed_through_referral
6756,6/29/18 14:13,FEMALE,NA,1995-07-06,Not_through_referral
6757,7/13/18 23:51,MALE,NA,2016-11-03,Not_through_referral
6758,8/10/18 16:20,NA,NA,1900-01-00,Not_through_referral
6759,6/11/18 13:25,FEMALE,NA,1983-06-29,Not_through_referral
6760,6/24/18 17:47,MALE,NA,1998-07-07,Installed_through_referral
6761,7/13/18 11:18,MALE,NA,1995-07-28,Not_through_referral
6762,7/17/18 11:34,MALE,NA,2018-07-17,Not_through_referral
6763,7/14/18 21:32,MALE,NA,1995-08-07,Not_through_referral
6764,6/10/18 19:08,MALE,NA,1983-01-07,Not_through_referral
6765,6/17/18 16:42,MALE,NA,2005-07-15,Not_through_referral
6766,6/21/18 14:16,MALE,NA,1991-06-29,Not_through_referral
6767,6/18/18 13:46,MALE,NA,1990-06-06,Not_through_referral
6768,7/3/18 14:59,MALE,NA,1995-07-15,Installed_through_referral
6769,7/8/18 12:59,FEMALE,NA,2000-05-12,Not_through_referral
6770,7/9/18 23:19,MALE,NA,1984-07-08,Not_through_referral
6771,7/14/18 20:05,FEMALE,NA,1996-09-21,Not_through_referral
6772,7/23/18 17:18,FEMALE,NA,2018-07-20,Not_through_referral
6773,7/29/18 4:33,MALE,NA,2017-06-21,Not_through_referral
6774,8/9/18 15:25,FEMALE,NA,1997-03-27,Not_through_referral
6775,8/4/18 23:11,MALE,NA,1993-11-11,Not_through_referral
6776,6/10/18 16:31,MALE,NA,1995-04-01,Not_through_referral
6777,6/8/18 20:16,MALE,NA,2018-06-08,Not_through_referral
6778,6/12/18 9:00,MALE,NA,1990-12-12,Installed_through_referral
6779,6/14/18 18:38,MALE,NA,1984-06-14,Not_through_referral
6780,6/21/18 13:35,MALE,NA,1997-03-12,Not_through_referral
6781,6/13/18 14:33,MALE,NA,2000-04-10,Installed_through_referral
6782,6/17/18 18:05,MALE,NA,1976-01-27,Not_through_referral
6783,6/25/18 22:11,MALE,NA,1986-08-29,Installed_through_referral
6784,7/19/18 21:33,MALE,NA,2018-07-19,Not_through_referral
6785,7/17/18 15:39,MALE,NA,2018-07-17,Not_through_referral
6786,7/18/18 16:21,MALE,NA,1985-07-15,Not_through_referral
6787,7/14/18 10:28,FEMALE,NA,2018-02-28,Installed_through_referral
6788,7/15/18 16:47,MALE,NA,2018-07-15,Not_through_referral
6789,7/30/18 7:56,FEMALE,NA,1996-09-27,Not_through_referral
6790,8/14/18 18:20,FEMALE,NA,2018-02-20,Not_through_referral
6791,6/11/18 19:37,MALE,NA,1982-08-23,Not_through_referral
6792,6/25/18 21:17,MALE,NA,1995-04-02,Not_through_referral
6793,6/25/18 1:46,FEMALE,NA,1990-07-31,Not_through_referral
6794,8/11/18 11:42,FEMALE,NA,1972-10-05,Not_through_referral
6795,6/6/18 14:09,MALE,NA,1992-06-19,Not_through_referral
6796,6/8/18 10:43,MALE,NA,1977-09-28,Not_through_referral
6797,6/10/18 22:40,MALE,NA,1999-08-18,Not_through_referral
6798,6/16/18 18:36,MALE,NA,2001-08-10,Not_through_referral
6799,7/27/18 14:24,MALE,NA,2018-07-27,Installed_through_referral
6800,8/12/18 16:04,MALE,NA,2001-02-10,Not_through_referral
6801,8/10/18 18:07,MALE,NA,1996-11-16,Not_through_referral
6802,8/11/18 18:40,MALE,NA,2018-08-11,Installed_through_referral
6803,8/9/18 15:49,MALE,NA,1992-02-11,Installed_through_referral
6804,6/26/18 20:23,MALE,NA,1988-09-25,Not_through_referral
6805,6/1/18 7:44,FEMALE,NA,1998-12-15,Not_through_referral
6806,6/30/18 14:23,MALE,NA,1995-10-26,Not_through_referral
6807,6/28/18 1:30,MALE,NA,1986-06-28,Installed_through_referral
6808,6/29/18 9:11,FEMALE,NA,2002-02-20,Not_through_referral
6809,6/30/18 19:07,MALE,NA,1993-01-30,Not_through_referral
6810,6/26/18 1:00,MALE,NA,1993-08-11,Installed_through_referral
6811,7/6/18 14:45,MALE,NA,2018-07-07,Not_through_referral
6812,7/10/18 15:18,MALE,NA,1990-12-19,Not_through_referral
6813,7/27/18 10:43,FEMALE,NA,1994-12-01,Not_through_referral
6814,8/3/18 16:54,MALE,NA,1985-07-12,Not_through_referral
6815,7/31/18 10:19,MALE,NA,2018-07-31,Not_through_referral
6816,8/4/18 16:30,NA,NA,1900-01-00,Not_through_referral
6817,8/6/18 18:03,MALE,NA,1990-09-15,Installed_through_referral
6818,6/12/18 16:40,FEMALE,NA,1985-12-10,Not_through_referral
6819,7/7/18 14:15,MALE,NA,2003-10-21,Not_through_referral
6820,7/14/18 23:51,NA,NA,1900-01-00,Not_through_referral
6821,7/27/18 12:42,MALE,NA,1979-08-19,Not_through_referral
6822,7/25/18 16:09,MALE,NA,1997-09-03,Not_through_referral
6823,8/9/18 11:16,MALE,NA,1999-03-11,Not_through_referral
6824,6/2/18 20:26,MALE,NA,2018-06-02,Installed_through_referral
6825,6/4/18 12:30,MALE,NA,1998-12-13,Not_through_referral
6826,6/13/18 17:53,MALE,NA,2018-06-13,Not_through_referral
6827,6/13/18 19:54,MALE,NA,1989-04-18,Not_through_referral
6828,7/6/18 14:16,MALE,NA,1995-09-15,Installed_through_referral
6829,7/2/18 13:21,MALE,NA,1996-09-29,Not_through_referral
6830,7/16/18 10:36,MALE,NA,2008-07-09,Not_through_referral
6831,7/18/18 12:55,MALE,NA,1990-09-06,Installed_through_referral
6832,7/31/18 18:23,MALE,NA,2018-07-31,Installed_through_referral
6833,7/28/18 11:41,MALE,NA,1999-01-14,Not_through_referral
6834,8/23/18 16:41,FEMALE,NA,1979-07-09,Not_through_referral
6835,8/19/18 19:01,MALE,NA,1988-12-16,Not_through_referral
6836,8/24/18 14:14,MALE,NA,1991-04-20,Installed_through_referral
6837,8/20/18 13:47,MALE,NA,2002-08-07,Not_through_referral
6838,8/30/18 20:28,NA,NA,1900-01-00,Not_through_referral
6839,9/23/18 14:25,MALE,NA,1985-09-09,Not_through_referral
6840,8/28/18 19:12,MALE,NA,2000-04-23,Installed_through_referral
6841,8/30/18 18:41,FEMALE,NA,2002-08-25,Installed_through_referral
6842,8/28/18 15:26,MALE,NA,1989-08-28,Installed_through_referral
6843,9/12/18 11:30,MALE,NA,1999-05-06,Not_through_referral
6844,9/10/18 13:15,FEMALE,NA,1996-06-12,Not_through_referral
6845,9/28/18 12:30,FEMALE,NA,1997-09-05,Not_through_referral
6846,8/15/18 15:54,FEMALE,NA,1989-09-05,Installed_through_referral
6847,8/18/18 11:06,MALE,NA,1994-12-01,Installed_through_referral
6848,9/9/18 14:40,MALE,NA,1988-09-07,Installed_through_referral
6849,9/5/18 13:16,MALE,NA,1995-05-08,Not_through_referral
6850,8/16/18 11:10,MALE,NA,1972-08-04,Not_through_referral
6851,9/5/18 1:14,MALE,NA,2018-09-05,Not_through_referral
6852,8/22/18 11:39,MALE,NA,1988-02-09,Not_through_referral
6853,8/17/18 4:31,MALE,NA,1997-08-18,Not_through_referral
6854,9/10/18 14:30,MALE,NA,1995-10-10,Installed_through_referral
6855,7/7/18 18:46,MALE,NA,1953-06-02,Not_through_referral
6856,7/1/18 19:07,MALE,NA,2018-07-01,Installed_through_referral
6857,7/5/18 16:05,MALE,NA,2018-07-03,Not_through_referral
6858,7/17/18 19:28,MALE,NA,1991-03-02,Not_through_referral
6859,6/2/18 18:51,MALE,NA,1993-10-04,Not_through_referral
6860,6/10/18 18:10,MALE,NA,1990-05-29,Not_through_referral
6861,6/16/18 9:46,MALE,NA,1966-06-06,Not_through_referral
6862,6/24/18 17:23,FEMALE,NA,2016-11-11,Installed_through_referral
6863,7/13/18 16:05,MALE,NA,1986-02-21,Not_through_referral
6864,8/4/18 17:44,MALE,NA,1999-08-25,Not_through_referral
6865,8/12/18 19:33,MALE,NA,1989-09-03,Not_through_referral
6866,8/7/18 11:21,FEMALE,NA,1991-07-04,Installed_through_referral
6867,6/8/18 16:48,MALE,NA,1983-04-17,Not_through_referral
6868,6/19/18 10:43,MALE,NA,2018-06-05,Installed_through_referral
6869,6/15/18 11:49,MALE,NA,1991-11-01,Not_through_referral
6870,6/16/18 16:12,MALE,NA,1993-10-10,Not_through_referral
6871,6/26/18 10:59,MALE,NA,2018-06-26,Installed_through_referral
6872,6/26/18 16:40,FEMALE,NA,1983-02-27,Not_through_referral
6873,7/14/18 15:44,FEMALE,NA,2000-01-05,Installed_through_referral
6874,6/16/18 21:49,MALE,NA,2001-02-27,Not_through_referral
6875,6/29/18 18:19,MALE,NA,2000-01-17,Not_through_referral
6876,7/12/18 23:00,FEMALE,NA,1995-07-01,Not_through_referral
6877,6/10/18 19:39,MALE,NA,1989-04-24,Not_through_referral
6878,6/23/18 16:16,MALE,NA,2018-06-05,Not_through_referral
6879,6/30/18 12:43,MALE,NA,1987-03-07,Installed_through_referral
6880,7/18/18 21:07,MALE,NA,1993-07-27,Not_through_referral
6881,6/11/18 13:45,MALE,NA,1998-01-18,Not_through_referral
6882,6/13/18 21:51,FEMALE,NA,1991-11-17,Not_through_referral
6883,7/19/18 11:23,MALE,NA,1994-08-28,Not_through_referral
6884,7/30/18 16:17,MALE,NA,1996-11-15,Installed_through_referral
6885,8/3/18 1:05,MALE,NA,1996-12-20,Installed_through_referral
6886,8/9/18 15:23,MALE,NA,1996-05-25,Installed_through_referral
6887,8/4/18 14:30,NA,NA,1900-01-00,Not_through_referral
6888,6/12/18 18:25,MALE,NA,1977-06-16,Not_through_referral
6889,6/7/18 19:16,MALE,NA,1988-03-15,Installed_through_referral
6890,6/13/18 19:37,MALE,NA,1999-06-09,Not_through_referral
6891,6/27/18 12:48,MALE,NA,1998-06-22,Not_through_referral
6892,6/24/18 13:16,MALE,NA,1993-04-17,Not_through_referral
6893,7/2/18 2:06,FEMALE,NA,1998-06-10,Not_through_referral
6894,7/3/18 15:35,MALE,NA,2018-07-03,Installed_through_referral
6895,7/22/18 19:16,MALE,NA,1999-08-27,Not_through_referral
6896,7/20/18 22:06,MALE,NA,1995-06-11,Installed_through_referral
6897,7/30/18 21:13,MALE,NA,1970-12-05,Not_through_referral
6898,6/2/18 17:00,NA,NA,1900-01-00,Not_through_referral
6899,6/2/18 15:56,MALE,NA,2018-06-02,Installed_through_referral
6900,6/18/18 22:08,MALE,NA,1995-02-22,Installed_through_referral
6901,6/18/18 13:48,FEMALE,NA,1997-12-18,Installed_through_referral
6902,7/12/18 11:40,FEMALE,NA,1989-08-14,Not_through_referral
6903,7/21/18 20:20,MALE,NA,1998-07-20,Not_through_referral
6904,7/13/18 18:07,FEMALE,NA,1994-07-02,Installed_through_referral
6905,6/4/18 9:00,MALE,NA,1995-05-30,Not_through_referral
6906,6/18/18 13:30,MALE,NA,2001-07-24,Installed_through_referral
6907,6/18/18 13:25,FEMALE,NA,2001-06-18,Not_through_referral
6908,6/17/18 14:47,MALE,NA,2018-06-17,Installed_through_referral
6909,6/19/18 1:13,MALE,NA,1999-05-16,Not_through_referral
6910,7/9/18 16:43,MALE,NA,1995-08-31,Installed_through_referral
6911,7/24/18 20:40,MALE,NA,1994-11-12,Not_through_referral
6912,8/10/18 16:32,MALE,NA,1984-05-23,Not_through_referral
6913,6/20/18 16:27,FEMALE,NA,1998-06-20,Not_through_referral
6914,6/27/18 11:26,MALE,NA,1990-11-17,Not_through_referral
6915,7/8/18 1:05,MALE,NA,1982-08-07,Not_through_referral
6916,7/9/18 4:46,MALE,NA,1986-07-20,Not_through_referral
6917,7/28/18 14:22,FEMALE,NA,1996-01-22,Not_through_referral
6918,8/9/18 15:43,MALE,NA,1999-08-09,Installed_through_referral
6919,8/12/18 21:47,MALE,NA,1983-12-28,Not_through_referral
6920,8/23/18 22:42,MALE,NA,1999-12-03,Not_through_referral
6921,8/17/18 10:22,MALE,NA,1991-07-21,Not_through_referral
6922,9/6/18 9:50,FEMALE,NA,1994-06-28,Not_through_referral
6923,9/6/18 10:52,MALE,NA,1980-11-30,Installed_through_referral
6924,9/13/18 1:23,FEMALE,NA,2018-05-16,Not_through_referral
6925,9/16/18 15:46,FEMALE,NA,2018-09-16,Not_through_referral
6926,9/23/18 17:27,MALE,NA,1993-06-15,Not_through_referral
6927,8/25/18 14:18,MALE,NA,2018-08-25,Installed_through_referral
6928,9/16/18 18:15,MALE,NA,2018-03-19,Installed_through_referral
6929,9/10/18 7:59,MALE,NA,1993-03-08,Not_through_referral
6930,9/11/18 21:39,FEMALE,NA,1993-02-25,Installed_through_referral
6931,9/6/18 19:54,MALE,NA,1996-06-17,Not_through_referral
6932,9/17/18 18:57,MALE,NA,2000-03-01,Not_through_referral
6933,8/16/18 13:47,MALE,NA,1996-03-10,Installed_through_referral
6934,9/5/18 22:36,MALE,NA,1996-04-03,Not_through_referral
6935,9/9/18 20:43,MALE,NA,2018-09-09,Not_through_referral
6936,9/15/18 15:52,MALE,NA,1993-02-28,Not_through_referral
6937,8/15/18 19:16,FEMALE,NA,1984-08-15,Not_through_referral
6938,8/30/18 12:34,MALE,NA,1981-09-06,Installed_through_referral
6939,9/5/18 10:57,MALE,NA,2000-01-06,Not_through_referral
6940,9/24/18 1:32,FEMALE,NA,1995-11-30,Installed_through_referral
6941,8/30/18 18:23,FEMALE,NA,1993-05-10,Installed_through_referral
6942,9/4/18 19:52,FEMALE,NA,1996-11-29,Not_through_referral
6943,8/31/18 16:52,FEMALE,NA,1995-02-20,Installed_through_referral
6944,8/25/18 13:45,MALE,NA,1980-08-25,Not_through_referral
6945,8/29/18 15:43,MALE,NA,1998-08-29,Not_through_referral
6946,8/16/18 19:33,MALE,NA,1985-08-16,Installed_through_referral
6947,8/16/18 16:37,MALE,NA,2001-03-15,Installed_through_referral
6948,9/5/18 14:02,MALE,NA,1998-01-01,Not_through_referral
6949,6/13/18 15:03,FEMALE,NA,1993-10-15,Not_through_referral
6950,6/30/18 19:24,MALE,NA,2018-06-30,Not_through_referral
6951,7/3/18 17:11,FEMALE,NA,1992-07-24,Not_through_referral
6952,7/8/18 16:15,MALE,NA,1994-06-06,Not_through_referral
6953,8/11/18 15:02,MALE,NA,1991-07-07,Not_through_referral
6954,6/10/18 13:01,MALE,NA,1999-08-03,Installed_through_referral
6955,6/12/18 13:12,MALE,NA,2010-06-03,Not_through_referral
6956,6/3/18 19:49,MALE,NA,2018-06-03,Installed_through_referral
6957,6/8/18 12:43,MALE,NA,1997-06-08,Installed_through_referral
6958,6/7/18 17:39,MALE,NA,1994-06-07,Not_through_referral
6959,6/7/18 23:51,MALE,NA,1991-01-01,Installed_through_referral
6960,6/19/18 19:51,MALE,NA,1988-06-15,Not_through_referral
6961,6/26/18 12:42,MALE,NA,1990-06-26,Not_through_referral
6962,7/6/18 22:09,MALE,NA,1992-03-06,Not_through_referral
6963,8/2/18 11:13,FEMALE,NA,1981-08-20,Installed_through_referral
6964,8/3/18 12:00,MALE,NA,1998-08-01,Not_through_referral
6965,8/7/18 12:31,FEMALE,NA,1999-12-24,Installed_through_referral
6966,6/6/18 18:53,MALE,NA,1983-06-15,Not_through_referral
6967,6/12/18 15:24,MALE,NA,1979-02-21,Not_through_referral
6968,6/17/18 18:37,MALE,NA,1998-09-11,Not_through_referral
6969,6/15/18 21:41,MALE,NA,1971-05-28,Not_through_referral
6970,6/22/18 11:02,FEMALE,NA,2046-06-22,Not_through_referral
6971,6/30/18 20:25,MALE,NA,1987-03-09,Not_through_referral
6972,6/28/18 16:50,MALE,NA,1996-04-24,Not_through_referral
6973,7/17/18 23:24,MALE,NA,2000-08-17,Not_through_referral
6974,8/2/18 23:01,MALE,NA,2017-12-10,Not_through_referral
6975,8/2/18 16:48,MALE,NA,1998-07-10,Not_through_referral
6976,8/4/18 21:40,MALE,NA,2018-08-04,Not_through_referral
6977,8/9/18 15:59,MALE,NA,1998-08-27,Not_through_referral
6978,8/12/18 11:42,MALE,NA,2018-08-07,Not_through_referral
6979,6/1/18 15:36,MALE,NA,1999-06-03,Not_through_referral
6980,6/12/18 13:27,MALE,NA,2018-06-12,Not_through_referral
6981,6/12/18 21:30,NA,NA,1900-01-00,Not_through_referral
6982,6/10/18 12:48,FEMALE,NA,1950-03-15,Not_through_referral
6983,6/18/18 12:06,MALE,NA,1997-10-04,Not_through_referral
6984,6/18/18 16:57,MALE,NA,1999-07-27,Not_through_referral
6985,7/15/18 17:29,MALE,NA,1991-08-26,Not_through_referral
6986,6/12/18 23:02,MALE,NA,1981-12-15,Not_through_referral
6987,6/22/18 19:35,MALE,NA,1996-05-05,Not_through_referral
6988,6/25/18 10:48,MALE,NA,1997-02-10,Not_through_referral
6989,6/27/18 20:53,FEMALE,NA,2018-06-27,Not_through_referral
6990,6/26/18 13:44,MALE,NA,1978-03-01,Not_through_referral
6991,7/16/18 19:19,MALE,NA,1997-12-12,Not_through_referral
6992,8/3/18 17:09,FEMALE,NA,2000-02-15,Not_through_referral
6993,7/28/18 19:24,MALE,NA,1986-08-28,Not_through_referral
6994,6/15/18 2:34,MALE,NA,1989-08-22,Not_through_referral
6995,6/13/18 21:40,MALE,NA,1990-06-13,Installed_through_referral
6996,6/27/18 14:43,FEMALE,NA,1981-12-05,Not_through_referral
6997,7/1/18 11:43,MALE,NA,1992-01-22,Not_through_referral
6998,7/12/18 16:27,MALE,NA,2018-07-12,Installed_through_referral
6999,8/8/18 10:15,MALE,NA,1995-07-21,Not_through_referral
7000,8/3/18 20:44,MALE,NA,1993-09-13,Not_through_referral
7001,6/12/18 16:31,MALE,NA,1991-02-09,Not_through_referral
7002,6/29/18 16:46,FEMALE,NA,1990-06-23,Not_through_referral
7003,6/30/18 21:10,MALE,NA,1984-06-30,Installed_through_referral
7004,7/4/18 16:54,MALE,NA,1990-11-24,Not_through_referral
7005,7/11/18 16:59,MALE,NA,1991-01-04,Installed_through_referral
7006,7/6/18 19:52,MALE,NA,2018-07-06,Installed_through_referral
7007,7/15/18 14:24,MALE,NA,1993-08-21,Not_through_referral
7008,7/14/18 19:00,FEMALE,NA,1975-07-15,Not_through_referral
7009,7/31/18 14:25,FEMALE,NA,1994-07-31,Not_through_referral
7010,8/14/18 14:05,FEMALE,NA,1997-02-20,Not_through_referral
7011,6/4/18 8:51,MALE,NA,2018-06-04,Not_through_referral
7012,6/11/18 14:34,NA,NA,1900-01-00,Not_through_referral
7013,6/5/18 15:45,MALE,NA,2018-06-05,Not_through_referral
7014,6/13/18 12:18,MALE,NA,1984-05-19,Not_through_referral
7015,6/19/18 12:21,MALE,NA,1992-10-15,Not_through_referral
7016,6/24/18 11:19,FEMALE,NA,1977-04-14,Not_through_referral
7017,7/4/18 13:24,MALE,NA,1992-07-14,Not_through_referral
7018,8/10/18 9:46,MALE,NA,1992-07-03,Installed_through_referral
7019,6/23/18 13:26,FEMALE,NA,1998-04-03,Installed_through_referral
7020,7/6/18 18:12,MALE,NA,1995-11-19,Not_through_referral
7021,7/13/18 14:11,MALE,NA,1982-09-14,Not_through_referral
7022,7/24/18 15:05,MALE,NA,1998-08-06,Installed_through_referral
7023,6/10/18 15:02,MALE,NA,1985-10-17,Not_through_referral
7024,6/8/18 19:00,MALE,NA,1988-10-09,Not_through_referral
7025,6/11/18 0:11,MALE,NA,1992-08-12,Not_through_referral
7026,6/12/18 16:15,FEMALE,NA,1994-10-13,Installed_through_referral
7027,6/17/18 16:12,MALE,NA,1998-03-18,Not_through_referral
7028,6/28/18 15:52,MALE,NA,1983-01-01,Not_through_referral
7029,7/11/18 17:24,MALE,NA,1989-04-08,Installed_through_referral
7030,7/23/18 0:18,MALE,NA,1976-07-10,Not_through_referral
7031,9/1/18 13:50,FEMALE,NA,1994-09-12,Not_through_referral
7032,9/7/18 21:35,MALE,NA,1996-09-26,Installed_through_referral
7033,8/18/18 10:35,MALE,NA,1999-08-18,Not_through_referral
7034,8/17/18 10:32,NA,NA,1900-01-00,Not_through_referral
7035,9/5/18 16:57,MALE,NA,2018-09-03,Installed_through_referral
7036,9/7/18 18:08,MALE,NA,2002-03-09,Not_through_referral
7037,8/24/18 10:09,MALE,NA,2000-06-26,Not_through_referral
7038,8/26/18 18:52,MALE,NA,2003-05-04,Not_through_referral
7039,9/2/18 22:01,MALE,NA,1990-10-26,Not_through_referral
7040,8/24/18 10:54,FEMALE,NA,2018-01-02,Installed_through_referral
7041,8/20/18 20:51,FEMALE,NA,1995-05-03,Installed_through_referral
7042,8/31/18 16:47,MALE,NA,1990-09-12,Installed_through_referral
7043,9/5/18 11:41,MALE,NA,1986-05-09,Not_through_referral
7044,8/21/18 12:40,MALE,NA,2018-08-21,Not_through_referral
7045,8/31/18 16:45,FEMALE,NA,1990-07-22,Not_through_referral
7046,9/26/18 16:39,FEMALE,NA,2018-09-26,Not_through_referral
7047,9/16/18 15:53,FEMALE,NA,1995-09-04,Not_through_referral
7048,9/12/18 13:13,MALE,NA,1979-06-02,Not_through_referral
7049,8/23/18 12:46,MALE,NA,1998-10-21,Installed_through_referral
7050,8/16/18 20:29,MALE,NA,2018-08-16,Not_through_referral
7051,9/10/18 7:17,MALE,NA,1999-10-08,Not_through_referral
7052,9/6/18 10:23,MALE,NA,1996-08-24,Not_through_referral
7053,8/27/18 20:48,MALE,NA,1995-09-12,Installed_through_referral
7054,9/9/18 12:19,FEMALE,NA,1995-01-01,Not_through_referral
7055,9/6/18 22:24,MALE,NA,1985-09-16,Not_through_referral
7056,9/18/18 7:24,MALE,NA,2001-03-10,Not_through_referral
7057,9/25/18 10:08,FEMALE,NA,1999-10-14,Not_through_referral
7058,8/21/18 16:39,MALE,NA,1982-05-12,Not_through_referral
7059,9/1/18 20:36,MALE,NA,1986-01-01,Not_through_referral
7060,9/22/18 21:04,MALE,NA,1982-12-07,Not_through_referral
7061,7/9/18 23:58,MALE,NA,1981-07-02,Not_through_referral
7062,7/5/18 20:00,FEMALE,NA,1989-02-27,Not_through_referral
7063,7/17/18 12:06,MALE,NA,1992-02-10,Not_through_referral
7064,7/24/18 14:14,MALE,NA,1994-03-15,Installed_through_referral
7065,7/30/18 1:58,MALE,NA,1991-04-19,Installed_through_referral
7066,8/14/18 17:53,FEMALE,NA,1997-03-25,Not_through_referral
7067,8/13/18 16:47,MALE,NA,1999-07-09,Not_through_referral
7068,6/27/18 1:17,MALE,NA,1992-04-17,Not_through_referral
7069,6/28/18 23:12,FEMALE,NA,1996-08-01,Installed_through_referral
7070,6/23/18 17:01,MALE,NA,1988-07-24,Not_through_referral
7071,8/13/18 20:43,MALE,NA,1992-02-09,Not_through_referral
7072,6/4/18 20:23,FEMALE,NA,1993-02-11,Not_through_referral
7073,6/21/18 11:00,MALE,NA,1998-08-25,Not_through_referral
7074,6/23/18 19:33,MALE,NA,1990-10-19,Not_through_referral
7075,6/29/18 18:58,FEMALE,NA,1999-08-20,Not_through_referral
7076,7/8/18 20:17,FEMALE,NA,1991-07-07,Not_through_referral
7077,7/19/18 22:03,MALE,NA,1981-07-22,Installed_through_referral
7078,7/27/18 15:22,MALE,NA,2018-07-05,Installed_through_referral
7079,7/23/18 17:50,MALE,NA,2018-07-23,Not_through_referral
7080,8/13/18 19:40,MALE,NA,1992-01-06,Not_through_referral
7081,6/3/18 10:01,MALE,NA,1968-12-18,Not_through_referral
7082,6/6/18 13:58,FEMALE,NA,1986-05-27,Not_through_referral
7083,6/11/18 22:20,MALE,NA,2018-04-26,Not_through_referral
7084,6/7/18 12:23,NA,NA,1900-01-00,Not_through_referral
7085,6/13/18 19:48,FEMALE,NA,1993-08-01,Not_through_referral
7086,6/14/18 18:15,MALE,NA,1993-10-14,Not_through_referral
7087,6/13/18 11:06,MALE,NA,1999-12-29,Not_through_referral
7088,6/27/18 18:56,MALE,NA,1990-09-12,Not_through_referral
7089,6/30/18 17:02,MALE,NA,1983-09-19,Not_through_referral
7090,6/27/18 14:55,FEMALE,NA,1993-04-12,Installed_through_referral
7091,6/29/18 20:41,MALE,NA,1996-09-10,Installed_through_referral
7092,6/23/18 7:29,MALE,NA,1987-05-21,Not_through_referral
7093,7/17/18 21:00,MALE,NA,1982-09-12,Not_through_referral
7094,7/16/18 9:10,MALE,NA,1997-07-05,Not_through_referral
7095,7/25/18 13:06,MALE,NA,1997-02-28,Not_through_referral
7096,8/13/18 19:50,MALE,NA,1991-08-13,Installed_through_referral
7097,6/6/18 20:06,MALE,NA,1998-07-11,Not_through_referral
7098,6/9/18 15:00,MALE,NA,1996-10-12,Not_through_referral
7099,6/4/18 11:50,MALE,NA,2018-03-03,Not_through_referral
7100,6/8/18 16:57,FEMALE,NA,2018-06-01,Not_through_referral
7101,6/11/18 20:22,MALE,NA,1994-07-07,Not_through_referral
7102,6/16/18 19:41,MALE,NA,1984-08-15,Installed_through_referral
7103,6/17/18 11:45,MALE,NA,1991-03-01,Not_through_referral
7104,6/16/18 15:37,MALE,NA,1997-06-22,Not_through_referral
7105,6/28/18 19:22,FEMALE,NA,1990-12-09,Not_through_referral
7106,7/8/18 18:24,MALE,NA,1994-11-18,Not_through_referral
7107,7/12/18 13:01,MALE,NA,1995-05-03,Not_through_referral
7108,7/16/18 13:24,MALE,NA,1997-07-19,Installed_through_referral
7109,7/25/18 17:53,MALE,NA,1996-07-01,Not_through_referral
7110,7/29/18 11:24,MALE,NA,1998-06-17,Not_through_referral
7111,6/18/18 13:57,FEMALE,NA,1995-09-07,Installed_through_referral
7112,6/22/18 13:37,MALE,NA,1989-08-09,Not_through_referral
7113,8/13/18 7:16,FEMALE,NA,1985-03-26,Not_through_referral
7114,6/10/18 14:54,MALE,NA,1995-12-16,Installed_through_referral
7115,6/12/18 19:18,FEMALE,NA,1991-10-08,Not_through_referral
7116,6/15/18 15:55,MALE,NA,1993-06-13,Not_through_referral
7117,8/2/18 16:18,FEMALE,NA,1995-08-13,Installed_through_referral
7118,8/8/18 13:20,MALE,NA,1978-08-11,Not_through_referral
7119,6/11/18 16:57,MALE,NA,2018-06-07,Installed_through_referral
7120,6/21/18 12:04,MALE,NA,2018-06-21,Not_through_referral
7121,6/18/18 22:40,MALE,NA,1995-06-02,Not_through_referral
7122,6/20/18 17:32,FEMALE,NA,2018-06-20,Not_through_referral
7123,7/18/18 12:52,MALE,NA,1997-04-12,Not_through_referral
7124,7/24/18 11:32,FEMALE,NA,2000-07-24,Not_through_referral
7125,8/3/18 8:41,MALE,NA,1998-02-28,Not_through_referral
7126,8/8/18 17:21,MALE,NA,1991-05-05,Installed_through_referral
7127,6/15/18 0:14,MALE,NA,1992-06-05,Not_through_referral
7128,6/15/18 20:12,FEMALE,NA,1997-06-04,Not_through_referral
7129,6/27/18 17:17,MALE,NA,1988-06-27,Not_through_referral
7130,6/26/18 15:12,MALE,NA,2017-08-06,Installed_through_referral
7131,6/28/18 17:31,MALE,NA,2018-06-28,Not_through_referral
7132,8/6/18 12:53,MALE,NA,1996-03-12,Not_through_referral
7133,6/7/18 21:56,MALE,NA,1997-06-07,Not_through_referral
7134,6/19/18 17:24,MALE,NA,2018-06-19,Not_through_referral
7135,7/16/18 18:42,MALE,NA,1998-07-30,Not_through_referral
7136,8/8/18 22:01,MALE,NA,2018-08-08,Installed_through_referral
7137,8/8/18 15:03,MALE,NA,2018-08-08,Not_through_referral
7138,8/6/18 13:05,MALE,NA,2018-08-06,Installed_through_referral
7139,8/8/18 12:27,MALE,NA,1997-05-20,Not_through_referral
7140,8/14/18 16:31,MALE,NA,1998-03-08,Not_through_referral
7141,8/18/18 21:34,FEMALE,NA,1998-04-19,Installed_through_referral
7142,8/31/18 12:44,MALE,NA,1989-02-13,Not_through_referral
7143,8/17/18 21:19,FEMALE,NA,1996-07-07,Installed_through_referral
7144,8/22/18 20:41,FEMALE,NA,1993-08-22,Installed_through_referral
7145,8/15/18 16:56,FEMALE,NA,2018-08-09,Installed_through_referral
7146,8/20/18 15:22,MALE,NA,1999-08-26,Not_through_referral
7147,9/26/18 18:46,MALE,NA,1993-09-29,Installed_through_referral
7148,8/19/18 11:54,FEMALE,NA,1965-10-12,Not_through_referral
7149,9/15/18 20:18,MALE,NA,2018-09-15,Not_through_referral
7150,8/22/18 16:22,MALE,NA,2018-08-22,Not_through_referral
7151,8/19/18 20:25,MALE,NA,2018-08-19,Installed_through_referral
7152,9/2/18 13:35,MALE,NA,2001-03-10,Not_through_referral
7153,9/4/18 21:13,MALE,NA,1985-10-01,Installed_through_referral
7154,9/9/18 11:58,FEMALE,NA,1997-01-10,Not_through_referral
7155,8/23/18 21:26,FEMALE,NA,2018-08-23,Not_through_referral
7156,9/1/18 2:33,MALE,NA,1988-10-14,Installed_through_referral
7157,8/25/18 14:28,MALE,NA,2018-08-25,Installed_through_referral
7158,9/9/18 11:34,MALE,NA,2018-09-09,Installed_through_referral
7159,8/28/18 10:51,MALE,NA,1998-06-21,Installed_through_referral
7160,9/28/18 12:04,MALE,NA,1988-10-02,Not_through_referral
7161,8/25/18 18:20,MALE,NA,1986-09-27,Not_through_referral
7162,8/27/18 19:19,MALE,NA,1992-07-22,Not_through_referral
7163,8/28/18 16:54,MALE,NA,1998-03-13,Not_through_referral
7164,9/8/18 10:56,MALE,NA,1999-03-27,Not_through_referral
7165,9/16/18 12:46,MALE,NA,1993-02-18,Not_through_referral
7166,9/29/18 11:56,MALE,NA,1996-01-06,Not_through_referral
7167,6/14/18 16:55,FEMALE,NA,1993-04-24,Not_through_referral
7168,6/15/18 15:20,MALE,NA,2018-06-15,Not_through_referral
7169,6/25/18 14:26,MALE,NA,1995-07-14,Not_through_referral
7170,7/2/18 23:34,MALE,NA,2018-06-14,Not_through_referral
7171,7/11/18 18:10,MALE,NA,2018-07-11,Not_through_referral
7172,7/3/18 22:34,MALE,NA,2000-02-21,Not_through_referral
7173,7/10/18 19:53,MALE,NA,1996-12-07,Installed_through_referral
7174,6/6/18 19:09,MALE,NA,1997-03-13,Not_through_referral
7175,6/7/18 20:46,MALE,NA,2001-10-08,Not_through_referral
7176,6/27/18 12:02,NA,NA,1900-01-00,Not_through_referral
7177,6/27/18 17:10,FEMALE,NA,1989-08-16,Not_through_referral
7178,7/6/18 18:41,MALE,NA,1981-06-03,Not_through_referral
7179,7/6/18 18:39,FEMALE,NA,2010-11-11,Installed_through_referral
7180,7/10/18 21:18,MALE,NA,1997-07-31,Not_through_referral
7181,7/19/18 12:23,MALE,NA,2018-07-19,Installed_through_referral
7182,8/11/18 22:32,MALE,NA,1997-05-24,Installed_through_referral
7183,8/3/18 21:49,FEMALE,NA,1985-08-03,Installed_through_referral
7184,6/7/18 12:54,MALE,NA,1991-06-21,Not_through_referral
7185,6/9/18 23:10,MALE,NA,1994-06-09,Not_through_referral
7186,6/4/18 16:27,MALE,NA,1995-06-15,Not_through_referral
7187,6/27/18 17:51,MALE,NA,1987-06-01,Not_through_referral
7188,7/21/18 20:08,MALE,NA,1995-06-17,Not_through_referral
7189,6/3/18 13:29,MALE,NA,2018-06-03,Installed_through_referral
7190,6/10/18 16:40,MALE,NA,1997-02-11,Not_through_referral
7191,7/17/18 13:21,MALE,NA,1994-07-14,Not_through_referral
7192,6/1/18 17:45,FEMALE,NA,1992-03-29,Not_through_referral
7193,6/8/18 12:04,MALE,NA,1989-06-26,Installed_through_referral
7194,6/18/18 17:42,MALE,NA,1997-05-16,Not_through_referral
7195,7/7/18 18:33,MALE,NA,1998-11-15,Installed_through_referral
7196,7/24/18 15:41,MALE,NA,2018-07-24,Not_through_referral
7197,7/7/18 9:57,FEMALE,NA,1998-06-08,Not_through_referral
7198,7/12/18 16:32,MALE,NA,2000-07-14,Not_through_referral
7199,7/11/18 21:10,MALE,NA,1990-01-05,Not_through_referral
7200,7/9/18 13:01,MALE,NA,1995-07-09,Not_through_referral
7201,7/6/18 21:23,MALE,NA,2000-07-10,Installed_through_referral
7202,8/14/18 18:18,MALE,NA,1989-01-15,Not_through_referral
7203,8/11/18 23:20,MALE,NA,1989-10-14,Not_through_referral
7204,8/7/18 14:44,FEMALE,NA,1988-05-22,Installed_through_referral
7205,8/13/18 21:53,FEMALE,NA,1995-08-18,Installed_through_referral
7206,6/16/18 12:40,MALE,NA,1990-06-21,Installed_through_referral
7207,6/30/18 20:26,MALE,NA,2018-06-14,Not_through_referral
7208,7/13/18 18:26,FEMALE,NA,1987-11-14,Not_through_referral
7209,8/3/18 10:37,MALE,NA,2000-06-21,Not_through_referral
7210,6/10/18 15:14,MALE,NA,1973-06-01,Not_through_referral
7211,6/18/18 13:37,MALE,NA,1993-07-27,Not_through_referral
7212,6/28/18 12:47,FEMALE,NA,1978-07-27,Not_through_referral
7213,6/28/18 14:36,MALE,NA,2018-05-29,Not_through_referral
7214,6/26/18 16:57,MALE,NA,1978-03-21,Not_through_referral
7215,8/10/18 10:17,FEMALE,NA,1999-08-15,Not_through_referral
7216,8/12/18 14:59,MALE,NA,1997-04-14,Not_through_referral
7217,6/12/18 14:09,FEMALE,NA,1994-02-13,Installed_through_referral
7218,6/6/18 11:15,MALE,NA,1995-10-22,Installed_through_referral
7219,6/9/18 14:47,MALE,NA,2018-06-09,Installed_through_referral
7220,6/28/18 19:22,MALE,NA,2018-05-16,Not_through_referral
7221,7/2/18 17:44,MALE,NA,1999-06-21,Not_through_referral
7222,7/13/18 17:27,MALE,NA,1994-05-13,Not_through_referral
7223,7/28/18 11:06,MALE,NA,2003-08-20,Not_through_referral
7224,8/9/18 23:43,MALE,NA,2016-10-14,Installed_through_referral
7225,8/9/18 16:08,FEMALE,NA,1996-11-26,Installed_through_referral
7226,6/2/18 20:29,FEMALE,NA,2018-06-02,Installed_through_referral
7227,6/2/18 12:45,FEMALE,NA,1982-01-04,Not_through_referral
7228,6/2/18 21:42,MALE,NA,1982-01-25,Installed_through_referral
7229,6/13/18 16:29,MALE,NA,2008-07-28,Not_through_referral
7230,7/21/18 11:45,MALE,NA,1980-07-21,Installed_through_referral
7231,8/2/18 13:32,MALE,NA,1996-02-08,Installed_through_referral
7232,8/12/18 0:27,MALE,NA,1992-01-03,Not_through_referral
7233,8/5/18 18:16,MALE,NA,2018-08-05,Not_through_referral
7234,8/27/18 10:39,MALE,NA,2018-08-27,Installed_through_referral
7235,8/31/18 9:22,FEMALE,NA,1999-09-26,Not_through_referral
7236,9/6/18 23:34,MALE,NA,1988-04-16,Not_through_referral
7237,8/14/18 22:26,MALE,NA,2001-03-12,Not_through_referral
7238,8/19/18 16:50,MALE,NA,1992-02-03,Not_through_referral
7239,9/10/18 17:12,FEMALE,NA,1981-07-30,Not_through_referral
7240,9/19/18 21:48,MALE,NA,2018-09-09,Not_through_referral
7241,9/21/18 21:30,MALE,NA,1999-12-15,Installed_through_referral
7242,8/17/18 18:06,FEMALE,NA,1997-05-09,Not_through_referral
7243,9/1/18 21:13,MALE,NA,1994-09-01,Not_through_referral
7244,8/16/18 15:48,MALE,NA,2017-01-21,Installed_through_referral
7245,9/1/18 22:13,MALE,NA,2042-11-25,Installed_through_referral
7246,9/12/18 2:33,MALE,NA,1999-05-19,Not_through_referral
7247,9/12/18 11:33,MALE,NA,1999-02-06,Not_through_referral
7248,8/20/18 16:13,MALE,NA,1995-08-09,Not_through_referral
7249,9/22/18 2:59,MALE,NA,1996-03-03,Not_through_referral
7250,8/31/18 9:38,NA,NA,1900-01-00,Not_through_referral
7251,9/11/18 16:23,MALE,NA,1997-02-15,Not_through_referral
7252,8/22/18 18:47,MALE,NA,1991-03-21,Not_through_referral
7253,9/22/18 18:44,MALE,NA,2018-09-09,Not_through_referral
7254,9/28/18 15:13,MALE,NA,1998-09-28,Not_through_referral
7255,8/24/18 20:06,MALE,NA,1989-03-11,Not_through_referral
7256,8/28/18 21:05,FEMALE,NA,1990-09-09,Not_through_referral
7257,6/12/18 19:48,FEMALE,NA,1987-01-21,Not_through_referral
7258,6/16/18 14:48,FEMALE,NA,1976-06-11,Not_through_referral
7259,6/29/18 16:36,MALE,NA,1991-08-31,Not_through_referral
7260,7/3/18 11:45,FEMALE,NA,1984-01-12,Not_through_referral
7261,7/3/18 19:35,MALE,NA,1983-05-13,Not_through_referral
7262,8/5/18 12:38,FEMALE,NA,2018-08-05,Not_through_referral
7263,6/8/18 20:01,FEMALE,NA,2018-03-19,Not_through_referral
7264,6/18/18 18:10,MALE,NA,1999-09-13,Not_through_referral
7265,7/8/18 12:32,MALE,NA,1990-07-15,Installed_through_referral
7266,7/20/18 9:18,MALE,NA,1995-12-12,Not_through_referral
7267,7/26/18 19:11,MALE,NA,1993-05-13,Not_through_referral
7268,7/29/18 14:39,MALE,NA,1998-11-03,Not_through_referral
7269,8/2/18 17:07,MALE,NA,2018-08-02,Not_through_referral
7270,8/5/18 17:19,FEMALE,NA,1998-06-29,Installed_through_referral
7271,8/9/18 13:38,FEMALE,NA,1997-08-30,Not_through_referral
7272,6/1/18 8:47,FEMALE,NA,1987-01-25,Not_through_referral
7273,6/12/18 10:51,FEMALE,NA,1993-01-06,Not_through_referral
7274,6/8/18 14:38,FEMALE,NA,1993-03-01,Not_through_referral
7275,6/20/18 23:33,MALE,NA,1991-11-07,Not_through_referral
7276,6/18/18 13:29,MALE,NA,2001-07-22,Installed_through_referral
7277,6/15/18 14:00,MALE,NA,2018-06-15,Not_through_referral
7278,8/9/18 13:24,MALE,NA,1984-08-10,Installed_through_referral
7279,8/10/18 15:52,FEMALE,NA,1997-06-10,Not_through_referral
7280,6/1/18 23:10,MALE,NA,1992-12-05,Not_through_referral
7281,6/20/18 16:46,MALE,NA,2013-09-01,Installed_through_referral
7282,6/26/18 19:26,FEMALE,NA,2000-10-12,Not_through_referral
7283,6/22/18 14:10,MALE,NA,2018-06-22,Not_through_referral
7284,7/5/18 14:54,MALE,NA,1992-07-07,Not_through_referral
7285,7/11/18 18:08,FEMALE,NA,1996-11-10,Not_through_referral
7286,7/20/18 14:04,MALE,NA,1997-04-11,Not_through_referral
7287,7/21/18 15:41,FEMALE,NA,1994-05-03,Not_through_referral
7288,8/2/18 19:43,MALE,NA,1995-08-02,Not_through_referral
7289,8/9/18 0:34,FEMALE,NA,2018-02-16,Not_through_referral
7290,6/15/18 19:28,MALE,NA,1990-06-06,Not_through_referral
7291,6/17/18 20:54,FEMALE,NA,1995-05-22,Installed_through_referral
7292,6/15/18 19:00,MALE,NA,1980-04-10,Not_through_referral
7293,6/22/18 15:18,MALE,NA,1990-08-07,Not_through_referral
7294,6/25/18 10:19,MALE,NA,1990-10-10,Not_through_referral
7295,6/27/18 21:27,MALE,NA,1998-06-05,Not_through_referral
7296,6/24/18 17:05,MALE,NA,1996-02-29,Not_through_referral
7297,7/12/18 12:27,MALE,NA,1990-01-20,Not_through_referral
7298,7/14/18 21:56,FEMALE,NA,1984-10-29,Installed_through_referral
7299,6/22/18 11:04,MALE,NA,1998-06-23,Not_through_referral
7300,6/13/18 21:55,NA,NA,1900-01-00,Not_through_referral
7301,6/23/18 20:46,MALE,NA,1987-05-17,Not_through_referral
7302,6/26/18 14:21,MALE,NA,1996-12-16,Not_through_referral
7303,6/28/18 19:58,MALE,NA,2018-06-28,Not_through_referral
7304,6/25/18 14:51,FEMALE,NA,1991-07-27,Installed_through_referral
7305,6/22/18 19:05,MALE,NA,2018-06-22,Installed_through_referral
7306,7/4/18 12:17,FEMALE,NA,2018-07-04,Not_through_referral
7307,7/4/18 19:59,MALE,NA,1998-06-06,Installed_through_referral
7308,7/24/18 14:49,FEMALE,NA,2018-06-26,Not_through_referral
7309,8/13/18 22:06,MALE,NA,1993-08-17,Installed_through_referral
7310,8/5/18 0:48,MALE,NA,1997-08-27,Not_through_referral
7311,8/4/18 16:40,MALE,NA,1996-01-01,Installed_through_referral
7312,8/7/18 20:43,MALE,NA,1998-10-20,Not_through_referral
7313,6/9/18 12:59,MALE,NA,2001-03-20,Not_through_referral
7314,6/6/18 18:41,MALE,NA,2018-06-06,Installed_through_referral
7315,6/30/18 17:17,MALE,NA,1992-07-03,Not_through_referral
7316,7/8/18 9:45,FEMALE,NA,1983-03-12,Not_through_referral
7317,7/19/18 12:00,MALE,NA,1993-07-23,Not_through_referral
7318,7/19/18 15:51,MALE,NA,1993-02-09,Not_through_referral
7319,8/6/18 23:02,MALE,NA,1995-11-05,Not_through_referral
7320,8/8/18 18:28,MALE,NA,1991-12-06,Not_through_referral
7321,6/9/18 9:52,FEMALE,NA,1990-07-18,Not_through_referral
7322,6/13/18 23:16,FEMALE,NA,2000-02-01,Not_through_referral
7323,6/16/18 11:57,MALE,NA,2018-06-16,Not_through_referral
7324,6/19/18 17:09,MALE,NA,2018-06-19,Not_through_referral
7325,7/7/18 15:39,MALE,NA,1989-07-07,Not_through_referral
7326,7/11/18 19:16,MALE,NA,1977-09-21,Installed_through_referral
7327,7/18/18 19:11,MALE,NA,2000-06-08,Not_through_referral
7328,7/26/18 20:22,MALE,NA,1995-07-26,Installed_through_referral
7329,8/9/18 21:40,MALE,NA,1994-10-24,Installed_through_referral
7330,8/9/18 19:03,FEMALE,NA,1997-03-10,Not_through_referral
7331,6/6/18 13:37,FEMALE,NA,1987-01-20,Not_through_referral
7332,6/14/18 20:45,MALE,NA,1999-12-21,Not_through_referral
7333,6/24/18 14:17,MALE,NA,2018-06-24,Installed_through_referral
7334,7/14/18 11:59,MALE,NA,1991-04-25,Not_through_referral
7335,7/25/18 15:25,MALE,NA,1997-10-20,Not_through_referral
7336,7/31/18 18:16,MALE,NA,2018-07-31,Not_through_referral
7337,6/9/18 2:34,FEMALE,NA,1992-03-04,Not_through_referral
7338,6/12/18 16:10,MALE,NA,2016-07-07,Not_through_referral
7339,6/13/18 21:19,MALE,NA,2018-06-13,Not_through_referral
7340,7/1/18 0:01,MALE,NA,1978-12-25,Not_through_referral
7341,7/3/18 2:08,MALE,NA,1997-04-22,Not_through_referral
7342,8/9/18 14:34,MALE,NA,1996-08-17,Installed_through_referral
7343,8/7/18 23:55,FEMALE,NA,1988-08-29,Installed_through_referral
7344,8/18/18 0:09,FEMALE,NA,1995-06-17,Installed_through_referral
7345,8/18/18 10:47,MALE,NA,1998-08-14,Not_through_referral
7346,9/7/18 11:46,MALE,NA,1996-02-26,Installed_through_referral
7347,9/16/18 2:28,MALE,NA,1984-09-16,Not_through_referral
7348,8/22/18 16:50,FEMALE,NA,1998-12-20,Not_through_referral
7349,8/20/18 16:03,MALE,NA,1978-10-26,Not_through_referral
7350,9/1/18 18:22,FEMALE,NA,1996-08-16,Not_through_referral
7351,9/20/18 13:15,MALE,NA,2001-02-17,Not_through_referral
7352,9/16/18 4:36,FEMALE,NA,2018-09-12,Not_through_referral
7353,8/30/18 13:07,FEMALE,NA,1998-09-14,Not_through_referral
7354,8/30/18 11:38,NA,NA,1900-01-00,Not_through_referral
7355,9/10/18 14:18,MALE,NA,2018-09-10,Installed_through_referral
7356,9/27/18 15:02,MALE,NA,1998-12-04,Not_through_referral
7357,8/19/18 18:13,MALE,NA,1986-11-11,Not_through_referral
7358,8/29/18 1:21,MALE,NA,1976-08-29,Installed_through_referral
7359,8/24/18 14:47,MALE,NA,1997-08-10,Not_through_referral
7360,8/21/18 14:55,MALE,NA,2018-08-21,Installed_through_referral
7361,8/30/18 13:38,MALE,NA,1992-05-28,Installed_through_referral
7362,8/23/18 16:11,MALE,NA,1993-09-09,Installed_through_referral
7363,8/30/18 18:08,MALE,NA,1993-01-09,Not_through_referral
7364,9/24/18 22:42,MALE,NA,1994-09-24,Not_through_referral
7365,8/23/18 20:29,FEMALE,NA,1981-01-02,Not_through_referral
7366,8/25/18 14:05,MALE,NA,1998-08-01,Not_through_referral
7367,9/1/18 13:26,MALE,NA,1997-10-26,Not_through_referral
7368,9/4/18 7:53,MALE,NA,1991-03-29,Not_through_referral
7369,9/16/18 22:17,FEMALE,NA,2002-12-10,Not_through_referral
7370,8/19/18 22:16,MALE,NA,2001-06-20,Not_through_referral
7371,8/31/18 13:32,MALE,NA,1994-09-02,Not_through_referral
7372,9/2/18 17:07,FEMALE,NA,2001-05-05,Installed_through_referral
7373,8/23/18 17:49,FEMALE,NA,2001-10-09,Not_through_referral
7374,8/14/18 22:21,MALE,NA,2000-08-09,Not_through_referral
7375,8/24/18 16:32,MALE,NA,1993-09-09,Not_through_referral
7376,8/27/18 21:19,MALE,NA,1997-01-09,Not_through_referral
7377,8/28/18 21:09,FEMALE,NA,1993-08-29,Installed_through_referral
7378,9/8/18 23:44,MALE,NA,2018-09-01,Installed_through_referral
7379,9/21/18 13:53,MALE,NA,1996-02-06,Not_through_referral
7380,6/4/18 6:58,MALE,NA,1995-12-26,Not_through_referral
7381,6/6/18 22:30,MALE,NA,1998-05-31,Not_through_referral
7382,6/8/18 11:06,MALE,NA,1977-11-23,Installed_through_referral
7383,6/18/18 18:13,MALE,NA,2017-02-22,Not_through_referral
7384,6/23/18 17:37,MALE,NA,2018-06-23,Installed_through_referral
7385,6/26/18 10:39,MALE,NA,2018-06-26,Installed_through_referral
7386,7/1/18 17:36,MALE,NA,1995-07-03,Not_through_referral
7387,8/12/18 15:23,MALE,NA,1985-11-13,Not_through_referral
7388,7/9/18 15:22,FEMALE,NA,1987-05-12,Installed_through_referral
7389,7/7/18 10:46,MALE,NA,1996-05-07,Not_through_referral
7390,7/7/18 22:29,MALE,NA,1989-09-04,Not_through_referral
7391,7/16/18 22:53,MALE,NA,1993-11-22,Not_through_referral
7392,7/19/18 18:59,MALE,NA,1995-01-26,Installed_through_referral
7393,8/3/18 16:43,MALE,NA,1984-07-01,Not_through_referral
7394,8/1/18 16:00,MALE,NA,1995-06-03,Not_through_referral
7395,8/3/18 19:30,MALE,NA,2018-08-03,Not_through_referral
7396,8/4/18 14:16,MALE,NA,1999-12-13,Not_through_referral
7397,8/14/18 17:54,FEMALE,NA,2018-08-03,Installed_through_referral
7398,6/19/18 18:09,MALE,NA,1992-11-18,Not_through_referral
7399,6/27/18 15:30,MALE,NA,1999-03-01,Not_through_referral
7400,6/27/18 13:58,MALE,NA,1990-04-20,Not_through_referral
7401,7/10/18 14:29,MALE,NA,2018-10-05,Not_through_referral
7402,7/12/18 17:12,FEMALE,NA,1978-06-29,Not_through_referral
7403,7/23/18 19:47,FEMALE,NA,1993-10-10,Not_through_referral
7404,8/3/18 19:39,MALE,NA,1998-04-14,Not_through_referral
7405,8/5/18 11:35,MALE,NA,1980-05-16,Not_through_referral
7406,8/10/18 21:44,MALE,NA,1995-09-20,Not_through_referral
7407,6/18/18 15:57,MALE,NA,2000-10-19,Installed_through_referral
7408,6/29/18 15:29,MALE,NA,2000-05-20,Not_through_referral
7409,6/23/18 17:52,MALE,NA,1997-06-15,Not_through_referral
7410,7/1/18 13:05,MALE,NA,1994-11-04,Not_through_referral
7411,7/22/18 12:25,MALE,NA,1998-11-21,Not_through_referral
7412,6/3/18 13:35,MALE,NA,1994-10-12,Not_through_referral
7413,6/9/18 19:11,MALE,NA,1983-02-02,Not_through_referral
7414,6/11/18 19:51,MALE,NA,2018-06-11,Installed_through_referral
7415,6/25/18 22:44,MALE,NA,1980-06-25,Installed_through_referral
7416,6/30/18 23:26,MALE,NA,1992-12-03,Installed_through_referral
7417,8/4/18 10:36,MALE,NA,1995-05-04,Not_through_referral
7418,6/2/18 18:44,MALE,NA,1997-02-19,Not_through_referral
7419,6/12/18 12:21,MALE,NA,2000-06-18,Not_through_referral
7420,6/13/18 22:38,MALE,NA,2018-04-05,Installed_through_referral
7421,6/19/18 8:47,FEMALE,NA,1992-06-19,Not_through_referral
7422,6/15/18 21:04,MALE,NA,1965-02-27,Installed_through_referral
7423,6/30/18 15:14,MALE,NA,2018-06-30,Installed_through_referral
7424,7/1/18 14:24,MALE,NA,2000-02-22,Installed_through_referral
7425,7/8/18 12:10,MALE,NA,1983-12-17,Installed_through_referral
7426,7/17/18 12:11,MALE,NA,1999-11-30,Not_through_referral
7427,8/12/18 18:23,MALE,NA,1993-08-12,Not_through_referral
7428,8/4/18 1:02,MALE,NA,1994-01-13,Installed_through_referral
7429,6/7/18 18:01,MALE,NA,2001-02-11,Not_through_referral
7430,6/8/18 18:12,MALE,NA,1962-05-27,Not_through_referral
7431,6/28/18 0:20,FEMALE,NA,1997-10-04,Not_through_referral
7432,6/28/18 18:07,FEMALE,NA,1997-04-08,Not_through_referral
7433,6/23/18 10:20,MALE,NA,1988-11-05,Not_through_referral
7434,7/11/18 12:33,FEMALE,NA,1997-10-22,Not_through_referral
7435,7/17/18 11:44,MALE,NA,1995-07-25,Not_through_referral
7436,7/14/18 13:41,MALE,NA,1994-07-25,Installed_through_referral
7437,8/3/18 15:29,FEMALE,NA,1998-09-07,Installed_through_referral
7438,8/8/18 16:07,MALE,NA,2018-08-08,Installed_through_referral
7439,6/9/18 11:53,MALE,NA,1990-06-23,Installed_through_referral
7440,6/10/18 18:41,MALE,NA,1999-10-11,Not_through_referral
7441,6/20/18 15:10,MALE,NA,1996-05-01,Not_through_referral
7442,6/23/18 0:56,MALE,NA,1996-05-15,Not_through_referral
7443,7/14/18 12:24,MALE,NA,1987-01-08,Not_through_referral
7444,7/16/18 17:10,MALE,NA,1990-10-16,Not_through_referral
7445,7/29/18 19:30,MALE,NA,1992-01-01,Not_through_referral
7446,7/24/18 16:53,MALE,NA,1979-11-10,Installed_through_referral
7447,8/4/18 14:54,MALE,NA,2018-08-04,Installed_through_referral
7448,8/12/18 18:00,MALE,NA,2000-06-29,Installed_through_referral
7449,8/10/18 20:03,MALE,NA,1979-10-10,Not_through_referral
7450,6/20/18 20:03,MALE,NA,1986-05-09,Installed_through_referral
7451,7/23/18 13:37,FEMALE,NA,1995-10-09,Not_through_referral
7452,6/24/18 16:58,FEMALE,NA,1981-04-25,Not_through_referral
7453,6/29/18 23:18,MALE,NA,1992-05-02,Not_through_referral
7454,6/22/18 22:51,MALE,NA,1968-07-23,Not_through_referral
7455,7/8/18 15:33,FEMALE,NA,1988-07-30,Not_through_referral
7456,8/20/18 18:43,FEMALE,NA,2018-08-20,Installed_through_referral
7457,9/1/18 13:06,FEMALE,NA,2018-09-01,Not_through_referral
7458,9/11/18 23:23,MALE,NA,1993-12-23,Not_through_referral
7459,8/29/18 16:22,MALE,NA,1999-01-11,Not_through_referral
7460,8/28/18 23:56,MALE,NA,1996-05-18,Installed_through_referral
7461,8/16/18 20:33,MALE,NA,2010-10-02,Not_through_referral
7462,8/18/18 4:48,MALE,NA,1996-03-21,Not_through_referral
7463,8/15/18 17:38,MALE,NA,1996-04-12,Not_through_referral
7464,9/9/18 11:40,FEMALE,NA,1987-04-03,Not_through_referral
7465,9/1/18 15:44,FEMALE,NA,2018-09-01,Not_through_referral
7466,8/15/18 18:12,MALE,NA,1978-06-03,Not_through_referral
7467,9/8/18 16:43,MALE,NA,2018-09-08,Installed_through_referral
7468,8/28/18 11:56,MALE,NA,1995-08-04,Installed_through_referral
7469,8/21/18 19:26,MALE,NA,1986-12-31,Not_through_referral
7470,8/15/18 13:03,MALE,NA,2000-11-24,Not_through_referral
7471,8/29/18 14:39,MALE,NA,1990-09-01,Not_through_referral
7472,9/3/18 0:15,MALE,NA,1989-10-30,Installed_through_referral
7473,8/29/18 15:03,MALE,NA,1990-06-29,Not_through_referral
7474,9/15/18 14:04,MALE,NA,1996-08-14,Installed_through_referral
7475,8/17/18 21:52,MALE,NA,1990-12-17,Not_through_referral
7476,8/14/18 21:06,MALE,NA,2001-06-02,Not_through_referral
7477,8/18/18 12:32,FEMALE,NA,1978-01-28,Not_through_referral
7478,6/11/18 21:21,FEMALE,NA,2010-10-26,Installed_through_referral
7479,6/4/18 16:02,MALE,NA,1996-02-04,Not_through_referral
7480,6/16/18 3:32,MALE,NA,2017-11-12,Installed_through_referral
7481,7/10/18 12:19,MALE,NA,2001-02-19,Not_through_referral
7482,7/29/18 12:57,FEMALE,NA,1995-07-24,Not_through_referral
7483,6/9/18 15:52,MALE,NA,1998-07-08,Installed_through_referral
7484,6/10/18 12:49,MALE,NA,1994-09-11,Not_through_referral
7485,6/15/18 16:08,MALE,NA,1991-06-28,Not_through_referral
7486,6/28/18 21:49,MALE,NA,1995-11-25,Not_through_referral
7487,7/9/18 15:20,MALE,NA,1998-05-25,Installed_through_referral
7488,7/22/18 16:03,MALE,NA,2018-07-22,Not_through_referral
7489,7/26/18 19:29,MALE,NA,1994-05-05,Not_through_referral
7490,8/6/18 14:22,MALE,NA,1999-03-26,Not_through_referral
7491,6/9/18 13:02,MALE,NA,2018-06-09,Installed_through_referral
7492,6/12/18 21:48,MALE,NA,1994-06-12,Installed_through_referral
7493,6/19/18 13:27,FEMALE,NA,2018-06-05,Not_through_referral
7494,6/27/18 10:55,MALE,NA,1987-12-16,Not_through_referral
7495,8/1/18 21:55,NA,NA,1900-01-00,Not_through_referral
7496,8/5/18 17:34,FEMALE,NA,1995-06-07,Installed_through_referral
7497,6/3/18 2:12,MALE,NA,1993-04-02,Not_through_referral
7498,6/7/18 20:20,MALE,NA,1996-09-15,Not_through_referral
7499,6/23/18 13:57,FEMALE,NA,1998-12-30,Not_through_referral
7500,7/7/18 21:30,MALE,NA,2018-06-07,Not_through_referral
7501,7/6/18 15:07,MALE,NA,2018-07-06,Not_through_referral
7502,7/5/18 18:32,MALE,NA,1994-06-30,Not_through_referral
7503,6/14/18 14:40,MALE,NA,1992-06-19,Not_through_referral
7504,6/21/18 16:57,FEMALE,NA,2018-06-21,Not_through_referral
7505,6/30/18 19:02,FEMALE,NA,1995-11-15,Not_through_referral
7506,7/1/18 16:38,MALE,NA,1980-02-05,Not_through_referral
7507,7/16/18 18:16,MALE,NA,2009-02-10,Installed_through_referral
7508,7/18/18 17:58,FEMALE,MARRIED,1990-09-29,Not_through_referral
7509,7/13/18 22:03,MALE,NA,2017-03-12,Not_through_referral
7510,8/6/18 14:58,MALE,NA,2018-08-06,Not_through_referral
7511,8/11/18 15:54,FEMALE,NA,1996-04-04,Installed_through_referral
7512,6/1/18 13:21,MALE,NA,1991-04-21,Not_through_referral
7513,6/2/18 17:02,MALE,NA,1992-06-23,Not_through_referral
7514,6/11/18 4:34,MALE,NA,2018-02-08,Not_through_referral
7515,6/20/18 10:05,MALE,NA,2000-07-20,Not_through_referral
7516,6/23/18 20:42,MALE,NA,1986-01-19,Not_through_referral
7517,6/24/18 20:21,MALE,NA,1992-08-27,Not_through_referral
7518,7/12/18 9:50,MALE,NA,1994-08-30,Not_through_referral
7519,8/3/18 14:43,FEMALE,NA,1982-02-15,Not_through_referral
7520,7/29/18 21:36,FEMALE,NA,2001-12-23,Installed_through_referral
7521,8/9/18 12:51,MALE,NA,1996-11-05,Not_through_referral
7522,6/11/18 23:27,FEMALE,NA,1978-12-27,Not_through_referral
7523,6/9/18 13:01,MALE,NA,1996-04-21,Not_through_referral
7524,7/9/18 22:32,FEMALE,NA,1991-11-17,Installed_through_referral
7525,7/21/18 20:47,MALE,NA,1988-07-07,Not_through_referral
7526,7/27/18 9:17,MALE,NA,1995-04-13,Not_through_referral
7527,6/9/18 14:53,FEMALE,NA,2001-02-26,Not_through_referral
7528,6/16/18 14:38,MALE,NA,1996-05-19,Installed_through_referral
7529,6/14/18 2:51,MALE,NA,1992-06-03,Not_through_referral
7530,6/30/18 22:50,MALE,NA,1998-05-24,Not_through_referral
7531,7/5/18 6:41,MALE,NA,2005-02-03,Not_through_referral
7532,7/21/18 13:22,MALE,NA,1975-07-17,Not_through_referral
7533,7/25/18 14:10,MALE,NA,1998-08-28,Installed_through_referral
7534,6/17/18 15:06,FEMALE,NA,1988-02-19,Installed_through_referral
7535,6/17/18 21:32,FEMALE,NA,1996-05-16,Installed_through_referral
7536,6/25/18 22:09,FEMALE,NA,1989-10-08,Not_through_referral
7537,7/6/18 12:47,MALE,NA,2008-07-06,Not_through_referral
7538,7/15/18 17:30,NA,NA,1900-01-00,Not_through_referral
7539,7/21/18 13:26,MALE,NA,1993-07-21,Not_through_referral
7540,7/19/18 11:19,MALE,NA,2018-07-19,Not_through_referral
7541,6/8/18 16:43,FEMALE,NA,1993-07-20,Not_through_referral
7542,6/12/18 21:08,MALE,NA,1998-06-13,Installed_through_referral
7543,6/20/18 9:07,MALE,NA,1991-06-30,Not_through_referral
7544,6/19/18 21:15,MALE,NA,1998-05-15,Not_through_referral
7545,6/24/18 20:51,MALE,NA,1971-02-12,Not_through_referral
7546,7/2/18 18:26,MALE,NA,1991-11-03,Not_through_referral
7547,7/15/18 14:49,MALE,NA,1997-07-13,Installed_through_referral
7548,8/13/18 16:43,MALE,NA,1998-09-28,Installed_through_referral
7549,8/23/18 19:47,NA,NA,1900-01-00,Not_through_referral
7550,8/23/18 23:21,MALE,NA,2017-10-31,Installed_through_referral
7551,9/25/18 12:12,MALE,NA,1973-05-27,Not_through_referral
7552,8/21/18 16:52,MALE,NA,1992-12-06,Not_through_referral
7553,8/16/18 9:39,MALE,NA,1974-02-22,Not_through_referral
7554,8/16/18 16:10,MALE,NA,1994-11-30,Not_through_referral
7555,8/20/18 14:02,MALE,NA,2018-08-20,Installed_through_referral
7556,8/20/18 21:11,MALE,NA,1994-11-17,Not_through_referral
7557,9/19/18 22:31,MALE,NA,1990-02-19,Not_through_referral
7558,8/25/18 15:27,NA,NA,1900-01-00,Not_through_referral
7559,9/9/18 21:13,MALE,NA,2017-12-01,Not_through_referral
7560,8/22/18 13:22,MALE,NA,1999-09-27,Not_through_referral
7561,9/1/18 18:57,MALE,NA,2018-09-01,Installed_through_referral
7562,8/29/18 20:12,MALE,NA,1999-11-16,Installed_through_referral
7563,9/3/18 12:53,MALE,NA,1993-10-02,Not_through_referral
7564,6/14/18 14:50,MALE,NA,1990-08-01,Not_through_referral
7565,6/18/18 10:35,MALE,NA,1964-11-04,Not_through_referral
7566,6/20/18 22:06,MALE,NA,1973-05-27,Installed_through_referral
7567,6/16/18 16:26,FEMALE,NA,1998-06-12,Not_through_referral
7568,6/29/18 17:49,MALE,NA,1990-03-05,Installed_through_referral
7569,6/26/18 23:03,FEMALE,NA,1999-04-22,Not_through_referral
7570,7/1/18 12:12,MALE,NA,1999-04-25,Not_through_referral
7571,6/26/18 17:50,MALE,NA,2018-06-26,Not_through_referral
7572,8/4/18 16:08,MALE,NA,2018-08-04,Installed_through_referral
7573,6/30/18 15:46,MALE,NA,1983-08-31,Not_through_referral
7574,6/27/18 11:10,MALE,NA,1964-10-04,Not_through_referral
7575,7/8/18 10:41,MALE,NA,1990-09-04,Not_through_referral
7576,8/1/18 16:28,MALE,NA,1996-03-06,Installed_through_referral
7577,7/25/18 18:42,MALE,NA,1996-06-30,Not_through_referral
7578,7/24/18 17:23,MALE,NA,1986-02-05,Not_through_referral
7579,8/5/18 13:34,MALE,NA,1984-02-10,Not_through_referral
7580,6/7/18 18:06,MALE,NA,1991-05-08,Installed_through_referral
7581,6/11/18 11:51,MALE,NA,2018-06-01,Installed_through_referral
7582,6/24/18 16:43,FEMALE,NA,1996-05-20,Not_through_referral
7583,6/24/18 20:50,MALE,NA,2018-03-15,Installed_through_referral
7584,7/6/18 14:43,FEMALE,NA,1999-10-14,Installed_through_referral
7585,7/18/18 16:08,MALE,NA,1986-11-25,Not_through_referral
7586,6/17/18 17:21,MALE,NA,1997-05-03,Not_through_referral
7587,6/22/18 15:33,MALE,NA,1984-05-11,Not_through_referral
7588,6/25/18 14:45,MALE,NA,1991-05-24,Not_through_referral
7589,8/2/18 22:28,FEMALE,NA,2018-08-02,Installed_through_referral
7590,7/24/18 21:13,MALE,NA,1980-06-09,Not_through_referral
7591,7/27/18 14:10,MALE,NA,1996-05-17,Not_through_referral
7592,8/8/18 17:42,MALE,NA,2018-08-08,Installed_through_referral
7593,6/5/18 23:46,MALE,NA,1996-04-03,Not_through_referral
7594,6/4/18 16:05,MALE,NA,1985-12-19,Not_through_referral
7595,7/10/18 16:04,FEMALE,NA,1995-10-04,Not_through_referral
7596,7/4/18 20:41,MALE,NA,1999-05-01,Not_through_referral
7597,7/7/18 18:35,MALE,NA,1976-07-14,Not_through_referral
7598,7/12/18 12:28,MALE,NA,1994-03-18,Not_through_referral
7599,7/13/18 14:49,MALE,NA,1969-06-25,Not_through_referral
7600,8/2/18 18:06,MALE,NA,1997-08-02,Not_through_referral
7601,8/11/18 15:11,FEMALE,NA,1996-04-11,Not_through_referral
7602,6/3/18 12:45,FEMALE,NA,1994-10-07,Installed_through_referral
7603,6/21/18 8:55,MALE,NA,1993-05-08,Not_through_referral
7604,6/20/18 16:18,MALE,NA,1997-09-04,Installed_through_referral
7605,7/6/18 16:30,MALE,NA,1984-05-21,Not_through_referral
7606,8/11/18 22:41,FEMALE,NA,1991-01-10,Installed_through_referral
7607,8/12/18 18:20,FEMALE,NA,1998-09-11,Installed_through_referral
7608,6/2/18 19:14,MALE,NA,1995-07-01,Installed_through_referral
7609,6/2/18 14:37,MALE,NA,2018-06-02,Installed_through_referral
7610,6/22/18 18:22,MALE,NA,1999-10-26,Not_through_referral
7611,7/17/18 16:16,MALE,NA,2018-07-17,Installed_through_referral
7612,7/21/18 22:45,MALE,NA,1984-09-06,Installed_through_referral
7613,6/3/18 11:09,MALE,NA,1997-02-21,Not_through_referral
7614,6/21/18 14:40,FEMALE,NA,2018-06-08,Not_through_referral
7615,6/19/18 20:17,MALE,NA,1992-09-13,Not_through_referral
7616,6/26/18 12:34,MALE,NA,1996-06-26,Installed_through_referral
7617,7/5/18 21:52,MALE,NA,1988-08-16,Installed_through_referral
7618,7/3/18 1:39,MALE,NA,2018-07-03,Not_through_referral
7619,7/22/18 16:32,MALE,NA,2000-03-30,Not_through_referral
7620,8/1/18 22:32,FEMALE,NA,1993-07-24,Not_through_referral
7621,6/1/18 15:52,FEMALE,NA,2018-02-20,Not_through_referral
7622,6/11/18 5:02,FEMALE,NA,2018-03-08,Not_through_referral
7623,7/3/18 18:49,MALE,NA,1994-09-29,Not_through_referral
7624,7/5/18 21:01,FEMALE,NA,2016-02-19,Not_through_referral
7625,7/25/18 20:52,MALE,NA,1999-07-06,Installed_through_referral
7626,7/27/18 19:35,FEMALE,NA,1993-01-20,Installed_through_referral
7627,7/24/18 22:58,MALE,NA,1992-09-12,Not_through_referral
7628,8/14/18 16:47,MALE,NA,1997-03-03,Not_through_referral
7629,6/9/18 12:37,MALE,NA,1999-02-05,Installed_through_referral
7630,6/19/18 15:52,MALE,NA,2017-09-08,Not_through_referral
7631,6/23/18 11:10,MALE,NA,2018-06-23,Not_through_referral
7632,6/28/18 21:00,FEMALE,NA,1986-06-06,Not_through_referral
7633,6/25/18 15:20,MALE,NA,2018-06-04,Not_through_referral
7634,7/14/18 14:56,MALE,NA,1998-01-01,Installed_through_referral
7635,8/11/18 18:45,MALE,NA,1979-08-11,Not_through_referral
7636,8/7/18 13:24,MALE,NA,1998-11-03,Installed_through_referral
7637,8/24/18 11:52,MALE,NA,1997-04-17,Not_through_referral
7638,8/20/18 10:30,MALE,NA,1998-04-14,Installed_through_referral
7639,8/25/18 13:50,MALE,NA,2014-11-14,Not_through_referral
7640,8/31/18 20:37,FEMALE,NA,1988-10-31,Installed_through_referral
7641,8/25/18 14:16,MALE,NA,1995-02-23,Not_through_referral
7642,8/31/18 18:29,MALE,NA,1990-08-31,Not_through_referral
7643,8/25/18 11:15,MALE,NA,2001-01-16,Not_through_referral
7644,9/28/18 16:56,MALE,NA,1969-12-01,Installed_through_referral
7645,9/27/18 13:56,MALE,NA,2018-09-08,Not_through_referral
7646,9/4/18 14:34,MALE,NA,2000-06-25,Not_through_referral
7647,9/29/18 18:34,MALE,NA,2000-04-19,Not_through_referral
7648,8/20/18 16:44,MALE,NA,1991-08-22,Not_through_referral
7649,8/23/18 5:24,MALE,NA,2000-07-14,Installed_through_referral
7650,9/5/18 15:07,MALE,NA,1996-08-16,Not_through_referral
7651,9/21/18 10:45,MALE,NA,1990-11-11,Not_through_referral
7652,9/2/18 22:23,FEMALE,NA,1990-07-17,Installed_through_referral
7653,9/16/18 19:00,MALE,NA,1995-03-21,Installed_through_referral
7654,8/25/18 13:16,MALE,NA,2018-07-21,Not_through_referral
7655,8/26/18 22:19,MALE,NA,2000-10-17,Installed_through_referral
7656,8/19/18 14:47,MALE,NA,1998-08-27,Installed_through_referral
7657,8/25/18 16:46,FEMALE,NA,1980-09-10,Not_through_referral
7658,8/23/18 15:04,MALE,NA,1998-05-07,Not_through_referral
7659,9/4/18 20:02,MALE,NA,2005-07-23,Installed_through_referral
7660,9/1/18 21:32,FEMALE,NA,1989-11-09,Not_through_referral
7661,9/28/18 4:17,MALE,NA,1998-08-27,Not_through_referral
7662,8/28/18 18:44,MALE,NA,2000-08-24,Installed_through_referral
7663,9/10/18 12:38,FEMALE,NA,2018-09-10,Not_through_referral
7664,6/8/18 21:43,MALE,NA,2018-06-08,Installed_through_referral
7665,6/13/18 16:13,FEMALE,NA,2017-04-14,Not_through_referral
7666,6/20/18 18:47,MALE,NA,1990-05-12,Not_through_referral
7667,6/17/18 10:16,FEMALE,NA,1973-02-05,Not_through_referral
7668,7/6/18 20:21,MALE,NA,2001-10-19,Installed_through_referral
7669,7/2/18 14:42,MALE,NA,1999-05-24,Installed_through_referral
7670,7/8/18 13:48,MALE,NA,1992-04-02,Not_through_referral
7671,7/12/18 20:59,MALE,NA,2002-12-04,Not_through_referral
7672,7/22/18 14:13,FEMALE,NA,2018-07-10,Not_through_referral
7673,7/14/18 19:53,FEMALE,NA,1997-11-04,Installed_through_referral
7674,7/31/18 14:55,MALE,NA,2000-09-09,Not_through_referral
7675,8/11/18 23:33,FEMALE,NA,1988-07-09,Not_through_referral
7676,8/7/18 23:09,MALE,NA,1992-07-19,Not_through_referral
7677,8/9/18 12:51,MALE,NA,1997-08-23,Installed_through_referral
7678,6/15/18 0:30,MALE,NA,2000-07-08,Not_through_referral
7679,6/19/18 23:00,MALE,NA,1992-12-23,Not_through_referral
7680,6/13/18 19:10,MALE,NA,1988-06-15,Not_through_referral
7681,6/28/18 12:57,FEMALE,NA,1998-04-20,Not_through_referral
7682,7/7/18 21:48,MALE,NA,1980-04-19,Not_through_referral
7683,7/11/18 14:31,NA,NA,1900-01-00,Not_through_referral
7684,7/19/18 16:07,MALE,NA,1997-01-24,Installed_through_referral
7685,7/23/18 12:27,FEMALE,NA,2018-02-02,Not_through_referral
7686,7/26/18 14:55,MALE,NA,2000-06-21,Not_through_referral
7687,8/9/18 13:24,MALE,NA,1996-06-14,Not_through_referral
7688,6/6/18 18:33,MALE,NA,1986-04-08,Not_through_referral
7689,6/17/18 16:22,FEMALE,NA,1994-11-28,Not_through_referral
7690,6/20/18 15:08,MALE,NA,1986-12-27,Not_through_referral
7691,6/23/18 18:53,MALE,NA,1989-07-30,Not_through_referral
7692,7/1/18 16:25,MALE,NA,2018-07-01,Not_through_referral
7693,7/12/18 14:32,MALE,NA,2012-12-08,Not_through_referral
7694,7/11/18 19:25,MALE,NA,1981-09-15,Not_through_referral
7695,7/18/18 13:48,FEMALE,NA,1989-07-06,Installed_through_referral
7696,7/31/18 15:40,MALE,NA,1996-02-24,Not_through_referral
7697,8/11/18 13:38,MALE,NA,1989-04-02,Not_through_referral
7698,6/2/18 14:05,MALE,NA,1986-11-02,Not_through_referral
7699,6/7/18 11:42,MALE,NA,1990-09-15,Not_through_referral
7700,6/16/18 18:23,MALE,NA,1986-10-29,Not_through_referral
7701,6/29/18 19:55,FEMALE,NA,1992-06-29,Not_through_referral
7702,6/29/18 19:17,MALE,NA,1993-05-17,Installed_through_referral
7703,7/22/18 20:36,MALE,NA,1994-07-18,Not_through_referral
7704,7/29/18 17:35,MALE,NA,2018-07-29,Not_through_referral
7705,8/5/18 15:45,FEMALE,NA,2018-08-05,Not_through_referral
7706,8/14/18 17:18,MALE,NA,2018-08-14,Installed_through_referral
7707,8/4/18 17:43,MALE,NA,2018-08-04,Installed_through_referral
7708,6/11/18 17:52,MALE,NA,1991-11-26,Not_through_referral
7709,6/20/18 12:27,MALE,NA,1999-10-04,Not_through_referral
7710,6/28/18 14:28,MALE,NA,1982-11-09,Not_through_referral
7711,6/22/18 15:43,FEMALE,NA,2003-01-02,Not_through_referral
7712,8/9/18 12:51,FEMALE,NA,1997-04-18,Not_through_referral
7713,6/21/18 20:34,MALE,NA,1971-01-27,Not_through_referral
7714,6/30/18 12:32,MALE,NA,1990-06-17,Not_through_referral
7715,6/30/18 13:25,MALE,NA,1994-08-25,Not_through_referral
7716,7/3/18 18:34,FEMALE,NA,1993-03-16,Installed_through_referral
7717,7/20/18 17:13,MALE,NA,1994-05-05,Not_through_referral
7718,8/7/18 20:46,FEMALE,NA,1998-01-03,Not_through_referral
7719,6/17/18 16:22,MALE,NA,1998-02-04,Not_through_referral
7720,6/19/18 13:18,FEMALE,NA,1992-03-24,Not_through_referral
7721,6/15/18 23:10,MALE,NA,1996-06-11,Installed_through_referral
7722,6/23/18 22:25,FEMALE,NA,1998-06-23,Installed_through_referral
7723,6/23/18 17:23,FEMALE,NA,1995-11-17,Not_through_referral
7724,6/22/18 11:28,MALE,NA,1994-05-20,Not_through_referral
7725,6/26/18 14:03,MALE,NA,2018-06-12,Installed_through_referral
7726,6/24/18 18:42,MALE,NA,1960-08-20,Not_through_referral
7727,7/8/18 15:02,MALE,NA,2000-04-06,Not_through_referral
7728,7/22/18 7:09,MALE,NA,1999-07-22,Not_through_referral
7729,8/6/18 19:22,MALE,NA,1994-08-08,Installed_through_referral
7730,6/6/18 19:41,MALE,NA,1994-08-17,Not_through_referral
7731,6/17/18 18:46,FEMALE,NA,1994-06-17,Installed_through_referral
7732,6/23/18 9:52,NA,NA,1900-01-00,Not_through_referral
7733,7/6/18 3:22,MALE,NA,2000-10-24,Not_through_referral
7734,7/25/18 10:26,MALE,NA,1998-04-25,Not_through_referral
7735,8/8/18 17:06,MALE,NA,2018-08-08,Installed_through_referral
7736,8/5/18 18:28,MALE,NA,2008-01-12,Not_through_referral
7737,6/17/18 12:56,MALE,NA,1997-01-10,Not_through_referral
7738,6/13/18 18:07,MALE,NA,2004-09-01,Not_through_referral
7739,6/20/18 13:51,MALE,NA,1996-05-16,Not_through_referral
7740,8/12/18 20:37,MALE,NA,1989-08-15,Not_through_referral
7741,6/17/18 11:40,MALE,NA,1991-09-03,Not_through_referral
7742,6/16/18 11:07,MALE,NA,1977-07-04,Installed_through_referral
7743,6/27/18 13:51,MALE,NA,2018-06-27,Installed_through_referral
7744,6/24/18 12:40,MALE,NA,2018-04-25,Not_through_referral
7745,7/12/18 15:30,MALE,NA,1987-07-12,Not_through_referral
7746,7/9/18 18:02,FEMALE,NA,1999-11-22,Installed_through_referral
7747,7/17/18 2:42,MALE,NA,1994-03-28,Not_through_referral
7748,8/1/18 12:35,MALE,NA,1995-03-20,Not_through_referral
7749,8/15/18 2:21,MALE,NA,1992-10-02,Installed_through_referral
7750,8/18/18 16:55,MALE,NA,2000-10-01,Installed_through_referral
7751,8/20/18 10:09,MALE,NA,1998-02-04,Installed_through_referral
7752,8/22/18 10:19,MALE,NA,2001-03-21,Not_through_referral
7753,9/4/18 23:57,MALE,NA,1997-09-30,Not_through_referral
7754,9/2/18 20:41,MALE,NA,1993-10-09,Installed_through_referral
7755,9/1/18 8:26,MALE,NA,1993-09-03,Not_through_referral
7756,9/27/18 18:40,MALE,NA,2018-09-27,Installed_through_referral
7757,8/22/18 10:52,MALE,NA,1996-02-19,Not_through_referral
7758,8/23/18 13:54,FEMALE,NA,2018-03-24,Not_through_referral
7759,9/17/18 19:41,MALE,NA,1995-06-12,Not_through_referral
7760,9/26/18 17:12,MALE,NA,1988-06-02,Not_through_referral
7761,9/4/18 11:30,MALE,NA,1996-09-14,Not_through_referral
7762,9/6/18 9:56,MALE,NA,2000-08-26,Not_through_referral
7763,9/1/18 20:58,FEMALE,NA,1992-12-07,Installed_through_referral
7764,9/7/18 11:57,FEMALE,NA,1979-12-01,Not_through_referral
7765,9/24/18 12:29,NA,NA,1900-01-00,Not_through_referral
7766,9/23/18 19:18,MALE,NA,1997-10-16,Not_through_referral
7767,8/17/18 23:03,FEMALE,NA,1997-02-28,Installed_through_referral
7768,8/21/18 11:59,FEMALE,NA,1991-08-06,Not_through_referral
7769,9/5/18 19:18,MALE,NA,1991-11-16,Not_through_referral
7770,9/16/18 3:44,MALE,NA,1995-10-25,Installed_through_referral
7771,8/16/18 4:53,MALE,NA,2018-08-15,Not_through_referral
7772,8/21/18 21:58,MALE,NA,1997-08-21,Installed_through_referral
7773,9/3/18 17:23,NA,NA,1900-01-00,Not_through_referral
7774,8/31/18 0:22,FEMALE,NA,2018-08-23,Not_through_referral
7775,9/1/18 9:58,MALE,NA,2001-01-07,Not_through_referral
7776,8/30/18 13:28,MALE,NA,1991-05-23,Installed_through_referral
7777,8/19/18 22:41,MALE,NA,1996-10-18,Not_through_referral
7778,8/24/18 12:32,MALE,NA,1997-01-06,Not_through_referral
7779,8/26/18 7:48,MALE,NA,1997-02-22,Not_through_referral
7780,8/26/18 12:37,MALE,NA,1995-09-30,Not_through_referral
7781,9/21/18 17:13,MALE,NA,2001-02-28,Not_through_referral
7782,9/8/18 0:00,MALE,NA,1991-09-06,Not_through_referral
7783,8/24/18 19:50,MALE,NA,1996-06-10,Not_through_referral
7784,8/30/18 15:42,FEMALE,NA,1980-04-15,Not_through_referral
7785,6/29/18 12:47,MALE,NA,1996-12-29,Not_through_referral
7786,6/29/18 10:55,MALE,NA,1996-11-06,Installed_through_referral
7787,7/4/18 21:13,MALE,NA,1974-10-05,Installed_through_referral
7788,7/19/18 11:31,MALE,NA,1991-12-20,Not_through_referral
7789,7/19/18 14:18,MALE,NA,1998-07-02,Not_through_referral
7790,7/29/18 14:10,MALE,NA,1993-01-01,Not_through_referral
7791,8/11/18 10:42,MALE,NA,1998-10-02,Not_through_referral
7792,8/6/18 12:09,FEMALE,NA,1992-08-06,Not_through_referral
7793,6/1/18 10:02,MALE,NA,1996-06-05,Installed_through_referral
7794,6/2/18 19:10,MALE,NA,1997-06-26,Installed_through_referral
7795,6/9/18 13:26,MALE,NA,2018-06-09,Installed_through_referral
7796,6/21/18 23:16,MALE,NA,2004-10-20,Not_through_referral
7797,6/13/18 12:12,FEMALE,NA,2017-07-02,Not_through_referral
7798,6/29/18 13:20,MALE,NA,1996-07-18,Installed_through_referral
7799,6/22/18 15:48,MALE,NA,2018-03-02,Not_through_referral
7800,7/5/18 15:59,MALE,NA,1999-02-18,Not_through_referral
7801,7/29/18 21:34,FEMALE,NA,2000-10-19,Not_through_referral
7802,8/7/18 18:43,MALE,NA,1995-12-03,Not_through_referral
7803,6/16/18 15:15,MALE,NA,2018-06-16,Installed_through_referral
7804,7/2/18 16:40,MALE,NA,1997-12-25,Not_through_referral
7805,7/7/18 13:25,FEMALE,NA,2000-12-16,Not_through_referral
7806,7/7/18 16:26,MALE,NA,1989-04-18,Not_through_referral
7807,6/1/18 15:22,MALE,NA,1998-01-19,Not_through_referral
7808,6/25/18 12:47,MALE,NA,1999-12-01,Not_through_referral
7809,6/22/18 14:26,FEMALE,NA,1986-10-06,Not_through_referral
7810,7/11/18 21:35,MALE,NA,1983-08-14,Not_through_referral
7811,7/12/18 21:35,FEMALE,NA,1992-10-01,Not_through_referral
7812,7/14/18 16:27,FEMALE,NA,2018-07-14,Not_through_referral
7813,7/18/18 20:03,MALE,NA,2018-07-18,Not_through_referral
7814,7/24/18 17:40,MALE,NA,1984-10-31,Installed_through_referral
7815,6/5/18 18:36,FEMALE,NA,2002-06-02,Not_through_referral
7816,7/1/18 9:11,MALE,NA,1997-02-15,Installed_through_referral
7817,7/10/18 15:51,MALE,NA,1995-07-10,Not_through_referral
7818,8/1/18 17:42,MALE,NA,2018-08-01,Not_through_referral
7819,7/24/18 16:36,MALE,NA,2000-03-23,Installed_through_referral
7820,7/28/18 14:09,FEMALE,NA,2003-08-15,Not_through_referral
7821,8/5/18 15:34,MALE,NA,2018-08-05,Installed_through_referral
7822,6/24/18 12:00,FEMALE,NA,2001-08-13,Not_through_referral
7823,6/26/18 18:34,MALE,NA,1997-09-11,Not_through_referral
7824,7/8/18 19:05,MALE,NA,1992-01-28,Installed_through_referral
7825,7/23/18 11:18,FEMALE,NA,1986-02-16,Installed_through_referral
7826,7/26/18 18:00,FEMALE,NA,1989-11-15,Installed_through_referral
7827,8/5/18 13:59,MALE,NA,2018-08-05,Installed_through_referral
7828,8/8/18 17:44,FEMALE,NA,1992-11-30,Installed_through_referral
7829,6/29/18 13:23,FEMALE,NA,1992-07-18,Installed_through_referral
7830,6/29/18 12:50,MALE,NA,2000-01-01,Not_through_referral
7831,7/14/18 13:46,MALE,NA,1990-11-23,Not_through_referral
7832,7/21/18 11:54,MALE,NA,1993-03-30,Not_through_referral
7833,7/28/18 14:28,MALE,NA,1995-04-07,Not_through_referral
7834,6/7/18 15:54,MALE,NA,1994-11-03,Not_through_referral
7835,6/10/18 18:12,MALE,NA,1973-11-01,Not_through_referral
7836,6/27/18 18:28,MALE,NA,1990-06-01,Not_through_referral
7837,6/25/18 16:12,FEMALE,NA,1991-10-25,Not_through_referral
7838,6/25/18 18:14,MALE,NA,1995-04-14,Not_through_referral
7839,7/1/18 12:00,MALE,NA,2001-11-23,Not_through_referral
7840,6/24/18 7:34,MALE,NA,2018-02-03,Not_through_referral
7841,7/2/18 13:07,FEMALE,NA,2000-08-15,Not_through_referral
7842,7/28/18 14:25,MALE,NA,1965-12-03,Not_through_referral
7843,8/13/18 19:50,MALE,NA,1991-08-30,Not_through_referral
7844,8/9/18 23:13,FEMALE,NA,1995-09-25,Installed_through_referral
7845,6/20/18 17:21,FEMALE,NA,1996-04-30,Not_through_referral
7846,6/21/18 0:09,MALE,NA,1995-07-04,Not_through_referral
7847,6/23/18 18:14,FEMALE,NA,2002-03-05,Installed_through_referral
7848,7/4/18 21:14,MALE,NA,2018-07-04,Not_through_referral
7849,7/20/18 21:52,MALE,NA,1997-01-20,Not_through_referral
7850,8/11/18 8:26,MALE,NA,2018-08-11,Installed_through_referral
7851,8/4/18 12:22,FEMALE,NA,1994-02-20,Not_through_referral
7852,6/8/18 10:40,MALE,NA,1993-02-19,Installed_through_referral
7853,6/20/18 17:06,FEMALE,NA,1974-05-18,Not_through_referral
7854,6/25/18 19:56,NA,NA,1900-01-00,Not_through_referral
7855,7/8/18 11:46,FEMALE,NA,1972-04-21,Not_through_referral
7856,7/21/18 12:56,MALE,NA,2018-07-14,Not_through_referral
7857,8/13/18 19:54,MALE,NA,1997-09-14,Not_through_referral
7858,8/22/18 16:51,MALE,NA,2018-08-22,Installed_through_referral
7859,8/26/18 8:31,MALE,NA,1996-02-12,Not_through_referral
7860,8/17/18 12:39,MALE,NA,2000-03-09,Not_through_referral
7861,8/21/18 21:16,FEMALE,NA,1996-07-17,Not_through_referral
7862,9/1/18 17:35,MALE,NA,1996-10-08,Not_through_referral
7863,8/31/18 15:22,MALE,NA,2018-08-08,Installed_through_referral
7864,8/27/18 19:54,FEMALE,NA,1994-11-17,Not_through_referral
7865,9/5/18 22:07,FEMALE,NA,2017-02-17,Not_through_referral
7866,8/15/18 9:25,MALE,NA,1985-06-11,Not_through_referral
7867,8/18/18 13:48,MALE,NA,2018-08-10,Installed_through_referral
7868,9/11/18 19:44,MALE,NA,2018-09-02,Installed_through_referral
7869,8/22/18 17:29,MALE,NA,2017-12-22,Not_through_referral
7870,8/20/18 10:39,MALE,NA,1992-12-28,Not_through_referral
7871,8/18/18 18:28,MALE,NA,1996-07-17,Not_through_referral
7872,8/23/18 19:37,MALE,NA,1996-02-19,Not_through_referral
7873,8/30/18 17:35,MALE,NA,1991-10-11,Not_through_referral
7874,9/5/18 13:52,MALE,NA,2018-09-02,Not_through_referral
7875,8/22/18 11:56,MALE,NA,1996-01-26,Installed_through_referral
7876,8/24/18 15:17,MALE,NA,2018-08-24,Installed_through_referral
7877,8/22/18 13:44,NA,NA,1900-01-00,Not_through_referral
7878,8/27/18 15:34,FEMALE,NA,1990-10-22,Not_through_referral
7879,9/27/18 14:15,FEMALE,NA,1998-05-07,Not_through_referral
7880,8/15/18 20:07,FEMALE,NA,1992-09-01,Installed_through_referral
7881,9/23/18 17:40,MALE,NA,1983-07-07,Not_through_referral
7882,8/18/18 18:26,MALE,NA,1997-05-18,Installed_through_referral
7883,8/27/18 10:07,FEMALE,NA,2018-04-25,Not_through_referral
7884,9/8/18 15:02,MALE,NA,1985-08-16,Not_through_referral
7885,8/28/18 13:36,MALE,NA,2000-10-14,Not_through_referral
7886,9/24/18 19:24,MALE,NA,1988-11-15,Not_through_referral
7887,9/13/18 22:02,MALE,NA,1992-05-02,Not_through_referral
7888,9/25/18 19:36,MALE,NA,2000-04-01,Installed_through_referral
7889,6/1/18 18:14,FEMALE,NA,1992-06-19,Not_through_referral
7890,6/7/18 20:51,MALE,NA,1995-07-16,Installed_through_referral
7891,6/14/18 21:22,MALE,NA,2018-06-06,Not_through_referral
7892,6/23/18 12:08,MALE,NA,1992-01-12,Not_through_referral
7893,7/4/18 20:30,MALE,NA,1993-01-05,Not_through_referral
7894,7/11/18 12:13,FEMALE,NA,1982-03-08,Not_through_referral
7895,8/13/18 11:18,MALE,NA,2018-08-09,Not_through_referral
7896,6/12/18 17:46,MALE,NA,1993-08-22,Not_through_referral
7897,6/24/18 10:08,MALE,NA,1989-03-24,Installed_through_referral
7898,7/3/18 0:42,MALE,NA,1993-02-12,Not_through_referral
7899,7/4/18 21:08,FEMALE,NA,1996-08-28,Not_through_referral
7900,7/28/18 23:41,MALE,NA,1989-06-02,Installed_through_referral
7901,8/5/18 19:26,MALE,NA,1992-07-18,Not_through_referral
7902,6/2/18 13:32,MALE,NA,1986-08-10,Not_through_referral
7903,6/4/18 2:37,FEMALE,NA,1984-06-04,Installed_through_referral
7904,6/12/18 15:48,FEMALE,NA,1994-04-09,Not_through_referral
7905,6/18/18 15:29,FEMALE,NA,2017-10-29,Not_through_referral
7906,6/15/18 19:46,MALE,NA,1982-03-12,Installed_through_referral
7907,6/29/18 10:00,FEMALE,NA,2016-07-13,Not_through_referral
7908,7/8/18 22:25,FEMALE,NA,1989-10-31,Not_through_referral
7909,7/10/18 9:25,MALE,NA,2002-01-24,Installed_through_referral
7910,7/28/18 13:03,MALE,NA,1993-06-24,Not_through_referral
7911,6/8/18 23:28,MALE,NA,1995-06-08,Not_through_referral
7912,6/12/18 18:41,MALE,NA,2018-06-12,Not_through_referral
7913,6/15/18 19:17,FEMALE,NA,1993-09-24,Not_through_referral
7914,6/25/18 20:51,MALE,NA,1990-07-09,Not_through_referral
7915,6/26/18 11:08,MALE,NA,1995-07-13,Not_through_referral
7916,7/23/18 13:09,MALE,NA,1990-07-12,Not_through_referral
7917,6/15/18 17:50,MALE,NA,1997-06-29,Installed_through_referral
7918,6/26/18 15:41,MALE,NA,1980-12-03,Not_through_referral
7919,7/12/18 10:58,FEMALE,NA,2018-07-12,Installed_through_referral
7920,7/17/18 19:39,FEMALE,NA,1980-12-31,Not_through_referral
7921,7/25/18 10:53,MALE,NA,2017-09-01,Not_through_referral
7922,8/6/18 18:13,FEMALE,NA,1998-09-28,Not_through_referral
7923,6/11/18 13:27,MALE,NA,2018-06-11,Installed_through_referral
7924,7/19/18 19:56,MALE,NA,2018-04-21,Installed_through_referral
7925,7/25/18 19:36,FEMALE,NA,1996-10-04,Not_through_referral
7926,8/10/18 16:59,MALE,NA,2001-11-18,Not_through_referral
7927,8/4/18 14:14,MALE,NA,1992-03-20,Not_through_referral
7928,6/11/18 19:04,MALE,NA,1985-06-10,Not_through_referral
7929,6/16/18 16:43,MALE,NA,1988-09-14,Not_through_referral
7930,6/21/18 18:16,FEMALE,NA,1998-02-14,Installed_through_referral
7931,6/19/18 19:21,MALE,NA,1982-01-10,Not_through_referral
7932,6/20/18 11:41,FEMALE,NA,1999-07-07,Not_through_referral
7933,6/25/18 14:21,MALE,NA,1992-07-26,Installed_through_referral
7934,6/23/18 20:25,FEMALE,NA,1991-02-28,Not_through_referral
7935,6/22/18 18:43,MALE,NA,1987-02-03,Not_through_referral
7936,7/5/18 18:29,MALE,NA,1966-04-08,Not_through_referral
7937,7/3/18 10:50,MALE,NA,1999-07-01,Not_through_referral
7938,7/27/18 14:38,MALE,NA,2017-10-18,Not_through_referral
7939,8/3/18 18:43,MALE,NA,1989-01-17,Installed_through_referral
7940,6/3/18 18:45,MALE,NA,1992-06-23,Installed_through_referral
7941,6/25/18 12:30,MALE,NA,1987-09-12,Not_through_referral
7942,7/3/18 13:28,FEMALE,NA,2018-05-13,Not_through_referral
7943,7/15/18 20:24,MALE,NA,1998-12-15,Installed_through_referral
7944,7/28/18 7:47,MALE,NA,1993-04-18,Installed_through_referral
7945,8/1/18 18:33,MALE,NA,2018-08-01,Installed_through_referral
7946,6/2/18 16:24,MALE,NA,2018-06-02,Not_through_referral
7947,6/17/18 16:27,MALE,NA,1993-08-21,Not_through_referral
7948,6/21/18 20:28,MALE,NA,2018-06-21,Installed_through_referral
7949,6/23/18 14:04,MALE,NA,1993-06-02,Not_through_referral
7950,6/23/18 18:48,FEMALE,NA,1989-09-11,Not_through_referral
7951,6/28/18 12:21,MALE,NA,1995-09-08,Installed_through_referral
7952,7/2/18 11:59,MALE,NA,1997-07-02,Installed_through_referral
7953,7/4/18 18:26,MALE,NA,2018-07-04,Installed_through_referral
7954,7/19/18 23:06,MALE,NA,1988-08-19,Not_through_referral
7955,8/7/18 17:05,MALE,NA,1992-12-03,Not_through_referral
7956,6/1/18 22:26,MALE,NA,1997-04-18,Not_through_referral
7957,6/2/18 19:23,FEMALE,NA,1989-02-07,Not_through_referral
7958,6/4/18 1:49,MALE,NA,1994-06-04,Not_through_referral
7959,6/16/18 12:21,MALE,NA,1991-05-31,Not_through_referral
7960,6/17/18 18:46,FEMALE,NA,1991-04-21,Not_through_referral
7961,6/18/18 21:11,MALE,NA,1984-07-25,Not_through_referral
7962,7/11/18 16:42,MALE,NA,1997-12-19,Installed_through_referral
7963,7/7/18 22:29,MALE,NA,1993-12-25,Installed_through_referral
7964,7/15/18 19:23,MALE,NA,2018-07-15,Not_through_referral
7965,7/26/18 17:58,FEMALE,NA,2012-07-12,Not_through_referral
7966,8/19/18 17:14,MALE,NA,2018-08-19,Not_through_referral
7967,9/1/18 0:19,MALE,NA,1986-01-04,Not_through_referral
7968,9/3/18 22:36,MALE,NA,1998-10-19,Installed_through_referral
7969,8/22/18 10:32,MALE,NA,2001-10-10,Not_through_referral
7970,9/2/18 14:47,MALE,NA,1978-03-03,Not_through_referral
7971,8/27/18 16:27,MALE,NA,1996-11-07,Not_through_referral
7972,9/11/18 17:20,MALE,NA,1988-09-03,Not_through_referral
7973,8/20/18 21:02,MALE,NA,1983-05-22,Not_through_referral
7974,9/10/18 22:34,MALE,NA,2000-07-02,Installed_through_referral
7975,9/23/18 0:16,MALE,NA,1995-09-23,Not_through_referral
7976,8/25/18 23:30,FEMALE,NA,1999-12-06,Installed_through_referral
7977,9/10/18 23:07,MALE,NA,2000-03-27,Not_through_referral
7978,9/24/18 21:03,MALE,NA,1996-05-11,Not_through_referral
7979,9/24/18 14:37,MALE,NA,2001-06-13,Not_through_referral
7980,9/6/18 16:33,MALE,NA,1993-02-25,Not_through_referral
7981,9/29/18 22:11,MALE,NA,1988-04-14,Not_through_referral
7982,8/23/18 23:50,FEMALE,NA,1993-04-24,Not_through_referral
7983,9/7/18 16:33,MALE,NA,2018-09-07,Installed_through_referral
7984,9/9/18 18:26,NA,NA,1900-01-00,Not_through_referral
7985,9/8/18 19:41,FEMALE,NA,1998-03-14,Not_through_referral
7986,8/22/18 21:43,FEMALE,NA,2001-09-26,Installed_through_referral
7987,8/23/18 18:39,MALE,NA,2001-06-14,Not_through_referral
7988,8/19/18 16:22,MALE,NA,1996-02-10,Installed_through_referral
7989,9/20/18 19:50,MALE,NA,2000-12-10,Not_through_referral
7990,9/18/18 18:54,MALE,NA,1990-09-18,Not_through_referral
7991,9/16/18 17:23,MALE,NA,1984-11-12,Installed_through_referral
7992,9/21/18 22:50,MALE,NA,1994-08-15,Not_through_referral
7993,9/24/18 7:07,MALE,NA,1990-09-22,Not_through_referral
7994,9/27/18 11:23,FEMALE,NA,2018-05-19,Not_through_referral
7995,8/20/18 15:52,MALE,NA,1994-06-12,Not_through_referral
7996,9/8/18 16:28,FEMALE,NA,2018-09-08,Not_through_referral
7997,6/7/18 17:13,FEMALE,NA,1993-09-17,Not_through_referral
7998,6/13/18 1:05,MALE,NA,1997-10-23,Not_through_referral
7999,6/16/18 14:51,MALE,NA,1997-05-24,Not_through_referral
8000,6/30/18 19:07,MALE,NA,1983-04-29,Not_through_referral
8001,7/21/18 18:57,MALE,NA,2018-07-21,Not_through_referral
8002,8/5/18 0:29,MALE,NA,1990-01-14,Installed_through_referral
8003,6/1/18 14:44,MALE,NA,2015-01-14,Not_through_referral
8004,6/2/18 16:55,MALE,NA,2018-06-02,Installed_through_referral
8005,6/19/18 20:14,MALE,NA,1970-10-12,Not_through_referral
8006,6/17/18 19:41,FEMALE,NA,2001-06-02,Not_through_referral
8007,6/25/18 12:26,MALE,NA,1997-06-19,Not_through_referral
8008,7/16/18 8:48,MALE,NA,1991-06-06,Not_through_referral
8009,8/2/18 22:26,MALE,NA,1996-11-29,Installed_through_referral
8010,7/28/18 13:42,MALE,NA,2018-03-27,Not_through_referral
8011,8/9/18 13:14,MALE,NA,1993-07-21,Installed_through_referral
8012,8/4/18 11:06,MALE,NA,1971-12-08,Not_through_referral
8013,8/9/18 12:45,MALE,NA,1995-03-21,Not_through_referral
8014,6/18/18 20:11,MALE,NA,1996-12-14,Not_through_referral
8015,6/23/18 10:41,MALE,NA,1993-06-23,Not_through_referral
8016,7/5/18 10:55,FEMALE,NA,2018-07-05,Not_through_referral
8017,7/7/18 17:31,MALE,NA,2010-04-23,Not_through_referral
8018,7/18/18 17:34,MALE,NA,2018-07-18,Not_through_referral
8019,8/1/18 1:13,MALE,NA,1972-06-30,Not_through_referral
8020,8/5/18 20:43,MALE,NA,1997-05-24,Not_through_referral
8021,8/9/18 13:09,MALE,NA,1997-01-28,Not_through_referral
8022,6/10/18 15:14,MALE,NA,1998-07-06,Not_through_referral
8023,6/9/18 16:56,MALE,NA,2018-03-16,Not_through_referral
8024,6/17/18 1:21,FEMALE,NA,1993-06-21,Not_through_referral
8025,6/17/18 13:30,MALE,NA,1989-01-08,Installed_through_referral
8026,7/2/18 19:55,MALE,NA,2018-07-02,Installed_through_referral
8027,7/12/18 20:42,MALE,NA,1993-07-29,Installed_through_referral
8028,7/17/18 16:13,MALE,NA,2018-07-17,Not_through_referral
8029,7/27/18 21:28,MALE,NA,1997-01-26,Not_through_referral
8030,8/11/18 1:30,MALE,NA,1994-10-29,Not_through_referral
8031,6/7/18 17:41,MALE,NA,1990-10-10,Not_through_referral
8032,6/16/18 17:29,FEMALE,NA,1995-09-18,Not_through_referral
8033,6/21/18 16:18,FEMALE,NA,2001-02-19,Not_through_referral
8034,7/16/18 18:29,MALE,NA,2018-05-08,Not_through_referral
8035,7/20/18 21:15,FEMALE,NA,1996-03-01,Installed_through_referral
8036,8/11/18 18:04,FEMALE,NA,1997-01-30,Not_through_referral
8037,6/10/18 11:00,MALE,NA,1998-08-10,Not_through_referral
8038,6/30/18 11:48,MALE,NA,2018-06-30,Installed_through_referral
8039,6/28/18 21:39,MALE,NA,1992-04-13,Installed_through_referral
8040,6/25/18 14:15,FEMALE,NA,2018-06-25,Installed_through_referral
8041,6/28/18 14:54,MALE,NA,1977-07-07,Installed_through_referral
8042,7/6/18 0:00,MALE,NA,2047-03-03,Not_through_referral
8043,8/2/18 10:20,FEMALE,NA,1993-06-14,Installed_through_referral
8044,7/23/18 22:15,MALE,NA,2000-05-04,Installed_through_referral
8045,6/3/18 20:48,MALE,NA,2018-06-03,Not_through_referral
8046,6/21/18 15:09,MALE,NA,1992-10-18,Not_through_referral
8047,6/30/18 14:31,MALE,NA,1992-07-19,Not_through_referral
8048,7/5/18 10:26,MALE,NA,1990-11-21,Not_through_referral
8049,7/26/18 13:51,MALE,NA,1990-07-14,Not_through_referral
8050,8/2/18 16:35,MALE,NA,1987-04-22,Not_through_referral
8051,8/9/18 16:06,FEMALE,NA,1990-07-06,Installed_through_referral
8052,8/11/18 20:12,MALE,NA,1996-07-15,Not_through_referral
8053,6/10/18 11:36,FEMALE,NA,1997-06-29,Not_through_referral
8054,7/8/18 22:04,FEMALE,NA,2018-07-08,Installed_through_referral
8055,7/13/18 22:57,MALE,NA,1997-03-06,Not_through_referral
8056,8/14/18 11:09,MALE,NA,1989-08-27,Not_through_referral
8057,8/12/18 20:47,MALE,NA,1996-12-24,Not_through_referral
8058,6/3/18 18:34,MALE,NA,1998-05-06,Installed_through_referral
8059,6/14/18 22:04,MALE,NA,2018-06-14,Installed_through_referral
8060,6/18/18 20:25,MALE,NA,2018-06-18,Not_through_referral
8061,6/13/18 12:18,FEMALE,NA,2003-01-19,Not_through_referral
8062,6/27/18 16:32,MALE,NA,1994-04-23,Installed_through_referral
8063,7/7/18 15:33,FEMALE,NA,2018-07-04,Not_through_referral
8064,7/13/18 19:28,MALE,NA,2018-07-13,Installed_through_referral
8065,7/22/18 12:11,MALE,NA,1997-08-14,Not_through_referral
8066,7/27/18 20:43,MALE,NA,1990-09-12,Not_through_referral
8067,8/4/18 15:47,MALE,NA,1998-05-21,Not_through_referral
8068,6/13/18 0:32,MALE,NA,1996-04-17,Installed_through_referral
8069,6/18/18 12:55,MALE,NA,1996-11-13,Installed_through_referral
8070,6/18/18 18:01,FEMALE,NA,1996-01-26,Installed_through_referral
8071,6/29/18 19:27,MALE,NA,1987-09-29,Not_through_referral
8072,7/9/18 20:40,FEMALE,NA,1995-11-19,Not_through_referral
8073,7/8/18 13:02,MALE,NA,2018-04-25,Not_through_referral
8074,7/21/18 12:37,MALE,NA,1997-09-17,Installed_through_referral
8075,7/21/18 0:06,MALE,NA,1999-08-30,Not_through_referral
8076,8/13/18 11:26,FEMALE,NA,1996-10-09,Not_through_referral
8077,8/27/18 18:54,MALE,NA,1995-08-08,Not_through_referral
8078,9/24/18 17:54,MALE,NA,1998-07-10,Not_through_referral
8079,8/16/18 12:11,FEMALE,NA,1996-10-28,Not_through_referral
8080,9/7/18 16:22,MALE,NA,2018-09-07,Installed_through_referral
8081,9/5/18 14:28,MALE,NA,1996-08-03,Not_through_referral
8082,8/19/18 22:18,MALE,NA,1999-01-20,Installed_through_referral
8083,8/20/18 19:08,MALE,NA,2018-08-09,Not_through_referral
8084,8/21/18 17:32,MALE,NA,1992-11-11,Not_through_referral
8085,8/28/18 15:23,MALE,NA,1993-04-25,Not_through_referral
8086,9/25/18 14:10,FEMALE,NA,1995-08-19,Not_through_referral
8087,9/9/18 17:25,FEMALE,NA,1991-10-27,Installed_through_referral
8088,9/27/18 19:34,MALE,NA,2018-09-27,Installed_through_referral
8089,9/12/18 20:25,MALE,NA,2018-09-12,Not_through_referral
8090,9/9/18 20:51,FEMALE,NA,1999-03-31,Not_through_referral
8091,8/21/18 15:06,MALE,NA,1993-06-20,Not_through_referral
8092,8/17/18 13:48,MALE,NA,1985-08-04,Not_through_referral
8093,9/10/18 23:54,FEMALE,NA,1975-08-19,Installed_through_referral
8094,8/24/18 20:30,MALE,NA,1972-11-02,Not_through_referral
8095,8/24/18 19:44,MALE,NA,1971-11-03,Not_through_referral
8096,9/27/18 19:59,MALE,NA,2018-09-27,Installed_through_referral
8097,6/4/18 18:39,MALE,NA,1995-05-29,Not_through_referral
8098,6/8/18 19:04,MALE,NA,1996-06-08,Installed_through_referral
8099,6/5/18 18:27,MALE,NA,1992-11-22,Not_through_referral
8100,6/13/18 19:33,MALE,NA,1983-01-30,Not_through_referral
8101,6/16/18 14:15,MALE,NA,2018-06-16,Not_through_referral
8102,6/16/18 20:00,FEMALE,NA,1979-11-14,Not_through_referral
8103,7/2/18 18:47,MALE,NA,2018-07-06,Not_through_referral
8104,7/17/18 6:00,MALE,NA,1996-08-15,Not_through_referral
8105,8/1/18 4:01,FEMALE,NA,1993-07-10,Installed_through_referral
8106,8/13/18 9:32,FEMALE,NA,1997-08-28,Not_through_referral
8107,8/11/18 11:54,MALE,NA,1987-09-13,Not_through_referral
8108,8/4/18 17:56,MALE,NA,1995-07-17,Installed_through_referral
8109,8/11/18 8:17,FEMALE,NA,1993-12-04,Not_through_referral
8110,6/1/18 14:22,MALE,NA,2000-09-08,Not_through_referral
8111,6/7/18 18:21,FEMALE,NA,1997-01-24,Installed_through_referral
8112,6/12/18 14:18,MALE,NA,1993-06-12,Not_through_referral
8113,6/14/18 15:23,FEMALE,NA,1998-04-04,Not_through_referral
8114,7/11/18 19:28,MALE,NA,2000-07-17,Not_through_referral
8115,7/8/18 16:17,MALE,NA,2018-07-08,Installed_through_referral
8116,7/11/18 13:07,MALE,NA,1982-08-06,Not_through_referral
8117,7/18/18 23:28,MALE,NA,1990-10-06,Installed_through_referral
8118,8/9/18 14:30,MALE,NA,1991-07-06,Not_through_referral
8119,6/4/18 13:31,MALE,NA,2018-06-04,Not_through_referral
8120,6/10/18 21:52,MALE,NA,1984-05-12,Not_through_referral
8121,6/20/18 20:06,MALE,NA,1987-06-03,Not_through_referral
8122,7/11/18 17:33,FEMALE,NA,2018-07-08,Not_through_referral
8123,7/11/18 6:56,MALE,NA,2018-02-01,Installed_through_referral
8124,7/22/18 14:17,MALE,NA,1989-11-30,Not_through_referral
8125,7/19/18 16:16,FEMALE,NA,1986-10-15,Not_through_referral
8126,8/9/18 8:19,MALE,NA,1997-06-23,Not_through_referral
8127,6/23/18 19:43,FEMALE,NA,1994-11-24,Not_through_referral
8128,6/29/18 0:43,MALE,NA,1992-02-08,Not_through_referral
8129,6/23/18 21:10,MALE,NA,2018-06-23,Not_through_referral
8130,7/5/18 12:50,MALE,NA,2018-07-05,Installed_through_referral
8131,8/3/18 16:43,MALE,NA,1989-04-28,Not_through_referral
8132,7/29/18 22:55,MALE,NA,1996-03-31,Not_through_referral
8133,8/1/18 3:01,MALE,NA,2018-04-25,Not_through_referral
8134,7/23/18 18:45,MALE,NA,2018-07-16,Installed_through_referral
8135,8/11/18 20:47,MALE,NA,2017-11-15,Not_through_referral
8136,6/2/18 13:52,MALE,NA,1994-08-10,Not_through_referral
8137,6/11/18 8:37,MALE,NA,1970-06-30,Not_through_referral
8138,6/13/18 12:27,MALE,NA,1992-10-18,Not_through_referral
8139,6/26/18 18:13,MALE,NA,2018-03-29,Installed_through_referral
8140,6/28/18 13:39,MALE,NA,1993-06-28,Not_through_referral
8141,6/29/18 16:17,FEMALE,NA,2018-06-29,Not_through_referral
8142,8/9/18 6:48,MALE,NA,1995-03-12,Not_through_referral
8143,8/4/18 18:50,FEMALE,NA,1994-07-03,Not_through_referral
8144,6/3/18 11:23,MALE,NA,1986-03-30,Not_through_referral
8145,6/7/18 22:05,MALE,NA,2003-04-03,Not_through_referral
8146,6/12/18 19:22,MALE,NA,2018-06-12,Installed_through_referral
8147,6/9/18 16:03,MALE,NA,1989-06-14,Not_through_referral
8148,6/19/18 15:01,FEMALE,NA,1985-11-06,Not_through_referral
8149,6/22/18 16:05,MALE,NA,2018-06-22,Not_through_referral
8150,6/23/18 16:44,MALE,NA,2018-06-23,Not_through_referral
8151,7/2/18 19:37,MALE,NA,1997-07-17,Not_through_referral
8152,7/3/18 9:57,MALE,NA,1992-06-28,Not_through_referral
8153,7/13/18 14:47,MALE,NA,1990-07-13,Not_through_referral
8154,7/14/18 13:29,MALE,NA,1999-11-29,Not_through_referral
8155,8/9/18 13:46,MALE,NA,1996-09-19,Not_through_referral
8156,8/10/18 23:19,MALE,NA,1988-08-02,Installed_through_referral
8157,6/26/18 14:53,FEMALE,NA,2003-02-27,Not_through_referral
8158,6/27/18 15:57,FEMALE,NA,2000-11-17,Not_through_referral
8159,6/26/18 22:13,MALE,NA,1984-08-30,Not_through_referral
8160,6/24/18 8:59,MALE,NA,1996-01-12,Not_through_referral
8161,6/22/18 14:01,MALE,NA,2018-06-22,Not_through_referral
8162,7/29/18 19:18,FEMALE,NA,1994-07-19,Not_through_referral
8163,7/31/18 23:36,MALE,NA,1983-12-01,Not_through_referral
8164,6/11/18 13:46,MALE,NA,2018-06-11,Installed_through_referral
8165,6/9/18 19:31,MALE,NA,2018-06-09,Not_through_referral
8166,6/27/18 14:38,MALE,NA,1999-06-28,Installed_through_referral
8167,6/28/18 23:24,MALE,NA,1989-06-10,Installed_through_referral
8168,7/15/18 14:32,MALE,NA,1985-11-10,Installed_through_referral
8169,7/22/18 17:26,MALE,NA,2018-07-22,Not_through_referral
8170,8/11/18 18:33,MALE,NA,2017-08-13,Not_through_referral
8171,6/9/18 18:08,FEMALE,NA,2000-07-29,Not_through_referral
8172,6/13/18 19:52,FEMALE,NA,2017-07-22,Not_through_referral
8173,6/17/18 15:06,MALE,NA,2018-06-17,Not_through_referral
8174,6/18/18 13:20,FEMALE,NA,1993-09-12,Not_through_referral
8175,6/22/18 11:07,NA,NA,1900-01-00,Not_through_referral
8176,6/23/18 16:08,MALE,NA,2018-06-23,Installed_through_referral
8177,6/27/18 19:17,FEMALE,NA,2018-06-14,Not_through_referral
8178,7/6/18 17:12,MALE,NA,1990-05-02,Not_through_referral
8179,7/10/18 23:08,MALE,NA,2018-07-10,Not_through_referral
8180,7/15/18 12:45,MALE,NA,1998-02-23,Not_through_referral
8181,7/15/18 19:58,MALE,NA,1984-07-21,Not_through_referral
8182,8/11/18 15:04,MALE,NA,1998-05-05,Not_through_referral
8183,8/13/18 18:51,MALE,NA,1996-05-07,Installed_through_referral
8184,8/3/18 22:31,MALE,NA,1989-10-21,Not_through_referral
8185,6/18/18 14:49,MALE,NA,2018-06-10,Not_through_referral
8186,6/20/18 18:48,MALE,NA,1988-09-06,Not_through_referral
8187,6/27/18 23:45,MALE,NA,2018-01-23,Installed_through_referral
8188,6/27/18 1:54,MALE,NA,1997-11-13,Not_through_referral
8189,6/29/18 17:45,MALE,NA,2018-06-29,Not_through_referral
8190,6/27/18 13:26,MALE,NA,1993-09-14,Not_through_referral
8191,8/6/18 15:48,MALE,NA,2018-08-06,Installed_through_referral
8192,8/15/18 17:46,FEMALE,NA,2007-03-29,Not_through_referral
8193,9/4/18 19:14,MALE,NA,2018-09-04,Not_through_referral
8194,9/5/18 1:32,MALE,NA,2018-09-05,Not_through_referral
8195,9/3/18 16:18,MALE,NA,1991-01-31,Not_through_referral
8196,9/5/18 13:37,MALE,NA,2018-09-05,Installed_through_referral
8197,9/7/18 21:42,MALE,NA,1996-02-21,Not_through_referral
8198,9/7/18 16:49,MALE,NA,1984-12-02,Not_through_referral
8199,8/16/18 17:06,MALE,NA,1995-01-19,Installed_through_referral
8200,8/23/18 9:17,MALE,NA,2000-08-10,Not_through_referral
8201,9/5/18 16:51,MALE,NA,1994-01-17,Installed_through_referral
8202,8/19/18 14:32,MALE,NA,2018-08-19,Not_through_referral
8203,9/13/18 20:16,MALE,NA,1990-08-01,Not_through_referral
8204,9/29/18 16:37,MALE,NA,1977-08-12,Not_through_referral
8205,9/2/18 15:53,MALE,NA,2002-09-11,Not_through_referral
8206,8/23/18 21:29,FEMALE,NA,1992-09-01,Installed_through_referral
8207,9/8/18 14:18,MALE,NA,1990-11-25,Installed_through_referral
8208,9/28/18 11:47,NA,NA,1900-01-00,Not_through_referral
8209,9/20/18 20:12,MALE,NA,1994-07-30,Not_through_referral
8210,8/28/18 14:55,FEMALE,NA,2018-08-02,Not_through_referral
8211,8/30/18 12:48,MALE,NA,1990-07-11,Not_through_referral
8212,9/1/18 22:53,MALE,NA,1998-09-01,Not_through_referral
8213,9/1/18 19:58,MALE,NA,1986-12-04,Installed_through_referral
8214,9/13/18 11:01,MALE,NA,1996-10-09,Not_through_referral
8215,6/7/18 14:17,FEMALE,NA,1986-07-08,Installed_through_referral
8216,6/21/18 15:58,MALE,NA,2013-08-01,Not_through_referral
8217,6/14/18 10:25,MALE,NA,1980-03-30,Not_through_referral
8218,6/20/18 12:23,MALE,NA,1994-03-03,Not_through_referral
8219,6/21/18 15:14,MALE,NA,1997-10-04,Installed_through_referral
8220,6/17/18 18:26,MALE,NA,1981-06-13,Installed_through_referral
8221,6/13/18 9:26,MALE,NA,1990-04-05,Not_through_referral
8222,6/27/18 13:47,FEMALE,NA,1994-12-28,Not_through_referral
8223,6/25/18 23:31,MALE,NA,2018-05-01,Installed_through_referral
8224,7/4/18 6:48,MALE,NA,1998-03-21,Not_through_referral
8225,7/14/18 21:44,FEMALE,NA,1995-11-09,Not_through_referral
8226,7/29/18 11:49,FEMALE,NA,1998-06-21,Not_through_referral
8227,8/1/18 18:27,MALE,NA,1982-08-27,Installed_through_referral
8228,6/5/18 21:21,MALE,NA,1987-02-23,Not_through_referral
8229,6/21/18 0:07,MALE,NA,1983-07-11,Not_through_referral
8230,6/17/18 11:30,MALE,NA,1994-02-22,Not_through_referral
8231,6/29/18 8:41,MALE,NA,1995-09-10,Not_through_referral
8232,7/7/18 10:21,MALE,NA,2018-03-08,Installed_through_referral
8233,7/18/18 15:47,NA,NA,1900-01-00,Not_through_referral
8234,8/5/18 19:16,FEMALE,NA,1971-07-14,Installed_through_referral
8235,6/10/18 2:18,MALE,NA,1995-01-01,Installed_through_referral
8236,6/14/18 0:25,MALE,NA,1995-07-06,Not_through_referral
8237,7/11/18 10:40,MALE,NA,2018-07-11,Installed_through_referral
8238,7/1/18 20:46,MALE,NA,2018-07-01,Not_through_referral
8239,7/7/18 14:43,MALE,NA,1997-08-21,Not_through_referral
8240,7/19/18 15:59,MALE,NA,2018-07-19,Installed_through_referral
8241,8/2/18 15:08,MALE,NA,2018-08-02,Installed_through_referral
8242,7/26/18 19:51,FEMALE,NA,1992-09-12,Not_through_referral
8243,7/29/18 22:43,MALE,NA,2018-07-11,Not_through_referral
8244,6/14/18 1:22,MALE,NA,2018-06-14,Not_through_referral
8245,7/2/18 20:30,MALE,NA,1990-01-01,Not_through_referral
8246,8/14/18 20:14,MALE,NA,1981-08-21,Installed_through_referral
8247,6/2/18 11:25,MALE,NA,1988-04-16,Not_through_referral
8248,6/3/18 17:59,MALE,NA,2018-03-08,Installed_through_referral
8249,6/5/18 22:01,MALE,NA,1990-06-05,Installed_through_referral
8250,6/12/18 11:11,FEMALE,NA,1994-10-17,Not_through_referral
8251,6/14/18 11:48,MALE,NA,1995-12-27,Not_through_referral
8252,6/28/18 13:34,MALE,NA,2018-06-28,Installed_through_referral
8253,7/6/18 12:10,MALE,NA,1990-09-05,Not_through_referral
8254,7/25/18 17:13,MALE,NA,1991-08-27,Not_through_referral
8255,8/13/18 16:52,FEMALE,NA,1996-01-10,Not_through_referral
8256,6/10/18 22:39,MALE,NA,1987-02-04,Installed_through_referral
8257,6/8/18 19:57,MALE,NA,2018-06-08,Installed_through_referral
8258,6/19/18 20:00,MALE,NA,1988-12-02,Not_through_referral
8259,6/18/18 20:42,MALE,NA,1992-12-12,Not_through_referral
8260,7/1/18 0:03,MALE,NA,2018-06-07,Not_through_referral
8261,7/8/18 18:26,MALE,NA,2018-07-08,Installed_through_referral
8262,7/16/18 19:32,MALE,NA,1998-10-16,Not_through_referral
8263,7/19/18 13:17,FEMALE,NA,1990-12-18,Not_through_referral
8264,8/2/18 16:24,MALE,NA,1996-11-27,Installed_through_referral
8265,8/11/18 19:34,MALE,NA,1997-04-14,Not_through_referral
8266,6/12/18 12:27,MALE,NA,1983-07-05,Installed_through_referral
8267,6/16/18 23:24,MALE,NA,1974-09-30,Not_through_referral
8268,6/24/18 2:23,MALE,NA,1994-05-03,Installed_through_referral
8269,6/22/18 21:37,MALE,NA,1998-04-10,Not_through_referral
8270,6/27/18 11:26,MALE,NA,1998-01-24,Not_through_referral
8271,7/19/18 14:52,MALE,NA,1986-09-22,Not_through_referral
8272,7/12/18 23:20,MALE,NA,1995-12-21,Not_through_referral
8273,8/8/18 21:56,FEMALE,NA,1995-07-23,Installed_through_referral
8274,6/9/18 1:48,MALE,NA,1966-03-09,Not_through_referral
8275,6/6/18 23:08,MALE,NA,1994-04-30,Not_through_referral
8276,6/20/18 18:21,FEMALE,NA,1986-06-21,Installed_through_referral
8277,6/23/18 21:28,MALE,NA,1967-06-18,Not_through_referral
8278,7/19/18 21:18,MALE,NA,1998-03-19,Not_through_referral
8279,7/21/18 19:23,MALE,NA,2008-12-15,Installed_through_referral
8280,7/21/18 21:43,MALE,NA,2018-07-07,Not_through_referral
8281,6/27/18 18:32,MALE,NA,1970-05-13,Not_through_referral
8282,6/29/18 18:18,MALE,NA,2018-06-29,Installed_through_referral
8283,7/7/18 19:22,MALE,NA,1995-02-01,Not_through_referral
8284,7/31/18 0:53,MALE,NA,1999-01-10,Not_through_referral
8285,8/2/18 12:38,MALE,NA,1990-06-02,Not_through_referral
8286,8/4/18 17:35,MALE,NA,1994-10-18,Not_through_referral
8287,8/21/18 15:07,MALE,NA,1999-08-08,Installed_through_referral
8288,8/25/18 16:24,MALE,NA,1988-05-10,Not_through_referral
8289,9/4/18 11:04,MALE,NA,1999-04-02,Installed_through_referral
8290,9/29/18 18:25,FEMALE,NA,1986-01-07,Not_through_referral
8291,8/30/18 12:26,MALE,NA,1996-08-22,Installed_through_referral
8292,9/1/18 21:25,MALE,NA,1997-08-18,Not_through_referral
8293,8/20/18 10:04,MALE,NA,2018-08-20,Installed_through_referral
8294,8/26/18 17:40,FEMALE,NA,1992-03-18,Not_through_referral
8295,8/26/18 15:17,MALE,NA,1993-03-30,Not_through_referral
8296,9/4/18 8:31,MALE,NA,2018-06-06,Not_through_referral
8297,8/29/18 22:14,MALE,NA,2018-06-01,Not_through_referral
8298,9/8/18 18:41,MALE,NA,1999-09-22,Not_through_referral
8299,9/26/18 19:35,FEMALE,NA,1992-10-22,Not_through_referral
8300,8/16/18 14:40,MALE,NA,1989-07-12,Not_through_referral
8301,8/16/18 20:40,MALE,NA,1988-09-02,Not_through_referral
8302,8/27/18 18:59,MALE,NA,1990-09-10,Installed_through_referral
8303,9/29/18 20:39,MALE,NA,1995-10-17,Not_through_referral
8304,8/16/18 11:50,MALE,NA,1973-09-05,Not_through_referral
8305,8/22/18 15:03,MALE,NA,1992-06-04,Installed_through_referral
8306,8/31/18 21:02,MALE,NA,1999-02-16,Not_through_referral
8307,9/16/18 8:17,MALE,NA,2018-09-03,Not_through_referral
8308,9/8/18 17:40,FEMALE,NA,1999-01-16,Installed_through_referral
8309,9/27/18 16:31,FEMALE,NA,2018-09-25,Installed_through_referral
8310,9/4/18 17:21,FEMALE,NA,1990-05-01,Not_through_referral
8311,8/23/18 13:10,MALE,NA,1993-06-06,Not_through_referral
8312,8/18/18 18:17,MALE,NA,1967-04-28,Not_through_referral
8313,9/18/18 15:57,MALE,NA,2018-09-14,Not_through_referral
8314,8/19/18 16:42,FEMALE,NA,1997-12-01,Installed_through_referral
8315,9/3/18 11:56,MALE,NA,1998-05-27,Installed_through_referral
8316,8/26/18 22:14,FEMALE,NA,2000-11-09,Not_through_referral
8317,8/25/18 21:47,MALE,NA,1993-09-10,Not_through_referral
8318,6/21/18 13:34,MALE,NA,1996-09-12,Installed_through_referral
8319,6/15/18 12:04,MALE,NA,1974-04-07,Installed_through_referral
8320,6/16/18 17:44,MALE,NA,2018-06-16,Not_through_referral
8321,6/27/18 20:49,MALE,NA,1996-08-06,Installed_through_referral
8322,6/22/18 21:50,MALE,NA,1989-06-01,Not_through_referral
8323,6/28/18 11:55,MALE,NA,1999-10-11,Not_through_referral
8324,7/8/18 11:39,MALE,NA,1994-02-03,Not_through_referral
8325,7/24/18 9:23,MALE,NA,2018-07-19,Not_through_referral
8326,6/10/18 21:50,FEMALE,NA,2002-05-07,Not_through_referral
8327,6/15/18 16:41,MALE,NA,1978-10-21,Not_through_referral
8328,6/18/18 19:53,MALE,NA,1978-11-11,Not_through_referral
8329,6/16/18 13:19,FEMALE,NA,2018-02-14,Not_through_referral
8330,8/2/18 16:34,MALE,NA,2018-05-23,Not_through_referral
8331,8/8/18 19:15,MALE,NA,2018-08-08,Not_through_referral
8332,8/11/18 9:48,FEMALE,NA,2018-01-01,Not_through_referral
8333,6/6/18 13:25,MALE,NA,1974-04-20,Not_through_referral
8334,6/20/18 22:44,FEMALE,NA,1993-07-19,Not_through_referral
8335,6/16/18 3:02,MALE,NA,1989-02-10,Installed_through_referral
8336,6/13/18 16:59,MALE,NA,1991-09-05,Not_through_referral
8337,7/30/18 7:22,FEMALE,NA,1997-12-04,Not_through_referral
8338,6/5/18 22:30,MALE,NA,1989-03-28,Not_through_referral
8339,6/6/18 19:45,MALE,NA,1994-08-17,Not_through_referral
8340,6/11/18 20:19,MALE,NA,2018-06-11,Installed_through_referral
8341,6/10/18 13:51,MALE,NA,2018-06-10,Installed_through_referral
8342,6/14/18 17:42,MALE,NA,2018-06-14,Not_through_referral
8343,6/14/18 13:19,FEMALE,NA,1994-06-20,Not_through_referral
8344,6/29/18 15:13,FEMALE,NA,1995-12-15,Not_through_referral
8345,7/12/18 17:32,MALE,NA,1994-12-09,Not_through_referral
8346,7/15/18 11:12,MALE,NA,1995-09-15,Not_through_referral
8347,7/15/18 22:31,FEMALE,NA,1999-04-14,Not_through_referral
8348,7/23/18 11:45,MALE,NA,1992-08-13,Not_through_referral
8349,8/11/18 19:31,MALE,NA,1982-08-11,Installed_through_referral
8350,8/8/18 18:12,MALE,NA,1996-01-25,Installed_through_referral
8351,6/3/18 15:10,FEMALE,NA,1991-09-28,Installed_through_referral
8352,6/12/18 15:51,MALE,NA,1999-08-31,Not_through_referral
8353,6/18/18 13:12,FEMALE,NA,1993-03-10,Installed_through_referral
8354,6/25/18 16:22,MALE,NA,2018-06-25,Not_through_referral
8355,6/24/18 16:44,FEMALE,NA,1991-11-17,Installed_through_referral
8356,6/28/18 20:08,MALE,NA,1992-06-19,Not_through_referral
8357,7/2/18 16:06,FEMALE,NA,1996-11-08,Installed_through_referral
8358,7/17/18 20:46,MALE,NA,2001-10-14,Not_through_referral
8359,7/30/18 17:48,MALE,NA,1962-04-06,Installed_through_referral
8360,7/31/18 16:43,MALE,NA,2001-08-08,Not_through_referral
8361,8/8/18 21:05,MALE,NA,2018-08-08,Not_through_referral
8362,6/1/18 18:46,MALE,NA,2002-02-28,Not_through_referral
8363,6/15/18 17:21,MALE,NA,2000-03-22,Installed_through_referral
8364,6/25/18 14:22,MALE,NA,1990-09-08,Installed_through_referral
8365,7/12/18 11:54,MALE,NA,1973-04-22,Installed_through_referral
8366,7/6/18 17:12,MALE,NA,1986-02-14,Not_through_referral
8367,7/14/18 12:43,MALE,NA,1993-07-12,Not_through_referral
8368,7/15/18 1:35,MALE,NA,1992-07-31,Not_through_referral
8369,8/3/18 17:19,MALE,NA,1995-08-06,Installed_through_referral
8370,6/15/18 19:41,MALE,NA,2001-12-28,Installed_through_referral
8371,7/12/18 10:49,MALE,NA,2018-07-04,Not_through_referral
8372,7/30/18 7:31,FEMALE,NA,1997-03-15,Installed_through_referral
8373,6/5/18 21:04,MALE,NA,1996-12-26,Installed_through_referral
8374,6/10/18 16:01,MALE,NA,2018-06-08,Not_through_referral
8375,7/4/18 11:54,FEMALE,NA,1990-10-29,Not_through_referral
8376,7/12/18 12:08,MALE,NA,1997-10-09,Installed_through_referral
8377,7/16/18 12:19,MALE,NA,1997-02-03,Not_through_referral
8378,7/15/18 19:28,MALE,NA,2018-06-23,Not_through_referral
8379,7/18/18 12:28,MALE,NA,1993-07-23,Not_through_referral
8380,8/7/18 11:33,MALE,NA,2000-04-06,Not_through_referral
8381,6/2/18 14:54,FEMALE,NA,2018-01-02,Not_through_referral
8382,6/11/18 17:13,FEMALE,NA,1989-09-23,Not_through_referral
8383,6/8/18 13:13,FEMALE,NA,1989-06-01,Not_through_referral
8384,6/17/18 17:52,MALE,NA,1996-07-20,Installed_through_referral
8385,6/28/18 13:15,MALE,NA,2005-06-28,Not_through_referral
8386,6/22/18 19:11,MALE,NA,1981-12-12,Not_through_referral
8387,7/3/18 11:01,FEMALE,NA,1991-06-25,Installed_through_referral
8388,7/18/18 16:46,MALE,NA,1999-07-18,Not_through_referral
8389,7/19/18 23:22,MALE,NA,1984-09-30,Installed_through_referral
8390,7/21/18 19:10,MALE,NA,2018-07-21,Not_through_referral
8391,7/26/18 18:59,MALE,NA,2018-04-27,Not_through_referral
8392,8/11/18 17:47,MALE,NA,1991-05-13,Not_through_referral
8393,8/11/18 13:53,MALE,NA,2018-08-11,Not_through_referral
8394,6/11/18 14:21,MALE,NA,1996-02-25,Not_through_referral
8395,6/17/18 13:45,MALE,NA,1988-05-22,Not_through_referral
8396,6/29/18 18:53,MALE,NA,1989-10-03,Not_through_referral
8397,6/27/18 20:23,FEMALE,NA,1997-05-21,Not_through_referral
8398,6/24/18 10:40,MALE,NA,1991-06-21,Not_through_referral
8399,7/3/18 16:54,MALE,NA,1997-07-29,Installed_through_referral
8400,7/20/18 12:13,MALE,NA,1987-11-04,Installed_through_referral
8401,8/8/18 21:06,FEMALE,NA,1995-09-18,Not_through_referral
8402,8/4/18 19:17,MALE,NA,1995-04-07,Not_through_referral
8403,8/16/18 17:09,MALE,NA,1992-08-21,Not_through_referral
8404,9/1/18 17:51,MALE,NA,2018-09-01,Installed_through_referral
8405,9/23/18 2:04,MALE,NA,2001-02-16,Not_through_referral
8406,8/24/18 16:57,NA,NA,1900-01-00,Not_through_referral
8407,9/17/18 12:02,MALE,NA,1999-09-18,Not_through_referral
8408,9/26/18 12:32,MALE,NA,1996-09-26,Not_through_referral
8409,8/20/18 19:24,MALE,NA,1976-08-05,Not_through_referral
8410,8/24/18 2:35,MALE,NA,1999-02-12,Not_through_referral
8411,8/28/18 14:00,MALE,NA,1998-04-03,Not_through_referral
8412,9/16/18 19:54,FEMALE,NA,1987-09-16,Not_through_referral
8413,8/15/18 23:05,MALE,NA,1996-08-15,Not_through_referral
8414,8/19/18 11:16,MALE,NA,2000-08-15,Installed_through_referral
8415,9/3/18 15:43,MALE,NA,2000-05-05,Not_through_referral
8416,8/20/18 10:01,MALE,NA,1992-08-21,Not_through_referral
8417,8/20/18 13:57,MALE,NA,2004-08-20,Not_through_referral
8418,9/3/18 17:51,FEMALE,NA,1999-05-18,Not_through_referral
8419,9/29/18 22:28,MALE,NA,1996-07-15,Not_through_referral
8420,8/19/18 16:21,MALE,NA,2018-08-19,Installed_through_referral
8421,8/20/18 17:04,MALE,NA,1999-02-25,Installed_through_referral
8422,9/5/18 16:36,FEMALE,NA,1998-09-15,Installed_through_referral
8423,8/23/18 20:07,MALE,NA,1998-02-15,Installed_through_referral
8424,8/24/18 16:10,MALE,NA,1992-06-18,Installed_through_referral
8425,9/5/18 21:36,MALE,NA,1995-12-22,Installed_through_referral
8426,8/31/18 7:56,FEMALE,NA,1999-07-09,Not_through_referral
8427,9/23/18 18:27,MALE,NA,1993-11-30,Not_through_referral
8428,6/6/18 15:15,FEMALE,NA,1993-12-29,Installed_through_referral
8429,6/4/18 8:27,MALE,NA,1994-11-08,Installed_through_referral
8430,6/4/18 17:22,FEMALE,NA,1997-06-04,Not_through_referral
8431,6/4/18 16:07,MALE,NA,2018-06-01,Not_through_referral
8432,6/14/18 22:27,MALE,NA,1998-07-01,Not_through_referral
8433,6/16/18 19:25,MALE,NA,1990-06-16,Installed_through_referral
8434,6/19/18 10:41,FEMALE,NA,1994-08-29,Not_through_referral
8435,7/16/18 17:44,MALE,NA,1976-09-29,Installed_through_referral
8436,8/5/18 12:18,MALE,NA,2018-08-05,Installed_through_referral
8437,8/13/18 19:16,MALE,NA,1992-08-13,Not_through_referral
8438,6/10/18 14:16,MALE,NA,2018-06-07,Installed_through_referral
8439,7/13/18 17:50,MALE,NA,2018-07-13,Not_through_referral
8440,7/18/18 12:12,MALE,NA,2018-07-18,Not_through_referral
8441,8/13/18 11:40,MALE,NA,1987-08-08,Not_through_referral
8442,6/10/18 13:30,MALE,NA,1991-05-24,Installed_through_referral
8443,6/15/18 18:40,FEMALE,NA,1989-08-31,Not_through_referral
8444,6/22/18 15:32,MALE,NA,2000-05-27,Not_through_referral
8445,6/29/18 13:15,FEMALE,NA,1998-06-11,Not_through_referral
8446,7/16/18 14:58,MALE,NA,1998-07-16,Installed_through_referral
8447,7/26/18 0:59,FEMALE,NA,1979-07-25,Not_through_referral
8448,7/24/18 17:06,MALE,NA,1988-04-30,Installed_through_referral
8449,8/10/18 14:01,FEMALE,NA,1998-09-28,Installed_through_referral
8450,6/23/18 20:23,FEMALE,NA,1997-08-06,Not_through_referral
8451,6/30/18 17:16,MALE,NA,1990-05-30,Not_through_referral
8452,6/25/18 16:26,MALE,NA,1992-04-21,Installed_through_referral
8453,6/23/18 18:21,MALE,NA,1993-08-31,Not_through_referral
8454,7/9/18 15:38,MALE,NA,2018-07-09,Installed_through_referral
8455,7/1/18 17:58,FEMALE,NA,1992-06-13,Not_through_referral
8456,7/16/18 22:06,MALE,NA,2018-07-04,Not_through_referral
8457,6/5/18 19:56,FEMALE,NA,1965-06-05,Installed_through_referral
8458,6/19/18 12:13,MALE,NA,1997-06-12,Not_through_referral
8459,6/23/18 0:49,FEMALE,NA,1994-10-15,Not_through_referral
8460,6/27/18 13:46,MALE,NA,2001-02-16,Not_through_referral
8461,7/6/18 15:23,MALE,NA,1983-11-29,Installed_through_referral
8462,7/10/18 1:42,MALE,NA,1989-07-25,Not_through_referral
8463,6/7/18 18:12,MALE,NA,2018-05-19,Installed_through_referral
8464,6/9/18 19:01,FEMALE,NA,2018-02-12,Not_through_referral
8465,6/11/18 23:05,MALE,NA,1998-10-14,Not_through_referral
8466,6/19/18 17:23,FEMALE,NA,1995-02-21,Not_through_referral
8467,6/16/18 14:48,MALE,NA,2018-06-16,Not_through_referral
8468,6/19/18 22:03,MALE,NA,1998-02-27,Installed_through_referral
8469,6/28/18 9:21,FEMALE,NA,1988-10-25,Not_through_referral
8470,6/27/18 13:04,MALE,NA,1982-11-16,Not_through_referral
8471,7/9/18 20:19,MALE,NA,1996-06-15,Installed_through_referral
8472,7/19/18 21:27,MALE,NA,2018-07-09,Installed_through_referral
8473,7/25/18 14:49,MALE,NA,1984-06-02,Not_through_referral
8474,8/5/18 10:49,MALE,NA,1999-09-15,Not_through_referral
8475,6/1/18 13:46,MALE,NA,1991-07-15,Installed_through_referral
8476,6/10/18 18:11,FEMALE,NA,1992-06-11,Not_through_referral
8477,6/26/18 9:47,MALE,NA,1992-01-29,Not_through_referral
8478,8/5/18 16:46,MALE,NA,1985-10-03,Not_through_referral
8479,8/6/18 12:25,FEMALE,NA,2001-03-01,Not_through_referral
8480,6/1/18 17:53,MALE,NA,1989-06-10,Not_through_referral
8481,6/7/18 20:27,FEMALE,NA,1994-11-20,Not_through_referral
8482,6/18/18 15:07,MALE,NA,1992-05-01,Not_through_referral
8483,6/20/18 16:22,MALE,NA,2018-06-20,Installed_through_referral
8484,7/13/18 12:07,MALE,NA,1997-07-21,Not_through_referral
8485,7/25/18 13:51,MALE,NA,2018-07-25,Installed_through_referral
8486,8/8/18 9:57,FEMALE,NA,2017-10-10,Not_through_referral
8487,8/11/18 9:11,MALE,NA,1991-04-28,Installed_through_referral
8488,6/29/18 19:47,MALE,NA,2018-06-29,Not_through_referral
8489,7/5/18 15:39,FEMALE,NA,1987-08-22,Not_through_referral
8490,8/2/18 11:18,MALE,NA,1992-08-15,Installed_through_referral
8491,8/11/18 15:52,MALE,NA,1993-04-17,Not_through_referral
8492,6/14/18 14:42,MALE,NA,1992-04-24,Not_through_referral
8493,7/28/18 0:50,MALE,NA,1998-11-21,Not_through_referral
8494,7/24/18 15:01,FEMALE,NA,1996-01-23,Installed_through_referral
8495,7/23/18 0:58,MALE,NA,1997-07-23,Not_through_referral
8496,8/6/18 18:43,MALE,NA,1993-08-06,Not_through_referral
8497,9/1/18 14:43,FEMALE,NA,2018-09-01,Not_through_referral
8498,9/2/18 16:15,MALE,NA,1972-07-30,Not_through_referral
8499,9/14/18 11:58,FEMALE,NA,1992-05-04,Not_through_referral
8500,9/25/18 13:53,MALE,NA,1992-09-06,Not_through_referral
8501,8/17/18 10:37,MALE,NA,2018-08-17,Installed_through_referral
8502,8/19/18 14:43,FEMALE,NA,1996-08-13,Installed_through_referral
8503,8/26/18 22:42,FEMALE,NA,2017-11-19,Not_through_referral
8504,8/26/18 11:21,MALE,NA,1986-06-12,Not_through_referral
8505,9/12/18 14:43,MALE,NA,1987-10-04,Not_through_referral
8506,9/19/18 16:13,MALE,NA,1999-12-27,Not_through_referral
8507,9/28/18 18:35,MALE,NA,1999-11-27,Installed_through_referral
8508,9/4/18 19:13,FEMALE,NA,2000-01-16,Not_through_referral
8509,9/9/18 13:13,MALE,NA,2018-05-01,Not_through_referral
8510,8/21/18 1:45,MALE,NA,1985-05-10,Not_through_referral
8511,9/4/18 8:33,MALE,NA,1990-09-04,Installed_through_referral
8512,9/4/18 16:38,MALE,NA,2018-09-04,Installed_through_referral
8513,8/31/18 11:15,MALE,NA,2018-08-29,Installed_through_referral
8514,8/31/18 16:57,MALE,NA,2002-06-08,Not_through_referral
8515,9/15/18 20:36,FEMALE,NA,1989-08-20,Not_through_referral
8516,8/20/18 19:33,FEMALE,NA,1996-06-11,Not_through_referral
8517,8/25/18 18:53,MALE,NA,1974-01-26,Not_through_referral
8518,8/28/18 15:39,MALE,NA,1993-11-13,Not_through_referral
8519,9/28/18 13:09,FEMALE,NA,1994-07-26,Not_through_referral
8520,8/29/18 21:11,MALE,NA,1983-06-04,Not_through_referral
8521,9/7/18 10:13,FEMALE,NA,1995-09-24,Not_through_referral
8522,8/18/18 15:33,MALE,NA,2018-08-18,Installed_through_referral
8523,9/4/18 11:45,MALE,NA,1984-03-24,Not_through_referral
8524,8/28/18 12:13,MALE,NA,1989-02-12,Not_through_referral
8525,9/6/18 13:10,MALE,NA,2018-09-06,Installed_through_referral
8526,8/17/18 17:49,FEMALE,NA,2018-08-17,Not_through_referral
8527,8/15/18 15:54,MALE,NA,2018-08-15,Installed_through_referral
8528,8/26/18 15:54,MALE,NA,2018-08-19,Not_through_referral
8529,9/6/18 11:36,MALE,NA,2000-12-19,Installed_through_referral
8530,9/26/18 16:22,FEMALE,NA,1997-08-12,Installed_through_referral
8531,9/27/18 18:51,MALE,NA,1990-05-11,Not_through_referral
8532,6/6/18 11:42,FEMALE,NA,2018-06-06,Installed_through_referral
8533,6/15/18 22:39,MALE,NA,1978-06-29,Installed_through_referral
8534,6/15/18 20:45,MALE,NA,2014-08-14,Not_through_referral
8535,6/20/18 14:16,MALE,NA,1992-11-09,Installed_through_referral
8536,6/26/18 20:03,MALE,NA,2004-06-01,Installed_through_referral
8537,6/2/18 19:46,MALE,NA,1988-09-11,Not_through_referral
8538,6/4/18 18:44,FEMALE,NA,1993-09-28,Installed_through_referral
8539,6/12/18 16:24,FEMALE,NA,1993-10-12,Installed_through_referral
8540,6/28/18 18:02,FEMALE,NA,1993-02-25,Not_through_referral
8541,7/27/18 20:56,FEMALE,NA,1985-12-13,Not_through_referral
8542,8/1/18 10:43,MALE,NA,1985-12-04,Not_through_referral
8543,6/3/18 14:11,MALE,NA,1993-03-12,Not_through_referral
8544,6/6/18 19:45,MALE,NA,1986-01-02,Not_through_referral
8545,6/10/18 15:34,MALE,NA,1995-11-21,Installed_through_referral
8546,6/10/18 3:10,MALE,NA,1994-05-04,Not_through_referral
8547,6/17/18 15:14,MALE,NA,2018-06-17,Not_through_referral
8548,6/20/18 20:56,MALE,NA,1991-08-12,Not_through_referral
8549,6/25/18 16:00,MALE,NA,1996-01-14,Not_through_referral
8550,7/6/18 14:48,MALE,NA,1995-05-29,Not_through_referral
8551,7/27/18 15:52,MALE,NA,1998-09-01,Not_through_referral
8552,8/9/18 12:48,FEMALE,NA,1994-03-10,Installed_through_referral
8553,6/4/18 13:21,MALE,NA,1973-10-08,Not_through_referral
8554,6/8/18 13:10,MALE,NA,2018-04-07,Installed_through_referral
8555,6/9/18 11:35,MALE,NA,2017-12-08,Not_through_referral
8556,6/5/18 16:25,MALE,NA,1994-06-05,Not_through_referral
8557,6/26/18 16:21,MALE,NA,1967-05-09,Not_through_referral
8558,6/25/18 13:24,FEMALE,NA,1994-04-05,Not_through_referral
8559,6/26/18 12:25,FEMALE,NA,1989-09-01,Installed_through_referral
8560,6/24/18 11:53,FEMALE,NA,1990-04-26,Not_through_referral
8561,7/12/18 11:38,FEMALE,NA,1993-07-12,Not_through_referral
8562,7/5/18 14:36,MALE,NA,1997-10-05,Not_through_referral
8563,7/22/18 6:17,MALE,NA,2000-12-24,Not_through_referral
8564,7/14/18 12:36,MALE,NA,1996-09-28,Not_through_referral
8565,8/10/18 22:55,MALE,NA,1985-07-19,Installed_through_referral
8566,8/7/18 17:35,MALE,NA,1992-08-17,Not_through_referral
8567,8/6/18 18:25,FEMALE,NA,2000-10-08,Not_through_referral
8568,8/14/18 20:59,MALE,NA,1999-09-20,Not_through_referral
8569,6/9/18 21:37,FEMALE,NA,1999-08-11,Not_through_referral
8570,6/5/18 16:51,MALE,NA,1992-07-17,Not_through_referral
8571,6/4/18 18:08,MALE,NA,2000-07-18,Not_through_referral
8572,6/12/18 22:05,MALE,NA,1983-07-16,Not_through_referral
8573,6/15/18 17:26,MALE,NA,1996-07-18,Installed_through_referral
8574,6/25/18 20:13,MALE,NA,1998-06-02,Not_through_referral
8575,7/7/18 15:56,FEMALE,NA,1992-06-22,Not_through_referral
8576,8/13/18 7:52,MALE,NA,1997-08-10,Not_through_referral
8577,6/3/18 11:44,MALE,NA,1982-03-25,Installed_through_referral
8578,6/14/18 20:48,MALE,NA,1986-04-27,Not_through_referral
8579,6/19/18 16:28,MALE,NA,2018-06-19,Not_through_referral
8580,6/20/18 11:39,MALE,NA,1993-07-07,Not_through_referral
8581,6/20/18 17:56,MALE,NA,1995-06-15,Installed_through_referral
8582,6/19/18 9:20,MALE,NA,1983-11-18,Installed_through_referral
8583,6/24/18 13:57,FEMALE,NA,2018-06-13,Not_through_referral
8584,6/23/18 11:38,FEMALE,NA,1994-04-14,Installed_through_referral
8585,7/2/18 9:23,MALE,NA,1995-12-25,Not_through_referral
8586,7/31/18 19:18,MALE,NA,1997-09-04,Not_through_referral
8587,7/23/18 17:08,MALE,NA,2003-10-16,Not_through_referral
8588,8/1/18 13:59,MALE,NA,1989-11-06,Installed_through_referral
8589,8/4/18 20:43,NA,NA,1900-01-00,Not_through_referral
8590,6/1/18 17:09,MALE,NA,2018-06-01,Not_through_referral
8591,6/6/18 13:31,MALE,NA,1979-05-28,Not_through_referral
8592,6/15/18 12:26,MALE,NA,1980-09-21,Not_through_referral
8593,6/18/18 22:14,MALE,NA,1989-08-25,Not_through_referral
8594,6/30/18 15:02,MALE,NA,2018-06-30,Installed_through_referral
8595,7/12/18 0:46,MALE,NA,2018-07-12,Not_through_referral
8596,7/16/18 16:44,MALE,NA,1996-02-25,Not_through_referral
8597,8/2/18 23:29,MALE,NA,1994-08-06,Installed_through_referral
8598,7/28/18 13:24,MALE,NA,1984-11-17,Not_through_referral
8599,6/25/18 21:12,MALE,NA,1974-12-22,Not_through_referral
8600,7/7/18 19:54,MALE,NA,2018-06-14,Installed_through_referral
8601,7/27/18 19:27,FEMALE,NA,2016-02-11,Not_through_referral
8602,8/1/18 16:34,MALE,NA,2000-04-26,Installed_through_referral
8603,7/29/18 16:49,MALE,NA,1999-03-08,Not_through_referral
8604,8/2/18 20:48,MALE,NA,1992-12-05,Not_through_referral
8605,8/9/18 18:00,FEMALE,NA,1995-12-18,Installed_through_referral
8606,8/8/18 9:40,MALE,NA,2018-08-15,Installed_through_referral
8607,6/3/18 14:52,FEMALE,NA,1984-06-30,Installed_through_referral
8608,6/11/18 14:06,MALE,NA,1990-06-21,Not_through_referral
8609,7/31/18 23:36,MALE,NA,2018-07-31,Not_through_referral
8610,7/30/18 18:30,MALE,NA,1993-08-01,Not_through_referral
8611,6/10/18 19:50,FEMALE,NA,1991-05-03,Not_through_referral
8612,6/16/18 21:58,FEMALE,NA,1991-11-03,Not_through_referral
8613,6/20/18 13:39,FEMALE,NA,1997-09-29,Not_through_referral
8614,7/6/18 19:52,MALE,NA,1977-09-16,Not_through_referral
8615,7/15/18 16:41,FEMALE,NA,1988-04-17,Installed_through_referral
8616,7/13/18 15:04,MALE,NA,1991-07-03,Not_through_referral
8617,8/1/18 20:34,MALE,NA,1994-09-04,Not_through_referral
8618,8/28/18 13:41,MALE,NA,2018-08-28,Installed_through_referral
8619,9/2/18 18:08,MALE,NA,1992-09-02,Installed_through_referral
8620,9/15/18 20:19,MALE,NA,1991-12-19,Not_through_referral
8621,8/20/18 22:05,FEMALE,NA,1989-08-20,Installed_through_referral
8622,9/4/18 17:08,FEMALE,NA,1996-11-29,Installed_through_referral
8623,9/26/18 15:57,MALE,NA,2018-09-26,Installed_through_referral
8624,8/20/18 9:27,MALE,NA,1992-01-14,Not_through_referral
8625,8/24/18 11:37,MALE,NA,1998-12-10,Not_through_referral
8626,9/3/18 12:27,MALE,NA,1999-11-16,Not_through_referral
8627,8/15/18 20:24,FEMALE,NA,1996-11-02,Not_through_referral
8628,8/24/18 12:20,MALE,NA,1998-04-30,Installed_through_referral
8629,9/14/18 23:12,MALE,NA,1984-08-15,Not_through_referral
8630,9/7/18 22:35,FEMALE,NA,1993-06-22,Not_through_referral
8631,9/4/18 0:54,MALE,NA,2018-09-04,Not_through_referral
8632,8/27/18 14:56,MALE,NA,1974-10-07,Installed_through_referral
8633,9/15/18 13:19,MALE,NA,1992-09-24,Not_through_referral
8634,9/24/18 19:52,MALE,NA,1985-04-14,Not_through_referral
8635,8/20/18 18:33,FEMALE,NA,2018-08-20,Not_through_referral
8636,9/2/18 15:37,MALE,NA,1995-08-16,Not_through_referral
8637,8/25/18 22:43,MALE,NA,2018-08-25,Installed_through_referral
8638,9/15/18 11:42,MALE,NA,1998-03-16,Installed_through_referral
8639,9/24/18 20:29,MALE,NA,2018-09-09,Not_through_referral
8640,8/17/18 12:58,FEMALE,NA,1995-08-18,Installed_through_referral
8641,8/17/18 21:16,MALE,NA,2018-08-17,Not_through_referral
8642,9/28/18 19:23,MALE,NA,2018-09-03,Installed_through_referral
8643,9/6/18 14:29,MALE,NA,2017-09-07,Installed_through_referral
8644,9/21/18 14:14,FEMALE,NA,1978-06-16,Not_through_referral
8645,8/19/18 19:10,MALE,NA,1993-04-08,Installed_through_referral
8646,8/28/18 5:20,MALE,NA,1984-12-01,Not_through_referral
8647,8/27/18 20:48,MALE,NA,1997-08-20,Not_through_referral
8648,9/16/18 15:21,NA,NA,1900-01-00,Not_through_referral
8649,8/20/18 12:25,NA,NA,1900-01-00,Not_through_referral
8650,9/29/18 10:54,FEMALE,NA,1998-04-18,Not_through_referral
8651,6/2/18 17:22,FEMALE,NA,1998-04-29,Not_through_referral
8652,6/11/18 12:25,FEMALE,NA,1994-08-29,Not_through_referral
8653,6/12/18 11:10,FEMALE,NA,1994-04-07,Installed_through_referral
8654,6/6/18 17:53,MALE,NA,1988-05-30,Not_through_referral
8655,6/18/18 15:39,MALE,NA,2018-06-18,Not_through_referral
8656,6/30/18 17:21,MALE,NA,1995-06-13,Installed_through_referral
8657,6/30/18 18:02,FEMALE,NA,1994-01-27,Not_through_referral
8658,6/22/18 15:33,MALE,NA,1990-02-05,Installed_through_referral
8659,7/1/18 23:17,MALE,NA,1999-05-07,Not_through_referral
8660,7/17/18 13:47,MALE,NA,2000-07-15,Not_through_referral
8661,7/21/18 14:50,MALE,NA,2018-07-04,Not_through_referral
8662,8/1/18 16:48,MALE,NA,1986-08-01,Not_through_referral
8663,8/7/18 18:55,FEMALE,NA,1996-08-27,Not_through_referral
8664,6/8/18 20:48,FEMALE,NA,1960-01-05,Not_through_referral
8665,6/19/18 17:59,MALE,NA,1994-05-19,Installed_through_referral
8666,6/27/18 19:16,MALE,NA,1987-07-03,Installed_through_referral
8667,7/8/18 14:15,FEMALE,NA,1962-09-06,Not_through_referral
8668,7/1/18 13:12,FEMALE,NA,1998-07-22,Installed_through_referral
8669,7/11/18 19:53,FEMALE,NA,2016-11-18,Not_through_referral
8670,7/16/18 12:32,MALE,NA,2000-08-26,Not_through_referral
8671,8/11/18 11:08,MALE,NA,1987-02-10,Not_through_referral
8672,6/9/18 16:19,FEMALE,NA,1984-01-16,Not_through_referral
8673,6/16/18 20:57,FEMALE,NA,1976-07-29,Not_through_referral
8674,6/26/18 18:22,MALE,NA,2018-06-26,Not_through_referral
8675,7/17/18 2:07,MALE,NA,1991-11-05,Not_through_referral
8676,7/20/18 18:10,MALE,NA,1997-01-30,Installed_through_referral
8677,7/12/18 20:53,MALE,NA,1996-10-29,Not_through_referral
8678,7/24/18 0:45,MALE,NA,1996-11-05,Not_through_referral
8679,6/12/18 17:22,MALE,NA,1981-08-16,Not_through_referral
8680,6/9/18 9:31,MALE,NA,1986-03-11,Not_through_referral
8681,6/5/18 17:43,FEMALE,NA,1993-06-04,Not_through_referral
8682,6/19/18 20:26,MALE,NA,2018-06-19,Not_through_referral
8683,6/17/18 16:24,MALE,NA,2018-06-17,Not_through_referral
8684,6/21/18 15:12,MALE,NA,1996-06-14,Not_through_referral
8685,6/25/18 15:04,MALE,NA,1995-03-11,Not_through_referral
8686,6/25/18 0:53,MALE,NA,1990-01-13,Not_through_referral
8687,6/25/18 15:07,MALE,NA,1986-07-22,Installed_through_referral
8688,7/1/18 17:25,MALE,NA,1993-07-08,Not_through_referral
8689,7/7/18 18:08,MALE,NA,1997-11-15,Not_through_referral
8690,7/3/18 12:38,FEMALE,NA,1993-02-23,Not_through_referral
8691,7/6/18 12:17,MALE,NA,1996-11-22,Installed_through_referral
8692,7/26/18 21:20,MALE,NA,1975-04-04,Not_through_referral
8693,8/2/18 20:07,MALE,NA,2018-08-02,Installed_through_referral
8694,8/3/18 19:06,FEMALE,NA,1994-10-29,Not_through_referral
8695,6/10/18 16:29,MALE,NA,1986-12-28,Not_through_referral
8696,6/17/18 17:31,MALE,NA,1997-05-07,Not_through_referral
8697,7/12/18 12:28,MALE,NA,1994-02-22,Not_through_referral
8698,7/8/18 21:37,NA,NA,1900-01-00,Installed_through_referral
8699,7/26/18 18:25,MALE,NA,1974-03-22,Installed_through_referral
8700,7/29/18 16:05,MALE,NA,2000-10-30,Not_through_referral
8701,7/24/18 21:47,MALE,NA,1994-05-30,Not_through_referral
8702,8/5/18 16:27,FEMALE,NA,1996-08-25,Not_through_referral
8703,8/5/18 11:14,MALE,NA,2000-11-24,Not_through_referral
8704,6/3/18 13:42,MALE,NA,1987-04-30,Not_through_referral
8705,6/26/18 18:29,FEMALE,NA,2018-06-26,Installed_through_referral
8706,7/10/18 13:40,FEMALE,NA,2018-07-10,Installed_through_referral
8707,7/27/18 17:15,MALE,NA,1993-03-06,Not_through_referral
8708,8/5/18 13:25,MALE,NA,1995-11-25,Not_through_referral
8709,6/12/18 21:28,MALE,NA,1995-01-01,Installed_through_referral
8710,6/3/18 15:46,MALE,NA,2018-06-03,Installed_through_referral
8711,6/15/18 22:49,MALE,NA,2003-06-12,Installed_through_referral
8712,6/19/18 14:48,MALE,NA,1999-07-07,Not_through_referral
8713,6/20/18 16:42,FEMALE,NA,1980-08-11,Not_through_referral
8714,7/9/18 19:44,FEMALE,NA,1992-05-22,Installed_through_referral
8715,7/31/18 19:10,MALE,NA,2018-07-31,Not_through_referral
8716,8/11/18 21:08,MALE,NA,2018-08-11,Not_through_referral
8717,8/13/18 18:28,MALE,NA,2001-08-21,Not_through_referral
8718,6/4/18 14:07,NA,NA,1900-01-00,Installed_through_referral
8719,6/12/18 23:11,MALE,NA,1996-04-19,Not_through_referral
8720,6/13/18 4:35,MALE,NA,1998-11-07,Installed_through_referral
8721,6/26/18 13:55,FEMALE,NA,1977-06-26,Installed_through_referral
8722,6/25/18 11:51,MALE,NA,2018-06-25,Not_through_referral
8723,7/14/18 13:58,FEMALE,NA,2008-01-17,Not_through_referral
8724,7/20/18 12:39,MALE,NA,1995-07-20,Not_through_referral
8725,6/7/18 17:32,MALE,NA,1989-03-03,Not_through_referral
8726,6/30/18 15:23,MALE,NA,1992-01-20,Not_through_referral
8727,6/28/18 20:48,FEMALE,NA,2000-11-26,Installed_through_referral
8728,7/12/18 13:58,MALE,NA,2018-07-12,Not_through_referral
8729,8/2/18 1:15,MALE,NA,1998-01-13,Installed_through_referral
8730,8/3/18 15:51,MALE,NA,1986-08-06,Installed_through_referral
8731,8/4/18 21:28,MALE,NA,1988-07-23,Not_through_referral
8732,8/6/18 2:36,MALE,NA,1999-04-10,Not_through_referral
8733,6/10/18 13:49,MALE,NA,2018-06-10,Installed_through_referral
8734,6/17/18 17:47,FEMALE,NA,1980-06-25,Not_through_referral
8735,6/25/18 12:32,MALE,NA,1981-03-08,Not_through_referral
8736,6/27/18 10:14,MALE,NA,1962-07-27,Not_through_referral
8737,6/27/18 9:54,MALE,NA,2018-06-23,Not_through_referral
8738,7/9/18 18:24,MALE,NA,1995-09-25,Not_through_referral
8739,8/20/18 11:03,FEMALE,NA,2000-06-22,Installed_through_referral
8740,8/17/18 16:37,MALE,NA,1968-05-13,Not_through_referral
8741,8/27/18 17:26,MALE,NA,1994-09-28,Installed_through_referral
8742,8/16/18 12:47,MALE,NA,1999-06-05,Not_through_referral
8743,9/22/18 14:10,MALE,NA,1993-09-13,Not_through_referral
8744,8/18/18 17:57,MALE,NA,2018-08-18,Not_through_referral
8745,8/19/18 17:56,FEMALE,NA,1984-08-05,Not_through_referral
8746,8/27/18 19:57,MALE,NA,2018-08-27,Installed_through_referral
8747,8/14/18 23:33,FEMALE,NA,1980-11-10,Not_through_referral
8748,8/28/18 11:14,MALE,NA,1998-07-18,Installed_through_referral
8749,8/22/18 1:17,MALE,NA,2018-08-11,Not_through_referral
8750,8/17/18 19:57,MALE,NA,1998-12-05,Not_through_referral
8751,9/14/18 20:05,MALE,NA,1992-07-23,Not_through_referral
8752,8/28/18 1:58,MALE,NA,1996-08-18,Installed_through_referral
8753,9/5/18 10:55,MALE,NA,1995-12-03,Not_through_referral
8754,9/10/18 8:24,FEMALE,NA,1997-09-29,Not_through_referral
8755,8/16/18 17:48,FEMALE,NA,1993-06-13,Not_through_referral
8756,8/16/18 2:14,MALE,NA,2018-08-25,Not_through_referral
8757,8/30/18 18:37,MALE,NA,1998-12-09,Not_through_referral
8758,9/3/18 12:01,MALE,NA,2007-05-07,Not_through_referral
8759,9/19/18 18:46,FEMALE,NA,1999-02-12,Not_through_referral
8760,9/12/18 18:06,MALE,NA,1985-03-12,Installed_through_referral
8761,9/9/18 20:37,FEMALE,NA,1984-09-09,Not_through_referral
8762,9/8/18 14:21,MALE,NA,1999-04-01,Not_through_referral
8763,9/25/18 19:03,MALE,NA,1993-12-31,Not_through_referral
8764,6/7/18 17:52,MALE,NA,1998-07-29,Installed_through_referral
8765,6/4/18 14:38,FEMALE,NA,1999-04-26,Not_through_referral
8766,6/6/18 14:48,FEMALE,NA,1997-05-25,Not_through_referral
8767,6/14/18 17:55,MALE,NA,1997-04-21,Not_through_referral
8768,6/13/18 19:29,FEMALE,NA,1995-12-16,Not_through_referral
8769,6/22/18 14:39,MALE,NA,2018-06-22,Installed_through_referral
8770,6/25/18 23:53,MALE,NA,1992-11-03,Not_through_referral
8771,6/27/18 15:46,NA,NA,1900-01-00,Not_through_referral
8772,7/8/18 16:02,NA,NA,1900-01-00,Not_through_referral
8773,7/7/18 17:36,MALE,NA,1992-02-01,Not_through_referral
8774,7/10/18 18:14,MALE,NA,1992-08-21,Not_through_referral
8775,7/24/18 20:21,MALE,NA,1968-01-12,Installed_through_referral
8776,8/7/18 18:53,MALE,NA,1991-07-21,Not_through_referral
8777,6/7/18 20:09,MALE,NA,1981-10-14,Not_through_referral
8778,6/7/18 13:28,MALE,NA,1984-04-22,Not_through_referral
8779,6/4/18 16:27,MALE,NA,2000-07-04,Not_through_referral
8780,6/9/18 13:52,MALE,NA,2018-06-09,Installed_through_referral
8781,6/23/18 17:35,MALE,NA,1965-05-11,Not_through_referral
8782,6/24/18 17:54,MALE,NA,1979-09-08,Installed_through_referral
8783,6/29/18 22:50,MALE,NA,2017-12-21,Not_through_referral
8784,7/5/18 11:27,FEMALE,NA,1982-03-12,Not_through_referral
8785,7/31/18 12:31,FEMALE,NA,1997-08-06,Not_through_referral
8786,8/10/18 0:11,MALE,NA,1996-08-14,Not_through_referral
8787,6/12/18 16:07,MALE,NA,2001-03-15,Installed_through_referral
8788,6/11/18 16:55,MALE,NA,2018-06-08,Installed_through_referral
8789,6/10/18 7:09,FEMALE,NA,1994-07-16,Not_through_referral
8790,6/13/18 21:57,MALE,NA,1984-04-22,Not_through_referral
8791,6/15/18 12:28,MALE,NA,2018-06-15,Not_through_referral
8792,7/15/18 21:29,MALE,NA,1985-11-02,Not_through_referral
8793,7/19/18 22:49,FEMALE,NA,1988-05-05,Not_through_referral
8794,8/7/18 20:44,MALE,NA,2018-08-07,Not_through_referral
8795,8/14/18 20:49,MALE,NA,1995-08-04,Not_through_referral
8796,8/7/18 19:26,MALE,NA,1996-09-11,Installed_through_referral
8797,6/11/18 14:42,FEMALE,NA,1986-04-04,Not_through_referral
8798,6/14/18 16:32,MALE,NA,1998-07-19,Not_through_referral
8799,6/30/18 8:05,MALE,NA,2018-02-15,Not_through_referral
8800,7/11/18 13:04,FEMALE,NA,1997-02-20,Installed_through_referral
8801,7/8/18 17:40,FEMALE,NA,1998-06-01,Installed_through_referral
8802,7/20/18 17:19,NA,NA,1900-01-00,Not_through_referral
8803,8/5/18 11:48,MALE,NA,1997-08-19,Installed_through_referral
8804,8/12/18 22:51,MALE,NA,1977-10-19,Not_through_referral
8805,6/20/18 17:44,FEMALE,NA,2018-06-09,Not_through_referral
8806,6/15/18 15:36,MALE,NA,2018-06-15,Not_through_referral
8807,6/20/18 21:47,MALE,NA,1988-10-31,Not_through_referral
8808,6/24/18 15:33,FEMALE,NA,1992-02-11,Installed_through_referral
8809,8/1/18 10:28,MALE,NA,2018-08-01,Installed_through_referral
8810,8/12/18 14:58,FEMALE,NA,1994-04-26,Not_through_referral
8811,6/2/18 17:19,MALE,NA,2018-06-02,Not_through_referral
8812,6/19/18 12:38,MALE,NA,2018-06-19,Not_through_referral
8813,6/17/18 11:58,FEMALE,NA,2018-04-06,Not_through_referral
8814,6/25/18 15:07,MALE,NA,1987-05-20,Installed_through_referral
8815,6/25/18 17:51,MALE,NA,1978-03-19,Not_through_referral
8816,7/8/18 8:59,MALE,NA,1999-12-30,Not_through_referral
8817,7/17/18 19:51,MALE,NA,1993-07-20,Not_through_referral
8818,7/18/18 18:17,FEMALE,NA,1998-11-27,Installed_through_referral
8819,7/31/18 1:56,MALE,NA,1997-04-16,Installed_through_referral
8820,8/2/18 21:01,MALE,NA,1982-08-02,Not_through_referral
8821,7/24/18 12:22,MALE,NA,1979-12-07,Not_through_referral
8822,6/23/18 22:31,MALE,NA,1990-01-27,Not_through_referral
8823,6/26/18 17:59,MALE,NA,1988-01-24,Not_through_referral
8824,7/3/18 18:36,MALE,NA,1994-07-03,Installed_through_referral
8825,7/6/18 11:49,FEMALE,NA,1994-11-15,Installed_through_referral
8826,7/7/18 19:59,MALE,NA,1992-07-24,Not_through_referral
8827,7/13/18 12:07,FEMALE,NA,1994-02-14,Not_through_referral
8828,7/20/18 1:42,MALE,NA,1994-09-20,Installed_through_referral
8829,8/2/18 18:43,MALE,NA,1993-09-19,Not_through_referral
8830,6/6/18 16:33,MALE,NA,2018-06-05,Not_through_referral
8831,7/19/18 17:36,FEMALE,NA,2018-07-01,Installed_through_referral
8832,7/26/18 12:42,MALE,NA,2018-07-26,Installed_through_referral
8833,8/5/18 17:14,MALE,NA,1998-08-14,Not_through_referral
8834,8/11/18 15:25,MALE,NA,1998-09-04,Installed_through_referral
8835,6/9/18 18:19,FEMALE,NA,1992-05-03,Not_through_referral
8836,6/11/18 22:00,FEMALE,NA,1994-04-24,Not_through_referral
8837,7/16/18 14:48,MALE,NA,1995-07-24,Installed_through_referral
8838,7/20/18 10:33,MALE,NA,2018-07-10,Not_through_referral
8839,7/22/18 17:35,FEMALE,NA,1977-04-03,Not_through_referral
8840,8/2/18 22:07,FEMALE,NA,1994-05-03,Not_through_referral
8841,8/8/18 17:43,FEMALE,NA,1997-08-08,Not_through_referral
8842,8/10/18 15:49,MALE,NA,1990-11-02,Not_through_referral
8843,7/5/18 19:02,MALE,NA,2017-07-24,Not_through_referral
8844,7/2/18 21:37,MALE,NA,1991-07-05,Installed_through_referral
8845,7/30/18 7:18,FEMALE,NA,1999-05-08,Installed_through_referral
8846,8/8/18 10:59,FEMALE,NA,1997-05-24,Not_through_referral
8847,8/5/18 17:18,FEMALE,NA,1994-09-01,Not_through_referral
8848,8/8/18 10:53,MALE,NA,1997-02-26,Installed_through_referral
8849,8/17/18 12:20,MALE,NA,2018-08-05,Installed_through_referral
8850,9/6/18 18:47,MALE,NA,1989-07-25,Not_through_referral
8851,8/17/18 13:09,FEMALE,NA,2018-08-17,Not_through_referral
8852,8/21/18 19:02,MALE,NA,2018-08-21,Not_through_referral
8853,8/29/18 1:51,FEMALE,NA,1997-01-07,Not_through_referral
8854,9/14/18 22:18,MALE,NA,1992-11-19,Installed_through_referral
8855,8/23/18 19:28,FEMALE,NA,1992-03-21,Installed_through_referral
8856,9/4/18 0:22,MALE,NA,1991-08-25,Not_through_referral
8857,9/16/18 20:26,MALE,NA,1997-09-16,Not_through_referral
8858,9/25/18 22:35,MALE,NA,1993-07-14,Not_through_referral
8859,8/27/18 18:34,MALE,NA,1996-05-30,Not_through_referral
8860,8/27/18 17:00,FEMALE,NA,1995-06-06,Not_through_referral
8861,8/25/18 21:55,FEMALE,NA,1972-04-16,Installed_through_referral
8862,8/29/18 1:23,MALE,NA,1994-04-09,Installed_through_referral
8863,9/13/18 13:44,MALE,NA,1997-04-30,Installed_through_referral
8864,8/15/18 14:16,FEMALE,NA,1994-10-02,Installed_through_referral
8865,8/31/18 19:05,MALE,NA,1990-06-17,Not_through_referral
8866,8/24/18 18:52,MALE,NA,2000-08-13,Installed_through_referral
8867,9/5/18 11:04,MALE,NA,1993-09-14,Installed_through_referral
8868,8/20/18 15:31,MALE,NA,2018-08-20,Not_through_referral
8869,8/15/18 20:25,MALE,NA,1995-02-14,Not_through_referral
8870,8/19/18 12:54,FEMALE,NA,1994-03-10,Not_through_referral
8871,9/20/18 1:12,MALE,NA,1988-12-04,Installed_through_referral
8872,9/6/18 13:55,FEMALE,NA,1997-12-14,Not_through_referral
8873,8/28/18 11:12,MALE,NA,1995-08-22,Installed_through_referral
8874,8/21/18 18:41,MALE,NA,2018-08-21,Installed_through_referral
8875,9/3/18 12:12,MALE,NA,1995-11-08,Not_through_referral
8876,6/6/18 18:09,MALE,NA,1992-06-06,Not_through_referral
8877,6/17/18 12:19,FEMALE,NA,1997-02-09,Not_through_referral
8878,6/27/18 21:13,MALE,NA,1996-07-10,Installed_through_referral
8879,7/4/18 19:38,MALE,NA,1995-01-10,Not_through_referral
8880,7/17/18 19:53,FEMALE,NA,1989-10-26,Installed_through_referral
8881,6/10/18 23:05,MALE,NA,1965-04-01,Installed_through_referral
8882,6/3/18 20:30,MALE,NA,2018-06-03,Not_through_referral
8883,6/4/18 19:34,MALE,NA,1992-04-07,Not_through_referral
8884,6/16/18 12:53,FEMALE,NA,1995-08-25,Not_through_referral
8885,6/19/18 10:56,MALE,NA,1985-10-12,Not_through_referral
8886,6/20/18 16:39,MALE,NA,1958-08-25,Installed_through_referral
8887,6/25/18 15:33,FEMALE,NA,2013-09-01,Installed_through_referral
8888,7/7/18 18:11,MALE,NA,2018-07-07,Installed_through_referral
8889,7/24/18 15:14,MALE,NA,1976-02-19,Installed_through_referral
8890,6/3/18 22:08,FEMALE,NA,1996-11-14,Installed_through_referral
8891,6/20/18 17:00,MALE,NA,2018-06-20,Not_through_referral
8892,6/13/18 12:55,MALE,NA,1996-03-27,Not_through_referral
8893,6/14/18 10:39,FEMALE,NA,1996-09-29,Installed_through_referral
8894,7/2/18 21:12,MALE,NA,1995-09-23,Not_through_referral
8895,7/23/18 17:31,MALE,NA,1994-05-12,Not_through_referral
8896,7/31/18 14:23,MALE,NA,1993-07-25,Not_through_referral
8897,6/13/18 12:16,MALE,NA,2018-06-13,Not_through_referral
8898,7/1/18 11:23,FEMALE,NA,1998-06-18,Not_through_referral
8899,7/25/18 17:18,MALE,NA,1999-07-25,Installed_through_referral
8900,7/31/18 12:10,FEMALE,NA,1997-09-26,Installed_through_referral
8901,8/10/18 20:00,MALE,NA,1992-08-01,Not_through_referral
8902,6/9/18 11:05,MALE,NA,1993-01-30,Not_through_referral
8903,6/7/18 2:18,MALE,NA,1996-03-19,Installed_through_referral
8904,6/27/18 22:13,FEMALE,NA,1987-02-02,Installed_through_referral
8905,7/11/18 10:34,FEMALE,NA,2018-07-06,Installed_through_referral
8906,7/13/18 11:23,MALE,NA,1993-11-17,Installed_through_referral
8907,7/14/18 20:34,FEMALE,NA,1999-05-18,Installed_through_referral
8908,7/19/18 15:38,MALE,NA,2018-07-19,Not_through_referral
8909,7/22/18 11:41,MALE,NA,2018-07-22,Not_through_referral
8910,7/22/18 22:11,MALE,NA,1988-07-17,Not_through_referral
8911,8/6/18 14:34,MALE,NA,2000-09-11,Not_through_referral
8912,8/5/18 17:26,MALE,NA,1999-12-29,Not_through_referral
8913,6/14/18 18:10,MALE,NA,1986-08-15,Installed_through_referral
8914,7/21/18 19:32,MALE,NA,1994-06-23,Not_through_referral
8915,6/12/18 11:40,MALE,NA,1993-11-15,Not_through_referral
8916,6/5/18 13:20,MALE,NA,1999-12-12,Installed_through_referral
8917,6/13/18 17:09,MALE,NA,2018-04-25,Installed_through_referral
8918,6/25/18 16:55,MALE,NA,1996-02-22,Not_through_referral
8919,6/28/18 16:13,MALE,NA,1996-02-19,Not_through_referral
8920,6/30/18 19:27,MALE,NA,1999-06-15,Not_through_referral
8921,7/7/18 18:56,MALE,NA,1976-12-31,Not_through_referral
8922,7/11/18 18:43,FEMALE,NA,1999-07-01,Not_through_referral
8923,7/9/18 17:39,MALE,NA,1969-11-12,Installed_through_referral
8924,8/11/18 22:45,FEMALE,NA,1997-08-16,Installed_through_referral
8925,6/12/18 13:28,MALE,NA,2008-12-01,Not_through_referral
8926,6/9/18 13:22,MALE,NA,2018-06-09,Installed_through_referral
8927,7/18/18 20:14,FEMALE,NA,1991-05-06,Not_through_referral
8928,7/29/18 18:05,MALE,NA,1996-03-22,Installed_through_referral
8929,7/24/18 17:40,MALE,NA,1994-07-24,Not_through_referral
8930,8/10/18 22:42,MALE,NA,1996-09-22,Installed_through_referral
8931,8/12/18 18:23,NA,NA,1900-01-00,Not_through_referral
8932,8/11/18 12:18,MALE,NA,1990-08-23,Installed_through_referral
8933,6/11/18 18:42,MALE,NA,2018-06-11,Not_through_referral
8934,6/20/18 9:59,MALE,NA,1997-03-15,Not_through_referral
8935,7/15/18 16:58,MALE,NA,2018-07-15,Not_through_referral
8936,7/15/18 16:34,FEMALE,NA,2018-07-15,Installed_through_referral
8937,7/19/18 23:57,MALE,NA,1994-10-08,Not_through_referral
8938,7/19/18 20:34,MALE,NA,1992-05-18,Not_through_referral
8939,8/14/18 18:20,MALE,NA,2000-08-25,Not_through_referral
8940,8/7/18 11:53,MALE,NA,1988-03-03,Not_through_referral
8941,8/10/18 15:37,MALE,NA,1987-05-06,Not_through_referral
8942,6/9/18 14:00,MALE,NA,1990-05-19,Not_through_referral
8943,6/5/18 20:47,FEMALE,NA,1990-12-24,Not_through_referral
8944,6/19/18 23:26,MALE,NA,1990-06-06,Not_through_referral
8945,6/22/18 9:03,NA,NA,1900-01-00,Not_through_referral
8946,6/23/18 22:09,MALE,NA,1998-05-24,Not_through_referral
8947,7/9/18 15:57,MALE,NA,1998-04-04,Not_through_referral
8948,7/22/18 19:01,MALE,NA,1980-08-19,Not_through_referral
8949,7/31/18 8:07,MALE,NA,1995-12-11,Installed_through_referral
8950,7/24/18 23:57,MALE,NA,2018-07-11,Not_through_referral
8951,7/30/18 16:45,FEMALE,NA,1995-10-28,Installed_through_referral
8952,7/28/18 13:00,FEMALE,NA,2018-07-20,Installed_through_referral
8953,8/7/18 13:54,MALE,NA,2018-08-07,Installed_through_referral
8954,8/24/18 20:03,FEMALE,NA,1995-08-12,Not_through_referral
8955,8/26/18 15:19,MALE,NA,1999-08-15,Not_through_referral
8956,8/24/18 3:28,MALE,NA,1995-01-21,Not_through_referral
8957,8/25/18 18:58,MALE,NA,1956-09-08,Not_through_referral
8958,8/17/18 12:30,MALE,NA,1997-08-17,Not_through_referral
8959,8/15/18 22:36,MALE,NA,2018-08-15,Installed_through_referral
8960,9/2/18 12:29,MALE,NA,1993-09-20,Not_through_referral
8961,9/6/18 14:23,FEMALE,NA,1994-05-01,Installed_through_referral
8962,8/28/18 14:20,MALE,NA,1998-06-06,Installed_through_referral
8963,9/10/18 14:12,MALE,NA,1999-03-20,Installed_through_referral
8964,9/10/18 13:51,MALE,NA,1992-01-04,Not_through_referral
8965,8/15/18 18:52,MALE,NA,1993-12-19,Not_through_referral
8966,8/14/18 22:54,MALE,NA,1999-12-10,Installed_through_referral
8967,8/15/18 22:28,MALE,NA,1992-01-24,Installed_through_referral
8968,9/6/18 13:00,FEMALE,NA,2018-09-06,Not_through_referral
8969,9/6/18 22:00,MALE,NA,2017-11-17,Not_through_referral
8970,8/23/18 12:31,MALE,NA,1993-08-23,Installed_through_referral
8971,8/31/18 20:20,MALE,NA,1998-08-31,Not_through_referral
8972,9/1/18 22:20,MALE,NA,1993-04-04,Not_through_referral
8973,9/19/18 13:51,FEMALE,NA,1992-01-09,Not_through_referral
8974,9/14/18 0:03,FEMALE,NA,2002-09-14,Installed_through_referral
8975,9/10/18 9:52,MALE,NA,1998-11-24,Not_through_referral
8976,8/15/18 12:28,MALE,NA,1985-03-12,Not_through_referral
8977,8/20/18 13:22,FEMALE,NA,1994-03-21,Installed_through_referral
8978,9/26/18 19:48,MALE,NA,1984-08-16,Not_through_referral
8979,8/29/18 11:50,MALE,NA,2048-03-18,Not_through_referral
8980,9/20/18 20:06,MALE,NA,1997-07-22,Not_through_referral
8981,9/26/18 17:34,MALE,NA,1991-05-29,Installed_through_referral
8982,9/24/18 14:20,MALE,NA,1969-07-23,Not_through_referral
8983,8/17/18 14:17,FEMALE,NA,1997-10-31,Installed_through_referral
8984,8/15/18 21:45,MALE,NA,1999-09-10,Not_through_referral
8985,8/18/18 12:36,MALE,NA,1998-06-25,Not_through_referral
8986,8/30/18 20:13,MALE,NA,1975-05-22,Installed_through_referral
8987,9/2/18 18:36,FEMALE,NA,1990-02-22,Not_through_referral
8988,9/8/18 16:40,MALE,NA,1991-09-10,Installed_through_referral
8989,9/14/18 20:28,MALE,NA,1999-09-15,Not_through_referral
8990,6/1/18 19:10,MALE,NA,2004-07-02,Not_through_referral
8991,6/6/18 15:42,MALE,NA,1995-02-16,Installed_through_referral
8992,6/13/18 21:13,FEMALE,NA,1978-06-13,Installed_through_referral
8993,6/30/18 17:18,MALE,NA,1989-07-21,Not_through_referral
8994,6/26/18 16:00,MALE,NA,1996-03-21,Not_through_referral
8995,6/29/18 16:13,FEMALE,NA,1984-04-25,Not_through_referral
8996,6/1/18 21:06,MALE,NA,2018-06-01,Installed_through_referral
8997,6/21/18 22:41,FEMALE,NA,1995-11-09,Installed_through_referral
8998,6/27/18 8:49,MALE,NA,1999-06-30,Installed_through_referral
8999,7/22/18 18:52,MALE,NA,1974-10-07,Not_through_referral
9000,8/9/18 12:33,FEMALE,NA,1999-10-10,Not_through_referral
9001,6/4/18 14:36,FEMALE,NA,1984-05-12,Installed_through_referral
9002,6/21/18 21:09,FEMALE,NA,1992-06-21,Not_through_referral
9003,6/29/18 17:15,MALE,NA,2018-06-29,Not_through_referral
9004,7/15/18 2:27,MALE,NA,1979-05-30,Not_through_referral
9005,7/31/18 8:29,MALE,NA,1997-07-31,Not_through_referral
9006,6/3/18 15:22,MALE,NA,1993-10-28,Not_through_referral
9007,6/6/18 13:24,MALE,NA,1994-06-01,Not_through_referral
9008,6/19/18 17:54,FEMALE,NA,1996-10-22,Not_through_referral
9009,6/13/18 18:30,MALE,NA,2003-09-29,Installed_through_referral
9010,6/17/18 14:03,MALE,NA,2018-06-05,Not_through_referral
9011,6/18/18 17:19,MALE,NA,1987-11-09,Installed_through_referral
9012,6/25/18 15:17,MALE,NA,2018-06-25,Installed_through_referral
9013,6/23/18 20:18,MALE,NA,1991-07-07,Not_through_referral
9014,7/14/18 11:55,FEMALE,NA,2000-03-26,Not_through_referral
9015,7/26/18 17:13,MALE,NA,1982-01-12,Not_through_referral
9016,7/23/18 14:14,MALE,NA,1990-11-17,Not_through_referral
9017,6/3/18 15:15,FEMALE,NA,1995-06-25,Installed_through_referral
9018,6/16/18 17:59,MALE,NA,2001-03-22,Not_through_referral
9019,6/29/18 9:30,MALE,NA,1990-03-16,Not_through_referral
9020,7/17/18 10:28,MALE,NA,1997-07-25,Not_through_referral
9021,7/29/18 19:32,FEMALE,NA,1981-11-18,Installed_through_referral
9022,8/3/18 14:55,MALE,NA,1966-11-03,Not_through_referral
9023,8/11/18 9:44,MALE,NA,1996-03-29,Not_through_referral
9024,6/2/18 17:40,MALE,NA,1991-08-17,Installed_through_referral
9025,6/9/18 18:55,MALE,NA,1990-06-14,Not_through_referral
9026,6/24/18 0:09,MALE,NA,1985-10-13,Not_through_referral
9027,7/7/18 10:57,MALE,NA,1999-07-09,Not_through_referral
9028,7/15/18 10:45,FEMALE,NA,1980-02-09,Not_through_referral
9029,7/27/18 12:47,MALE,NA,1992-07-20,Not_through_referral
9030,8/9/18 17:13,MALE,NA,1990-08-01,Not_through_referral
9031,8/5/18 20:21,MALE,NA,1985-07-27,Not_through_referral
9032,6/8/18 11:28,MALE,NA,1998-06-07,Not_through_referral
9033,6/15/18 16:52,MALE,NA,1992-06-15,Not_through_referral
9034,6/19/18 14:36,MALE,NA,1993-05-21,Not_through_referral
9035,6/17/18 17:27,MALE,NA,2018-04-20,Not_through_referral
9036,6/29/18 17:27,MALE,NA,1995-06-05,Installed_through_referral
9037,7/30/18 20:04,NA,NA,1900-01-00,Not_through_referral
9038,7/25/18 16:37,MALE,NA,1990-05-06,Installed_through_referral
9039,7/1/18 13:12,MALE,NA,1984-02-05,Not_through_referral
9040,7/21/18 11:18,MALE,NA,1985-06-01,Not_through_referral
9041,7/16/18 13:02,FEMALE,NA,2047-04-01,Installed_through_referral
9042,6/12/18 11:10,FEMALE,NA,1984-01-13,Not_through_referral
9043,6/26/18 17:40,MALE,NA,2018-06-09,Not_through_referral
9044,7/1/18 16:41,MALE,NA,1992-07-01,Installed_through_referral
9045,7/3/18 22:54,MALE,NA,1993-12-14,Not_through_referral
9046,7/2/18 21:59,MALE,NA,1990-07-10,Not_through_referral
9047,7/8/18 1:04,MALE,NA,1991-02-15,Not_through_referral
9048,7/27/18 2:19,MALE,NA,1985-06-17,Not_through_referral
9049,7/24/18 17:43,MALE,NA,1986-08-26,Not_through_referral
9050,7/27/18 10:42,FEMALE,NA,1994-08-27,Installed_through_referral
9051,8/9/18 12:59,MALE,NA,1996-07-14,Not_through_referral
9052,6/2/18 18:15,MALE,NA,1995-10-10,Installed_through_referral
9053,6/7/18 16:51,FEMALE,NA,1974-02-09,Not_through_referral
9054,6/3/18 15:51,MALE,NA,1997-06-08,Installed_through_referral
9055,6/12/18 14:57,FEMALE,NA,1994-06-14,Not_through_referral
9056,6/15/18 18:29,MALE,NA,1995-03-29,Not_through_referral
9057,6/16/18 12:11,MALE,NA,1982-10-14,Not_through_referral
9058,6/29/18 10:53,FEMALE,NA,1993-05-08,Installed_through_referral
9059,6/23/18 20:16,FEMALE,NA,1994-11-30,Not_through_referral
9060,7/1/18 17:54,MALE,NA,2000-06-25,Not_through_referral
9061,7/14/18 1:50,MALE,NA,1986-07-30,Installed_through_referral
9062,7/26/18 17:33,FEMALE,NA,2017-05-17,Not_through_referral
9063,8/11/18 17:22,MALE,NA,1999-12-27,Installed_through_referral
9064,8/7/18 12:12,MALE,NA,1988-10-11,Not_through_referral
9065,8/4/18 19:54,MALE,NA,1981-12-29,Not_through_referral
9066,8/17/18 16:55,MALE,NA,1981-08-19,Not_through_referral
9067,9/22/18 16:37,NA,NA,1900-01-00,Not_through_referral
9068,8/25/18 21:31,FEMALE,NA,1993-06-06,Not_through_referral
9069,8/22/18 23:10,MALE,NA,1996-03-13,Not_through_referral
9070,9/3/18 16:54,MALE,NA,1974-12-09,Not_through_referral
9071,8/27/18 12:36,MALE,NA,2018-08-27,Installed_through_referral
9072,9/28/18 16:41,MALE,NA,1995-04-28,Not_through_referral
9073,8/16/18 15:14,FEMALE,NA,1993-03-19,Not_through_referral
9074,8/21/18 16:21,MALE,NA,2018-08-21,Installed_through_referral
9075,8/20/18 12:41,MALE,NA,1991-11-23,Not_through_referral
9076,8/30/18 17:18,MALE,NA,1999-08-30,Not_through_referral
9077,8/27/18 21:36,MALE,NA,1991-02-18,Installed_through_referral
9078,9/3/18 10:36,MALE,NA,2018-08-01,Installed_through_referral
9079,8/30/18 14:23,FEMALE,NA,1996-06-23,Not_through_referral
9080,9/5/18 16:10,MALE,NA,2018-09-05,Not_through_referral
9081,9/3/18 21:07,MALE,NA,2000-04-19,Not_through_referral
9082,9/13/18 3:12,FEMALE,NA,1991-12-06,Installed_through_referral
9083,9/5/18 12:59,MALE,NA,1999-02-20,Not_through_referral
9084,8/25/18 23:19,MALE,NA,2018-08-25,Installed_through_referral
9085,8/28/18 11:06,NA,NA,1900-01-00,Not_through_referral
9086,9/17/18 14:04,MALE,NA,1996-04-12,Installed_through_referral
9087,8/24/18 21:02,MALE,NA,2018-09-03,Installed_through_referral
9088,8/28/18 20:29,MALE,NA,1996-02-17,Not_through_referral
9089,9/13/18 20:17,MALE,NA,1998-09-13,Not_through_referral
9090,9/29/18 12:08,NA,NA,1900-01-00,Not_through_referral
9091,8/22/18 23:33,MALE,NA,1995-03-22,Not_through_referral
9092,8/21/18 22:05,MALE,NA,1994-06-22,Not_through_referral
9093,9/11/18 15:58,MALE,NA,2018-09-11,Installed_through_referral
9094,6/2/18 19:27,MALE,NA,1991-10-11,Not_through_referral
9095,6/20/18 11:31,MALE,NA,1988-01-05,Not_through_referral
9096,6/13/18 19:57,FEMALE,NA,1994-05-23,Not_through_referral
9097,7/6/18 21:06,MALE,NA,1999-07-08,Not_through_referral
9098,7/25/18 9:50,MALE,NA,2018-07-03,Not_through_referral
9099,6/3/18 13:23,FEMALE,NA,1994-06-04,Not_through_referral
9100,6/1/18 17:41,MALE,NA,1992-07-02,Not_through_referral
9101,7/4/18 22:49,MALE,NA,2001-10-16,Not_through_referral
9102,7/8/18 20:10,NA,NA,1900-01-00,Not_through_referral
9103,7/22/18 13:55,MALE,NA,1993-12-14,Not_through_referral
9104,8/3/18 14:44,FEMALE,NA,1994-06-27,Installed_through_referral
9105,7/24/18 22:36,MALE,NA,1992-04-28,Installed_through_referral
9106,7/27/18 14:29,FEMALE,NA,1979-09-18,Not_through_referral
9107,7/26/18 17:31,MALE,NA,1990-03-22,Installed_through_referral
9108,6/3/18 14:27,MALE,NA,2001-11-20,Not_through_referral
9109,6/5/18 19:11,MALE,NA,1988-09-21,Not_through_referral
9110,6/6/18 16:28,MALE,NA,1998-06-15,Not_through_referral
9111,6/25/18 19:30,FEMALE,NA,2016-09-13,Not_through_referral
9112,6/27/18 12:40,MALE,NA,1993-06-19,Not_through_referral
9113,6/29/18 17:52,FEMALE,NA,1996-10-17,Not_through_referral
9114,6/27/18 14:08,MALE,NA,1999-03-19,Not_through_referral
9115,7/28/18 13:49,MALE,NA,1988-03-25,Not_through_referral
9116,8/3/18 16:59,FEMALE,NA,1994-08-08,Installed_through_referral
9117,8/12/18 16:22,FEMALE,NA,1998-03-30,Installed_through_referral
9118,6/2/18 22:08,MALE,NA,1992-06-02,Not_through_referral
9119,6/2/18 11:49,MALE,NA,1997-05-04,Not_through_referral
9120,6/12/18 20:34,MALE,NA,1996-11-18,Not_through_referral
9121,6/21/18 14:37,MALE,NA,1990-05-07,Not_through_referral
9122,6/18/18 21:22,MALE,NA,2018-06-18,Installed_through_referral
9123,6/17/18 19:14,MALE,NA,1995-02-18,Not_through_referral
9124,6/19/18 17:41,MALE,NA,2018-06-19,Not_through_referral
9125,7/16/18 18:51,MALE,NA,2018-07-16,Installed_through_referral
9126,8/2/18 18:02,FEMALE,NA,1993-09-04,Installed_through_referral
9127,8/4/18 13:36,MALE,NA,2018-08-04,Not_through_referral
9128,6/5/18 0:06,FEMALE,NA,2007-05-27,Not_through_referral
9129,6/6/18 23:06,MALE,NA,1986-10-19,Not_through_referral
9130,6/16/18 12:57,MALE,NA,2005-11-24,Installed_through_referral
9131,6/27/18 16:56,FEMALE,NA,2018-02-10,Not_through_referral
9132,7/7/18 14:47,MALE,NA,1996-07-20,Not_through_referral
9133,6/3/18 7:28,NA,NA,1900-01-00,Not_through_referral
9134,6/17/18 0:04,MALE,NA,1997-02-21,Installed_through_referral
9135,6/18/18 12:09,MALE,NA,1997-12-23,Installed_through_referral
9136,7/9/18 16:31,MALE,NA,1999-10-09,Installed_through_referral
9137,7/9/18 18:12,FEMALE,NA,1985-01-10,Installed_through_referral
9138,7/3/18 19:04,FEMALE,NA,1988-07-13,Installed_through_referral
9139,7/30/18 18:14,MALE,NA,1997-05-22,Installed_through_referral
9140,8/6/18 19:02,MALE,NA,2001-06-20,Installed_through_referral
9141,6/3/18 19:13,MALE,NA,2018-06-03,Installed_through_referral
9142,7/6/18 18:09,FEMALE,NA,1983-12-27,Not_through_referral
9143,7/21/18 16:23,MALE,NA,1995-03-12,Installed_through_referral
9144,7/23/18 16:34,MALE,NA,1995-07-23,Not_through_referral
9145,8/11/18 21:32,MALE,NA,2018-08-11,Not_through_referral
9146,6/3/18 11:26,MALE,NA,1996-11-12,Not_through_referral
9147,6/12/18 16:15,MALE,NA,2018-06-12,Not_through_referral
9148,6/9/18 19:56,MALE,NA,1976-11-02,Not_through_referral
9149,6/14/18 19:19,MALE,NA,1986-09-11,Not_through_referral
9150,6/27/18 19:50,MALE,NA,2018-06-27,Not_through_referral
9151,6/23/18 13:59,MALE,NA,2018-02-20,Not_through_referral
9152,6/25/18 14:34,MALE,NA,2000-06-25,Not_through_referral
9153,7/24/18 14:51,FEMALE,NA,1993-09-06,Not_through_referral
9154,7/24/18 22:28,MALE,NA,1992-09-12,Installed_through_referral
9155,7/26/18 14:48,MALE,NA,1999-08-12,Installed_through_referral
9156,8/11/18 19:13,FEMALE,NA,1992-08-19,Not_through_referral
9157,6/17/18 15:03,MALE,NA,1991-12-17,Not_through_referral
9158,6/21/18 14:17,MALE,NA,1972-04-29,Not_through_referral
9159,6/30/18 10:43,FEMALE,NA,1982-07-02,Not_through_referral
9160,6/24/18 17:59,MALE,NA,1995-01-12,Installed_through_referral
9161,6/24/18 22:15,MALE,NA,2018-06-13,Not_through_referral
9162,6/26/18 0:30,MALE,NA,1991-08-30,Installed_through_referral
9163,7/16/18 22:02,MALE,NA,1979-08-03,Not_through_referral
9164,7/14/18 16:46,FEMALE,NA,1996-08-27,Not_through_referral
9165,7/25/18 19:36,MALE,NA,2018-04-12,Not_through_referral
9166,8/12/18 14:26,MALE,NA,2000-01-26,Installed_through_referral
9167,8/6/18 20:54,MALE,NA,2000-01-07,Not_through_referral
9168,8/5/18 10:55,FEMALE,NA,1993-06-14,Installed_through_referral
9169,6/4/18 15:11,MALE,NA,2018-06-04,Installed_through_referral
9170,6/15/18 12:04,MALE,NA,1997-03-09,Installed_through_referral
9171,6/28/18 15:01,MALE,NA,2004-06-08,Installed_through_referral
9172,6/24/18 18:13,MALE,NA,1990-03-08,Installed_through_referral
9173,7/7/18 14:37,MALE,NA,1993-05-07,Not_through_referral
9174,7/3/18 17:24,FEMALE,NA,1996-05-14,Not_through_referral
9175,7/24/18 21:19,MALE,NA,1998-07-27,Installed_through_referral
9176,8/11/18 11:03,MALE,NA,2018-08-11,Not_through_referral
9177,8/14/18 15:27,MALE,NA,2018-08-14,Installed_through_referral
9178,8/24/18 2:54,MALE,NA,1996-02-12,Not_through_referral
9179,9/25/18 16:20,MALE,NA,1998-11-29,Not_through_referral
9180,8/19/18 10:48,MALE,NA,1997-09-09,Not_through_referral
9181,9/4/18 19:44,MALE,NA,2018-09-04,Not_through_referral
9182,8/26/18 22:22,MALE,NA,1998-08-11,Not_through_referral
9183,9/12/18 15:26,MALE,NA,2018-09-12,Not_through_referral
9184,8/26/18 22:45,MALE,NA,1999-01-01,Not_through_referral
9185,9/14/18 12:34,MALE,NA,2000-07-26,Not_through_referral
9186,8/24/18 14:46,MALE,NA,2018-08-24,Not_through_referral
9187,9/20/18 16:45,FEMALE,NA,1990-10-26,Not_through_referral
9188,8/17/18 21:52,FEMALE,NA,1992-06-19,Installed_through_referral
9189,8/17/18 8:33,FEMALE,NA,1991-01-10,Installed_through_referral
9190,9/20/18 13:17,MALE,NA,2018-09-20,Installed_through_referral
9191,8/26/18 17:27,FEMALE,NA,1997-12-05,Not_through_referral
9192,8/18/18 20:24,FEMALE,NA,1993-10-27,Not_through_referral
9193,8/30/18 13:08,MALE,NA,1991-09-12,Not_through_referral
9194,9/27/18 12:26,MALE,NA,1995-07-31,Not_through_referral
9195,9/22/18 10:26,MALE,NA,1993-06-18,Not_through_referral
9196,9/5/18 13:47,FEMALE,NA,1992-05-02,Not_through_referral
9197,8/20/18 19:07,FEMALE,NA,1983-05-23,Installed_through_referral
9198,9/25/18 13:01,MALE,NA,1985-05-20,Not_through_referral
9199,6/12/18 19:55,MALE,NA,2018-06-12,Installed_through_referral
9200,6/5/18 17:36,MALE,NA,1997-11-28,Not_through_referral
9201,6/11/18 18:57,FEMALE,NA,1993-02-28,Not_through_referral
9202,6/16/18 15:04,MALE,NA,1979-08-16,Not_through_referral
9203,6/28/18 11:06,MALE,NA,2018-06-28,Not_through_referral
9204,6/27/18 14:11,MALE,NA,1996-06-15,Not_through_referral
9205,7/7/18 18:50,MALE,NA,2018-04-11,Installed_through_referral
9206,7/21/18 19:16,MALE,NA,1987-05-31,Not_through_referral
9207,7/29/18 14:28,MALE,NA,1998-01-04,Not_through_referral
9208,7/29/18 14:05,MALE,NA,1998-02-10,Not_through_referral
9209,8/10/18 18:11,FEMALE,NA,1996-11-10,Not_through_referral
9210,6/8/18 13:25,MALE,NA,1977-06-08,Installed_through_referral
9211,6/9/18 18:04,FEMALE,NA,1997-06-07,Not_through_referral
9212,6/11/18 12:22,FEMALE,NA,1995-11-22,Not_through_referral
9213,6/15/18 22:08,MALE,NA,1991-05-05,Not_through_referral
9214,6/25/18 22:42,MALE,NA,1994-05-28,Installed_through_referral
9215,6/30/18 17:53,MALE,NA,1982-11-21,Not_through_referral
9216,7/10/18 15:14,MALE,NA,1989-12-18,Not_through_referral
9217,7/10/18 20:25,MALE,NA,1983-04-19,Not_through_referral
9218,7/16/18 16:55,MALE,NA,1997-07-16,Not_through_referral
9219,7/29/18 9:34,MALE,NA,1997-09-26,Not_through_referral
9220,7/24/18 14:39,MALE,NA,1984-08-22,Not_through_referral
9221,8/3/18 13:05,MALE,NA,1997-02-23,Not_through_referral
9222,7/26/18 16:45,MALE,NA,1999-05-31,Not_through_referral
9223,8/5/18 14:24,MALE,NA,2018-08-05,Not_through_referral
9224,6/2/18 17:24,FEMALE,NA,1995-06-12,Not_through_referral
9225,6/24/18 20:21,MALE,NA,1982-05-13,Not_through_referral
9226,7/7/18 8:52,MALE,NA,2000-07-01,Not_through_referral
9227,7/15/18 16:48,MALE,NA,1992-04-13,Not_through_referral
9228,7/22/18 9:57,MALE,NA,1995-01-07,Not_through_referral
9229,8/1/18 21:01,MALE,NA,1995-10-13,Not_through_referral
9230,7/24/18 0:00,MALE,NA,2018-04-18,Not_through_referral
9231,8/11/18 17:23,MALE,NA,1998-09-03,Not_through_referral
9232,7/25/18 16:13,MALE,NA,2018-07-25,Not_through_referral
9233,8/13/18 0:16,FEMALE,NA,1994-09-13,Installed_through_referral
9234,6/6/18 10:36,MALE,NA,1993-04-27,Not_through_referral
9235,6/8/18 10:32,MALE,NA,1980-01-30,Not_through_referral
9236,6/15/18 17:57,MALE,NA,1990-06-05,Not_through_referral
9237,6/27/18 20:45,FEMALE,MARRIED,1991-09-01,Not_through_referral
9238,7/9/18 13:12,MALE,NA,1999-05-26,Not_through_referral
9239,7/1/18 13:38,MALE,NA,1996-12-04,Not_through_referral
9240,7/5/18 21:08,FEMALE,NA,1991-06-27,Not_through_referral
9241,7/17/18 21:03,FEMALE,NA,1997-05-20,Not_through_referral
9242,7/15/18 18:12,MALE,NA,2018-07-15,Not_through_referral
9243,7/25/18 10:40,MALE,NA,1996-09-13,Not_through_referral
9244,7/23/18 14:20,MALE,NA,2018-07-24,Not_through_referral
9245,7/29/18 20:50,FEMALE,NA,1999-03-22,Not_through_referral
9246,8/12/18 22:53,MALE,NA,1995-06-07,Not_through_referral
9247,8/12/18 13:26,MALE,NA,1998-01-20,Not_through_referral
9248,8/13/18 12:21,MALE,NA,1997-01-13,Not_through_referral
9249,8/10/18 19:12,MALE,NA,1993-06-13,Not_through_referral
9250,6/11/18 15:50,MALE,NA,1987-06-25,Installed_through_referral
9251,6/9/18 0:58,NA,NA,1900-01-00,Not_through_referral
9252,7/4/18 21:38,FEMALE,NA,2018-07-04,Installed_through_referral
9253,7/11/18 6:33,MALE,NA,2018-01-05,Installed_through_referral
9254,7/16/18 22:07,MALE,NA,2000-05-30,Not_through_referral
9255,7/29/18 14:12,MALE,NA,1990-12-01,Installed_through_referral
9256,8/10/18 19:18,FEMALE,NA,1997-10-09,Not_through_referral
9257,6/5/18 22:21,FEMALE,NA,1975-10-31,Not_through_referral
9258,6/6/18 23:37,MALE,NA,1994-02-04,Not_through_referral
9259,6/19/18 20:39,MALE,NA,1992-01-25,Not_through_referral
9260,6/20/18 20:34,MALE,NA,1995-06-20,Not_through_referral
9261,6/21/18 15:51,MALE,NA,2000-06-05,Not_through_referral
9262,6/23/18 12:29,MALE,NA,2018-06-23,Installed_through_referral
9263,7/22/18 10:52,MALE,NA,1980-04-01,Not_through_referral
9264,7/23/18 15:48,MALE,NA,1994-10-09,Not_through_referral
9265,8/11/18 17:07,MALE,NA,1996-04-08,Not_through_referral
9266,8/12/18 14:54,MALE,NA,2018-08-12,Not_through_referral
9267,8/12/18 16:00,MALE,NA,1993-01-21,Not_through_referral
9268,6/11/18 11:48,MALE,NA,1988-11-11,Not_through_referral
9269,7/12/18 14:21,MALE,NA,1973-07-12,Installed_through_referral
9270,7/8/18 17:04,MALE,NA,2002-11-01,Not_through_referral
9271,7/21/18 12:28,MALE,NA,1996-01-13,Installed_through_referral
9272,7/16/18 16:11,MALE,NA,1990-04-05,Installed_through_referral
9273,8/4/18 17:07,MALE,NA,1998-03-31,Not_through_referral
9274,6/6/18 21:23,MALE,NA,2000-08-22,Not_through_referral
9275,6/16/18 12:12,MALE,NA,2018-06-16,Installed_through_referral
9276,7/8/18 9:16,MALE,NA,2018-06-22,Not_through_referral
9277,7/14/18 19:44,MALE,NA,1980-06-15,Not_through_referral
9278,7/13/18 19:53,FEMALE,NA,2017-07-13,Not_through_referral
9279,7/24/18 12:46,MALE,NA,2000-07-26,Not_through_referral
9280,6/10/18 19:43,FEMALE,NA,2005-01-31,Not_through_referral
9281,6/9/18 14:07,MALE,NA,1998-03-05,Installed_through_referral
9282,6/22/18 16:14,FEMALE,NA,1992-10-23,Not_through_referral
9283,6/22/18 15:09,FEMALE,NA,1996-06-27,Installed_through_referral
9284,6/24/18 16:55,MALE,NA,1983-01-19,Not_through_referral
9285,7/1/18 18:16,FEMALE,NA,1997-09-20,Not_through_referral
9286,7/29/18 16:30,MALE,NA,1992-02-23,Not_through_referral
9287,8/9/18 13:11,MALE,NA,1996-12-23,Installed_through_referral
9288,8/11/18 17:27,FEMALE,NA,1996-06-03,Not_through_referral
9289,9/7/18 14:19,MALE,NA,1975-09-07,Not_through_referral
9290,8/17/18 18:58,MALE,NA,2018-08-17,Installed_through_referral
9291,9/5/18 0:34,MALE,NA,1992-09-05,Not_through_referral
9292,8/31/18 17:49,MALE,NA,2000-07-13,Installed_through_referral
9293,9/24/18 18:34,MALE,NA,2001-06-01,Installed_through_referral
9294,9/25/18 0:07,FEMALE,NA,1991-12-02,Installed_through_referral
9295,9/27/18 19:37,MALE,NA,1996-07-10,Not_through_referral
9296,9/22/18 14:46,MALE,NA,2018-09-22,Installed_through_referral
9297,8/19/18 11:23,MALE,NA,1999-12-08,Not_through_referral
9298,9/17/18 10:11,MALE,NA,2005-02-04,Not_through_referral
9299,9/23/18 18:18,MALE,NA,1988-09-22,Not_through_referral
9300,8/16/18 22:14,MALE,NA,1996-08-08,Not_through_referral
9301,8/24/18 14:40,MALE,NA,2006-10-24,Not_through_referral
9302,9/3/18 15:40,MALE,NA,1983-02-23,Installed_through_referral
9303,8/29/18 8:11,MALE,NA,1994-08-02,Not_through_referral
9304,8/18/18 21:18,FEMALE,NA,1993-01-13,Installed_through_referral
9305,8/22/18 15:57,MALE,NA,1999-09-09,Installed_through_referral
9306,8/27/18 9:21,FEMALE,NA,1988-03-05,Not_through_referral
9307,8/19/18 20:38,FEMALE,NA,1963-04-17,Installed_through_referral
9308,8/15/18 10:28,MALE,NA,1999-10-22,Not_through_referral
9309,9/4/18 15:03,NA,NA,1900-01-00,Not_through_referral
9310,6/25/18 19:44,FEMALE,NA,2017-09-13,Not_through_referral
9311,7/5/18 17:52,MALE,NA,2018-07-03,Not_through_referral
9312,7/11/18 11:35,MALE,NA,2000-06-27,Not_through_referral
9313,7/16/18 16:05,MALE,NA,1993-01-27,Installed_through_referral
9314,7/14/18 13:08,FEMALE,NA,1999-05-12,Installed_through_referral
9315,7/28/18 9:08,FEMALE,NA,1990-01-28,Installed_through_referral
9316,7/27/18 9:37,NA,NA,1900-01-00,Not_through_referral
9317,8/8/18 18:55,MALE,NA,1997-01-23,Installed_through_referral
9318,8/7/18 15:15,MALE,NA,1976-10-12,Installed_through_referral
9319,6/3/18 1:52,MALE,NA,1999-09-28,Not_through_referral
9320,6/15/18 20:33,MALE,NA,1989-09-06,Not_through_referral
9321,6/22/18 19:41,MALE,NA,2018-06-01,Not_through_referral
9322,6/25/18 19:53,FEMALE,NA,1989-01-22,Installed_through_referral
9323,6/29/18 19:48,MALE,NA,1997-05-26,Installed_through_referral
9324,7/16/18 20:09,MALE,NA,1986-06-29,Not_through_referral
9325,7/19/18 21:38,FEMALE,NA,2002-06-05,Not_through_referral
9326,8/11/18 18:21,MALE,NA,1996-04-09,Not_through_referral
9327,8/12/18 13:59,MALE,NA,2018-08-12,Not_through_referral
9328,6/29/18 18:32,FEMALE,NA,1999-03-20,Not_through_referral
9329,6/27/18 17:32,MALE,NA,1986-06-09,Not_through_referral
9330,7/8/18 15:01,MALE,NA,1979-06-13,Not_through_referral
9331,7/14/18 12:28,FEMALE,NA,1999-07-31,Installed_through_referral
9332,7/15/18 21:07,MALE,NA,2018-07-15,Not_through_referral
9333,7/29/18 21:20,MALE,NA,2018-07-29,Not_through_referral
9334,8/3/18 16:57,MALE,NA,1998-10-15,Installed_through_referral
9335,6/1/18 21:08,MALE,NA,1992-09-16,Installed_through_referral
9336,6/10/18 12:50,MALE,NA,1993-02-06,Not_through_referral
9337,6/21/18 20:51,MALE,NA,1995-01-16,Not_through_referral
9338,7/2/18 8:13,FEMALE,NA,2018-03-01,Installed_through_referral
9339,7/13/18 23:50,MALE,NA,1996-05-12,Installed_through_referral
9340,6/2/18 19:25,MALE,NA,2018-06-02,Installed_through_referral
9341,6/1/18 14:47,MALE,NA,2010-07-01,Not_through_referral
9342,6/14/18 12:42,MALE,NA,1998-06-20,Not_through_referral
9343,7/7/18 17:16,MALE,NA,1980-02-14,Not_through_referral
9344,7/3/18 20:04,MALE,NA,1992-06-05,Installed_through_referral
9345,7/1/18 22:56,MALE,NA,2018-07-01,Not_through_referral
9346,7/28/18 12:12,FEMALE,NA,1989-12-17,Not_through_referral
9347,7/28/18 11:48,MALE,NA,1995-11-30,Not_through_referral
9348,6/11/18 16:56,MALE,NA,1979-06-07,Not_through_referral
9349,6/14/18 19:51,MALE,NA,1994-10-08,Not_through_referral
9350,7/13/18 21:55,FEMALE,NA,1992-10-03,Installed_through_referral
9351,7/15/18 16:57,MALE,NA,1994-06-05,Not_through_referral
9352,8/6/18 9:18,FEMALE,NA,1986-08-15,Not_through_referral
9353,6/5/18 15:43,MALE,NA,1983-09-18,Not_through_referral
9354,7/10/18 12:03,MALE,NA,1992-04-05,Not_through_referral
9355,6/8/18 15:49,MALE,NA,1997-04-10,Not_through_referral
9356,6/9/18 17:50,MALE,NA,1996-07-21,Not_through_referral
9357,6/15/18 23:59,MALE,NA,1995-06-30,Not_through_referral
9358,7/8/18 6:19,MALE,NA,1999-07-20,Not_through_referral
9359,7/5/18 9:42,MALE,NA,1996-10-04,Not_through_referral
9360,7/20/18 12:43,MALE,NA,1996-05-03,Installed_through_referral
9361,7/21/18 14:50,MALE,NA,1999-09-09,Installed_through_referral
9362,8/4/18 13:56,FEMALE,NA,2018-08-04,Not_through_referral
9363,6/2/18 2:32,MALE,NA,1986-07-25,Installed_through_referral
9364,6/9/18 18:46,MALE,NA,1998-01-21,Installed_through_referral
9365,6/30/18 18:34,MALE,NA,1988-12-11,Not_through_referral
9366,7/9/18 17:00,MALE,NA,2001-05-30,Not_through_referral
9367,7/2/18 11:45,MALE,NA,2018-07-02,Not_through_referral
9368,7/24/18 16:17,MALE,NA,1993-08-14,Not_through_referral
9369,6/12/18 17:50,FEMALE,NA,1986-06-12,Not_through_referral
9370,6/5/18 17:00,MALE,NA,1987-09-20,Not_through_referral
9371,6/23/18 18:43,MALE,NA,1989-04-23,Not_through_referral
9372,6/25/18 18:17,MALE,NA,2001-06-25,Not_through_referral
9373,6/26/18 15:10,MALE,NA,1997-05-25,Not_through_referral
9374,7/2/18 17:26,MALE,NA,1990-06-24,Installed_through_referral
9375,7/14/18 21:21,NA,NA,1900-01-00,Not_through_referral
9376,7/27/18 10:26,NA,NA,1900-01-00,Not_through_referral
9377,8/2/18 12:47,MALE,NA,1987-01-16,Installed_through_referral
9378,8/9/18 13:51,NA,NA,1900-01-00,Not_through_referral
9379,8/3/18 23:28,MALE,NA,2018-07-10,Not_through_referral
9380,8/19/18 21:38,MALE,NA,1987-09-02,Not_through_referral
9381,8/22/18 22:38,MALE,NA,2007-05-16,Not_through_referral
9382,9/10/18 23:32,FEMALE,NA,1993-09-10,Not_through_referral
9383,9/13/18 21:42,MALE,NA,1985-07-04,Not_through_referral
9384,8/24/18 15:39,MALE,NA,1999-02-06,Installed_through_referral
9385,9/5/18 13:26,MALE,NA,1989-08-22,Installed_through_referral
9386,9/22/18 19:37,MALE,NA,1993-09-20,Not_through_referral
9387,8/16/18 23:13,FEMALE,NA,1984-04-17,Not_through_referral
9388,8/22/18 13:21,MALE,NA,1991-03-22,Not_through_referral
9389,8/17/18 12:54,MALE,NA,2000-05-13,Installed_through_referral
9390,8/26/18 12:43,MALE,NA,1991-01-31,Not_through_referral
9391,9/3/18 17:30,MALE,NA,2018-09-03,Installed_through_referral
9392,8/31/18 17:32,MALE,NA,1995-06-17,Installed_through_referral
9393,9/11/18 22:22,FEMALE,NA,2018-05-10,Not_through_referral
9394,9/14/18 11:10,FEMALE,NA,1999-07-10,Not_through_referral
9395,9/25/18 9:56,FEMALE,NA,1983-10-12,Not_through_referral
9396,8/30/18 16:00,FEMALE,NA,1992-08-19,Not_through_referral
9397,8/25/18 23:13,MALE,NA,2018-08-25,Installed_through_referral
9398,9/20/18 21:15,MALE,NA,1996-12-03,Not_through_referral
9399,9/22/18 12:38,FEMALE,NA,1993-05-10,Not_through_referral
9400,8/15/18 15:23,MALE,NA,2018-08-15,Installed_through_referral
9401,8/28/18 17:57,MALE,NA,1999-08-18,Installed_through_referral
9402,8/28/18 15:46,MALE,NA,1990-10-11,Not_through_referral
9403,9/18/18 12:59,MALE,NA,1997-09-29,Installed_through_referral
9404,9/20/18 18:31,FEMALE,NA,1992-04-07,Not_through_referral
9405,8/19/18 23:11,FEMALE,NA,1998-04-05,Not_through_referral
9406,8/21/18 14:37,MALE,NA,1998-04-10,Installed_through_referral
9407,9/7/18 1:39,MALE,NA,2018-09-07,Not_through_referral
9408,8/23/18 12:41,MALE,NA,1992-09-26,Not_through_referral
9409,9/7/18 10:40,FEMALE,NA,2018-06-19,Installed_through_referral
9410,6/4/18 12:43,FEMALE,NA,1994-12-18,Not_through_referral
9411,6/9/18 1:47,MALE,NA,2018-06-01,Not_through_referral
9412,6/4/18 12:54,MALE,NA,1996-06-06,Not_through_referral
9413,6/4/18 13:33,MALE,NA,2018-06-04,Installed_through_referral
9414,6/17/18 11:28,FEMALE,NA,2005-03-24,Not_through_referral
9415,6/13/18 0:03,MALE,NA,1999-08-11,Installed_through_referral
9416,6/22/18 13:01,MALE,NA,1968-11-23,Not_through_referral
9417,6/22/18 17:41,MALE,NA,2018-06-22,Installed_through_referral
9418,7/1/18 13:14,MALE,NA,1994-07-17,Not_through_referral
9419,7/7/18 13:44,MALE,NA,1994-10-07,Installed_through_referral
9420,7/7/18 15:52,FEMALE,NA,1976-07-10,Not_through_referral
9421,7/10/18 21:19,NA,NA,1900-01-00,Not_through_referral
9422,7/13/18 18:52,MALE,NA,1988-12-28,Not_through_referral
9423,7/27/18 17:29,MALE,NA,1996-03-16,Not_through_referral
9424,7/26/18 19:25,MALE,NA,1999-11-13,Not_through_referral
9425,8/5/18 17:06,MALE,NA,2005-02-05,Installed_through_referral
9426,6/2/18 20:36,MALE,NA,2018-06-02,Not_through_referral
9427,6/20/18 18:01,MALE,NA,1984-12-25,Not_through_referral
9428,6/15/18 20:12,MALE,NA,2018-06-15,Not_through_referral
9429,7/28/18 12:51,MALE,NA,2015-07-03,Not_through_referral
9430,7/25/18 21:17,FEMALE,NA,1994-07-12,Installed_through_referral
9431,7/24/18 16:23,FEMALE,NA,1994-07-08,Not_through_referral
9432,6/11/18 14:12,FEMALE,NA,1995-04-14,Installed_through_referral
9433,6/13/18 13:35,MALE,NA,1993-05-02,Installed_through_referral
9434,6/28/18 5:12,FEMALE,NA,1998-05-08,Not_through_referral
9435,7/5/18 15:06,FEMALE,NA,1994-07-08,Installed_through_referral
9436,7/19/18 8:02,MALE,NA,1991-07-08,Not_through_referral
9437,7/19/18 17:49,MALE,NA,2018-07-19,Not_through_referral
9438,7/28/18 21:03,MALE,NA,1999-07-28,Not_through_referral
9439,8/12/18 23:05,MALE,NA,2018-08-12,Not_through_referral
9440,6/11/18 17:00,MALE,NA,1999-06-11,Not_through_referral
9441,6/18/18 15:46,MALE,NA,1997-12-16,Not_through_referral
9442,7/7/18 13:28,MALE,NA,1990-07-01,Not_through_referral
9443,7/11/18 13:52,FEMALE,NA,2018-07-05,Installed_through_referral
9444,7/11/18 23:40,MALE,NA,1999-07-19,Not_through_referral
9445,7/15/18 2:10,MALE,NA,1996-07-03,Not_through_referral
9446,7/26/18 16:51,MALE,NA,1964-12-30,Not_through_referral
9447,8/1/18 16:30,MALE,NA,1993-03-04,Not_through_referral
9448,6/3/18 13:24,MALE,NA,2024-06-03,Not_through_referral
9449,6/4/18 10:29,FEMALE,NA,2018-06-02,Not_through_referral
9450,6/14/18 1:36,MALE,NA,1995-10-05,Not_through_referral
9451,6/25/18 22:32,MALE,NA,2018-06-25,Not_through_referral
9452,6/24/18 20:17,MALE,NA,2015-11-03,Not_through_referral
9453,7/2/18 15:58,MALE,NA,1997-07-01,Not_through_referral
9454,7/4/18 21:20,MALE,NA,1999-12-08,Not_through_referral
9455,7/8/18 18:19,FEMALE,NA,1996-03-12,Installed_through_referral
9456,7/8/18 20:39,MALE,NA,1993-12-04,Not_through_referral
9457,7/22/18 19:05,FEMALE,NA,1985-06-07,Not_through_referral
9458,8/10/18 10:17,FEMALE,NA,1998-08-22,Not_through_referral
9459,8/13/18 0:54,MALE,NA,1992-08-12,Not_through_referral
9460,6/7/18 20:21,MALE,NA,1995-05-08,Installed_through_referral
9461,6/20/18 17:51,FEMALE,NA,1995-06-06,Not_through_referral
9462,6/30/18 15:13,MALE,NA,1993-09-19,Not_through_referral
9463,6/24/18 12:07,MALE,NA,1997-03-19,Installed_through_referral
9464,7/8/18 0:14,MALE,NA,1995-07-08,Not_through_referral
9465,7/11/18 10:56,FEMALE,NA,1993-07-04,Installed_through_referral
9466,7/21/18 0:37,MALE,NA,1993-02-14,Not_through_referral
9467,8/1/18 19:24,MALE,NA,1988-06-23,Not_through_referral
9468,6/2/18 21:46,MALE,NA,1998-12-09,Not_through_referral
9469,6/2/18 21:02,MALE,NA,1982-04-01,Not_through_referral
9470,6/15/18 11:07,MALE,NA,2018-06-01,Installed_through_referral
9471,6/16/18 20:18,MALE,NA,1996-05-14,Not_through_referral
9472,7/7/18 11:49,MALE,NA,1998-06-24,Not_through_referral
9473,7/20/18 15:16,MALE,NA,1992-07-12,Not_through_referral
9474,8/14/18 9:06,MALE,NA,1997-08-21,Installed_through_referral
9475,6/1/18 9:49,MALE,NA,1994-10-01,Not_through_referral
9476,6/7/18 13:42,FEMALE,NA,1999-05-07,Installed_through_referral
9477,6/16/18 21:30,MALE,NA,1990-02-18,Not_through_referral
9478,6/15/18 12:57,MALE,NA,1988-09-07,Not_through_referral
9479,6/26/18 14:41,MALE,NA,2015-10-16,Installed_through_referral
9480,7/5/18 16:35,FEMALE,NA,1998-11-01,Not_through_referral
9481,7/19/18 14:45,MALE,NA,2009-09-09,Installed_through_referral
9482,7/24/18 18:31,MALE,NA,1989-11-13,Not_through_referral
9483,7/30/18 17:25,MALE,NA,1993-10-15,Not_through_referral
9484,8/12/18 4:18,MALE,NA,1996-11-05,Installed_through_referral
9485,6/13/18 15:26,MALE,NA,1998-05-07,Not_through_referral
9486,6/28/18 14:48,FEMALE,NA,2018-06-28,Not_through_referral
9487,7/6/18 9:24,MALE,NA,1996-02-05,Installed_through_referral
9488,7/16/18 18:52,MALE,NA,1997-12-11,Installed_through_referral
9489,7/22/18 20:00,MALE,NA,1992-01-15,Not_through_referral
9490,7/15/18 18:51,MALE,NA,1986-06-17,Installed_through_referral
9491,8/9/18 23:26,FEMALE,NA,1997-07-26,Not_through_referral
9492,6/9/18 10:40,FEMALE,NA,1983-08-12,Not_through_referral
9493,6/4/18 15:40,FEMALE,NA,1995-08-16,Installed_through_referral
9494,6/9/18 13:49,FEMALE,NA,1994-10-15,Not_through_referral
9495,6/8/18 12:44,MALE,NA,1981-06-10,Not_through_referral
9496,6/20/18 11:55,MALE,NA,1971-06-14,Not_through_referral
9497,6/19/18 15:48,FEMALE,NA,1995-04-20,Not_through_referral
9498,6/30/18 14:34,MALE,NA,1997-05-06,Not_through_referral
9499,7/2/18 23:12,MALE,NA,1992-11-06,Installed_through_referral
9500,7/6/18 20:14,MALE,NA,1999-07-01,Installed_through_referral
9501,7/16/18 18:49,MALE,NA,1999-06-07,Not_through_referral
9502,8/2/18 12:31,MALE,NA,1998-08-06,Not_through_referral
9503,8/13/18 12:29,MALE,NA,1994-10-19,Not_through_referral
9504,8/13/18 16:05,FEMALE,NA,1991-08-17,Installed_through_referral
9505,8/23/18 13:14,MALE,NA,1999-10-29,Installed_through_referral
9506,9/17/18 6:23,MALE,NA,1995-03-02,Not_through_referral
9507,9/6/18 16:53,FEMALE,NA,1995-05-17,Installed_through_referral
9508,9/10/18 21:40,FEMALE,NA,1991-06-03,Not_through_referral
9509,9/12/18 13:05,MALE,NA,1995-09-25,Not_through_referral
9510,9/26/18 15:50,MALE,NA,2018-09-26,Installed_through_referral
9511,9/28/18 19:34,MALE,NA,2018-09-28,Installed_through_referral
9512,8/23/18 9:05,MALE,NA,1992-01-12,Not_through_referral
9513,8/26/18 20:04,FEMALE,NA,1996-02-19,Not_through_referral
9514,9/4/18 18:36,FEMALE,NA,1987-02-21,Not_through_referral
9515,9/16/18 10:24,MALE,NA,1988-10-28,Not_through_referral
9516,9/19/18 16:00,MALE,NA,1992-02-24,Not_through_referral
9517,8/20/18 19:40,MALE,NA,1999-04-20,Not_through_referral
9518,8/24/18 20:42,FEMALE,NA,2018-08-24,Installed_through_referral
9519,8/27/18 1:15,MALE,NA,1993-12-19,Not_through_referral
9520,9/4/18 21:38,MALE,NA,1981-07-12,Not_through_referral
9521,9/29/18 21:42,MALE,NA,1987-12-12,Not_through_referral
9522,9/24/18 1:43,MALE,NA,1995-04-11,Not_through_referral
9523,8/25/18 22:42,MALE,NA,2018-08-25,Installed_through_referral
9524,8/31/18 18:27,MALE,NA,1988-08-31,Not_through_referral
9525,9/13/18 8:35,MALE,NA,2018-09-13,Not_through_referral
9526,9/11/18 17:17,MALE,NA,1966-03-14,Installed_through_referral
9527,9/3/18 0:04,MALE,NA,1999-11-08,Not_through_referral
9528,9/16/18 10:17,FEMALE,NA,1998-10-04,Not_through_referral
9529,9/6/18 12:28,MALE,NA,1997-01-13,Not_through_referral
9530,9/15/18 1:11,MALE,NA,1988-08-26,Not_through_referral
9531,6/28/18 20:03,MALE,NA,1997-11-27,Not_through_referral
9532,7/6/18 0:11,MALE,NA,1993-08-21,Installed_through_referral
9533,7/15/18 1:48,MALE,NA,1996-10-14,Not_through_referral
9534,7/17/18 12:44,FEMALE,NA,1992-10-17,Installed_through_referral
9535,7/16/18 15:00,MALE,NA,1997-08-02,Not_through_referral
9536,7/28/18 14:04,MALE,NA,1997-06-28,Not_through_referral
9537,6/3/18 11:54,MALE,NA,1997-01-19,Installed_through_referral
9538,6/1/18 15:01,FEMALE,NA,1994-05-28,Installed_through_referral
9539,6/4/18 20:37,MALE,NA,2018-06-04,Installed_through_referral
9540,6/18/18 17:18,MALE,NA,2018-06-18,Not_through_referral
9541,6/18/18 15:49,MALE,NA,1995-06-21,Not_through_referral
9542,6/28/18 21:58,MALE,NA,1990-10-10,Not_through_referral
9543,7/20/18 18:18,MALE,NA,1992-07-22,Not_through_referral
9544,7/22/18 20:03,FEMALE,NA,1999-01-26,Not_through_referral
9545,7/18/18 17:48,FEMALE,NA,1988-03-14,Not_through_referral
9546,8/12/18 14:49,MALE,NA,1978-06-06,Not_through_referral
9547,7/3/18 18:46,MALE,NA,1984-07-03,Installed_through_referral
9548,7/21/18 19:54,MALE,NA,2018-07-21,Not_through_referral
9549,8/2/18 17:59,FEMALE,NA,2000-05-20,Installed_through_referral
9550,7/23/18 19:03,MALE,NA,1992-06-20,Not_through_referral
9551,8/4/18 16:53,MALE,NA,1995-10-10,Installed_through_referral
9552,8/9/18 12:46,FEMALE,NA,1997-07-04,Not_through_referral
9553,8/9/18 20:24,FEMALE,NA,1993-01-27,Installed_through_referral
9554,8/12/18 16:24,MALE,NA,2018-08-12,Installed_through_referral
9555,6/1/18 19:51,MALE,NA,1995-08-30,Not_through_referral
9556,6/18/18 15:35,FEMALE,NA,1992-05-01,Installed_through_referral
9557,6/19/18 12:07,MALE,NA,1978-01-26,Not_through_referral
9558,6/30/18 12:31,FEMALE,NA,1990-05-25,Installed_through_referral
9559,7/6/18 13:33,MALE,NA,1981-10-13,Installed_through_referral
9560,7/11/18 19:37,MALE,NA,1994-06-09,Not_through_referral
9561,7/5/18 19:07,MALE,NA,1999-01-28,Not_through_referral
9562,7/31/18 17:23,MALE,NA,1998-07-01,Not_through_referral
9563,8/4/18 14:27,MALE,NA,1994-07-01,Not_through_referral
9564,8/10/18 18:19,MALE,NA,1997-04-02,Installed_through_referral
9565,6/1/18 23:43,MALE,NA,1970-11-26,Not_through_referral
9566,6/7/18 17:05,MALE,NA,1998-01-15,Not_through_referral
9567,6/10/18 14:25,MALE,NA,1990-08-19,Not_through_referral
9568,6/7/18 21:56,MALE,NA,2018-06-07,Installed_through_referral
9569,6/9/18 10:41,MALE,NA,2018-06-09,Not_through_referral
9570,6/17/18 21:23,MALE,NA,1979-08-21,Not_through_referral
9571,6/15/18 18:43,MALE,NA,1996-06-15,Not_through_referral
9572,6/25/18 15:06,MALE,NA,2008-01-01,Not_through_referral
9573,7/5/18 13:37,FEMALE,NA,2018-07-05,Not_through_referral
9574,7/20/18 21:32,MALE,NA,1991-07-12,Not_through_referral
9575,7/14/18 21:25,MALE,NA,1999-05-13,Not_through_referral
9576,8/4/18 16:29,FEMALE,NA,2014-09-18,Installed_through_referral
9577,6/1/18 14:48,FEMALE,NA,1985-05-05,Installed_through_referral
9578,6/9/18 9:59,FEMALE,NA,2018-06-09,Not_through_referral
9579,6/12/18 12:06,FEMALE,NA,1997-06-12,Not_through_referral
9580,6/24/18 11:01,FEMALE,NA,1995-05-29,Not_through_referral
9581,8/7/18 23:06,MALE,NA,1998-10-05,Not_through_referral
9582,6/10/18 16:27,FEMALE,NA,1994-05-21,Installed_through_referral
9583,6/16/18 20:56,FEMALE,NA,2018-02-05,Not_through_referral
9584,7/28/18 1:10,MALE,NA,1990-02-27,Not_through_referral
9585,7/30/18 12:58,MALE,NA,1983-10-27,Not_through_referral
9586,7/24/18 16:48,MALE,NA,1971-10-23,Not_through_referral
9587,8/4/18 8:44,MALE,NA,1999-09-13,Not_through_referral
9588,6/10/18 13:55,MALE,NA,1995-08-16,Not_through_referral
9589,6/8/18 21:06,MALE,NA,2017-08-15,Installed_through_referral
9590,6/27/18 18:01,MALE,NA,1998-05-04,Not_through_referral
9591,7/6/18 9:35,FEMALE,NA,1986-06-05,Installed_through_referral
9592,6/1/18 18:36,MALE,NA,1990-06-01,Installed_through_referral
9593,6/20/18 0:37,MALE,NA,1986-01-21,Not_through_referral
9594,6/22/18 17:19,MALE,NA,2018-06-21,Not_through_referral
9595,6/27/18 16:46,MALE,NA,1995-09-10,Installed_through_referral
9596,7/14/18 16:21,FEMALE,NA,1997-06-05,Installed_through_referral
9597,8/1/18 0:26,FEMALE,NA,1996-11-20,Not_through_referral
9598,8/5/18 9:54,MALE,NA,2018-08-05,Installed_through_referral
9599,6/1/18 13:15,MALE,NA,1986-12-08,Not_through_referral
9600,6/8/18 18:10,MALE,NA,2011-12-11,Not_through_referral
9601,6/22/18 16:14,FEMALE,NA,1986-10-31,Not_through_referral
9602,6/23/18 19:31,MALE,NA,1987-02-17,Not_through_referral
9603,7/4/18 23:38,MALE,NA,1994-03-24,Not_through_referral
9604,7/18/18 8:24,MALE,NA,1999-08-06,Not_through_referral
9605,8/10/18 20:37,FEMALE,NA,1997-01-21,Not_through_referral
9606,8/30/18 20:50,MALE,NA,1968-01-31,Installed_through_referral
9607,8/29/18 18:29,FEMALE,NA,1997-02-16,Not_through_referral
9608,9/26/18 12:43,FEMALE,NA,2000-08-08,Not_through_referral
9609,8/17/18 14:05,MALE,NA,2018-08-17,Installed_through_referral
9610,8/30/18 19:44,MALE,NA,1998-09-30,Installed_through_referral
9611,9/4/18 19:25,FEMALE,NA,1995-01-20,Not_through_referral
9612,9/2/18 14:55,MALE,NA,1998-12-21,Not_through_referral
9613,9/9/18 22:50,FEMALE,NA,1984-11-28,Not_through_referral
9614,8/25/18 23:22,MALE,NA,2018-08-25,Installed_through_referral
9615,9/19/18 14:46,MALE,NA,1997-10-20,Not_through_referral
9616,9/7/18 19:18,MALE,NA,2014-08-21,Installed_through_referral
9617,8/17/18 16:47,MALE,NA,1997-10-15,Not_through_referral
9618,8/23/18 18:13,MALE,NA,2001-03-20,Not_through_referral
9619,9/28/18 7:50,NA,NA,1900-01-00,Not_through_referral
9620,8/16/18 9:03,MALE,NA,1994-08-11,Not_through_referral
9621,9/2/18 23:11,MALE,NA,1991-09-02,Installed_through_referral
9622,9/2/18 18:56,FEMALE,NA,1961-09-02,Not_through_referral
9623,6/11/18 17:32,NA,NA,1900-01-00,Not_through_referral
9624,6/28/18 15:52,MALE,NA,1996-09-19,Not_through_referral
9625,6/26/18 15:02,MALE,NA,1968-01-31,Not_through_referral
9626,6/22/18 17:39,MALE,NA,1983-01-22,Installed_through_referral
9627,7/17/18 21:59,MALE,NA,1999-04-26,Not_through_referral
9628,7/29/18 19:36,MALE,NA,1980-09-04,Installed_through_referral
9629,8/2/18 18:05,MALE,NA,2000-11-22,Installed_through_referral
9630,8/10/18 13:22,MALE,NA,1987-05-27,Not_through_referral
9631,6/11/18 20:26,MALE,NA,1986-07-03,Not_through_referral
9632,6/12/18 19:57,MALE,NA,2018-06-12,Installed_through_referral
9633,6/17/18 23:25,FEMALE,NA,2016-08-26,Installed_through_referral
9634,6/25/18 19:24,MALE,NA,1992-07-08,Installed_through_referral
9635,7/15/18 16:24,MALE,NA,1980-07-15,Not_through_referral
9636,7/17/18 17:44,MALE,NA,1996-01-01,Installed_through_referral
9637,6/29/18 22:05,MALE,NA,1986-10-16,Not_through_referral
9638,8/10/18 17:51,MALE,NA,2000-08-08,Not_through_referral
9639,8/5/18 16:05,MALE,NA,2018-08-05,Installed_through_referral
9640,6/5/18 19:19,MALE,NA,1995-06-01,Installed_through_referral
9641,6/22/18 16:38,FEMALE,NA,1975-10-13,Not_through_referral
9642,6/24/18 20:15,MALE,NA,1989-09-07,Not_through_referral
9643,7/1/18 13:52,MALE,NA,1986-10-26,Not_through_referral
9644,7/25/18 19:02,MALE,NA,1992-07-19,Not_through_referral
9645,8/11/18 19:24,MALE,NA,1990-08-11,Not_through_referral
9646,8/9/18 14:28,MALE,NA,1998-11-25,Not_through_referral
9647,6/2/18 18:12,MALE,NA,1992-05-01,Installed_through_referral
9648,6/12/18 23:44,FEMALE,NA,2001-05-11,Not_through_referral
9649,6/14/18 11:34,MALE,NA,2018-06-14,Not_through_referral
9650,6/22/18 14:34,MALE,NA,2018-06-22,Installed_through_referral
9651,6/29/18 17:27,MALE,NA,1973-04-28,Not_through_referral
9652,7/31/18 20:25,MALE,NA,1998-02-10,Installed_through_referral
9653,7/24/18 18:50,MALE,NA,2018-07-24,Not_through_referral
9654,8/9/18 14:02,FEMALE,NA,1997-02-24,Not_through_referral
9655,8/10/18 13:19,FEMALE,NA,1997-06-08,Installed_through_referral
9656,6/2/18 22:22,MALE,NA,1995-10-11,Not_through_referral
9657,6/8/18 7:15,FEMALE,NA,2017-12-15,Not_through_referral
9658,6/14/18 10:51,MALE,NA,2010-05-12,Installed_through_referral
9659,6/16/18 16:14,MALE,NA,1989-08-15,Not_through_referral
9660,6/16/18 21:03,MALE,NA,2018-01-11,Not_through_referral
9661,6/13/18 15:25,MALE,NA,1989-01-22,Not_through_referral
9662,6/24/18 15:59,MALE,NA,1996-04-15,Not_through_referral
9663,7/7/18 18:55,MALE,NA,1991-03-04,Not_through_referral
9664,7/12/18 20:28,FEMALE,NA,1991-08-08,Installed_through_referral
9665,7/20/18 11:02,MALE,NA,1995-12-19,Not_through_referral
9666,7/25/18 23:44,MALE,NA,1998-04-22,Not_through_referral
9667,8/12/18 19:11,MALE,NA,2018-08-12,Not_through_referral
9668,6/18/18 18:59,MALE,NA,2018-06-18,Not_through_referral
9669,7/2/18 17:22,MALE,NA,1982-01-07,Not_through_referral
9670,7/15/18 0:43,MALE,NA,1999-11-25,Not_through_referral
9671,7/18/18 20:25,MALE,NA,2018-07-17,Not_through_referral
9672,8/3/18 13:05,MALE,NA,1995-08-15,Not_through_referral
9673,6/2/18 21:09,MALE,NA,2003-04-04,Not_through_referral
9674,6/5/18 19:37,MALE,NA,1990-06-01,Installed_through_referral
9675,6/22/18 16:15,MALE,NA,1997-03-12,Installed_through_referral
9676,7/3/18 17:05,MALE,NA,1998-03-15,Not_through_referral
9677,7/4/18 16:59,MALE,NA,1994-11-07,Not_through_referral
9678,7/2/18 15:02,MALE,NA,1998-07-12,Not_through_referral
9679,7/8/18 18:33,MALE,NA,1988-02-12,Not_through_referral
9680,7/8/18 17:48,MALE,NA,1999-11-21,Not_through_referral
9681,7/17/18 22:00,MALE,NA,1999-11-19,Not_through_referral
9682,8/13/18 6:11,MALE,NA,2000-09-23,Not_through_referral
9683,6/17/18 8:22,MALE,NA,1999-06-27,Not_through_referral
9684,6/17/18 14:22,MALE,NA,2018-06-17,Installed_through_referral
9685,7/4/18 0:58,FEMALE,NA,1995-03-30,Not_through_referral
9686,7/23/18 22:34,MALE,NA,1986-05-21,Not_through_referral
9687,6/3/18 18:51,MALE,NA,1986-01-08,Not_through_referral
9688,6/4/18 22:24,FEMALE,NA,2013-09-12,Not_through_referral
9689,6/15/18 19:13,MALE,NA,1994-11-24,Installed_through_referral
9690,6/15/18 13:50,MALE,NA,2018-06-15,Installed_through_referral
9691,6/20/18 5:23,MALE,NA,1998-06-20,Not_through_referral
9692,6/22/18 21:48,MALE,NA,1994-07-07,Not_through_referral
9693,6/23/18 13:08,MALE,NA,1997-08-28,Not_through_referral
9694,7/6/18 21:26,MALE,NA,1984-07-31,Installed_through_referral
9695,7/10/18 21:38,FEMALE,NA,1993-08-10,Not_through_referral
9696,7/21/18 17:29,MALE,NA,1996-10-07,Not_through_referral
9697,7/26/18 19:52,MALE,NA,2018-02-17,Not_through_referral
9698,8/5/18 18:47,FEMALE,NA,1990-10-16,Not_through_referral
9699,8/28/18 15:56,MALE,NA,2018-08-28,Installed_through_referral
9700,9/2/18 18:07,FEMALE,NA,1992-11-22,Installed_through_referral
9701,8/29/18 13:57,MALE,NA,2000-07-21,Not_through_referral
9702,9/20/18 14:25,NA,NA,1900-01-00,Installed_through_referral
9703,9/9/18 12:57,MALE,NA,2000-08-08,Not_through_referral
9704,9/8/18 16:34,MALE,NA,2017-01-12,Not_through_referral
9705,8/17/18 11:23,MALE,NA,1974-01-06,Not_through_referral
9706,9/7/18 11:32,FEMALE,NA,1990-07-04,Installed_through_referral
9707,8/16/18 14:28,MALE,NA,1988-06-05,Not_through_referral
9708,8/19/18 16:49,MALE,NA,1993-03-23,Not_through_referral
9709,8/26/18 18:53,FEMALE,NA,1998-12-12,Installed_through_referral
9710,8/18/18 11:50,MALE,NA,1983-04-08,Not_through_referral
9711,8/18/18 13:20,MALE,NA,2018-08-18,Not_through_referral
9712,8/29/18 16:23,MALE,NA,2001-10-14,Not_through_referral
9713,9/20/18 15:11,MALE,NA,1997-08-10,Installed_through_referral
9714,8/20/18 15:22,FEMALE,NA,1998-02-03,Not_through_referral
9715,8/23/18 9:47,MALE,NA,1995-08-25,Not_through_referral
9716,9/3/18 23:19,MALE,NA,1983-10-03,Not_through_referral
9717,9/25/18 13:43,FEMALE,NA,1996-05-28,Not_through_referral
9718,9/27/18 18:12,MALE,NA,2018-09-27,Installed_through_referral
9719,8/25/18 1:48,MALE,NA,1991-06-16,Installed_through_referral
9720,8/15/18 16:38,MALE,NA,1998-09-29,Not_through_referral
9721,8/26/18 17:02,MALE,NA,1990-08-18,Not_through_referral
9722,9/7/18 20:01,MALE,NA,1989-10-02,Not_through_referral
9723,8/21/18 18:16,MALE,NA,1989-12-12,Not_through_referral
9724,9/3/18 17:01,FEMALE,NA,1998-06-25,Not_through_referral
9725,8/30/18 18:28,MALE,NA,1990-07-25,Not_through_referral
9726,9/17/18 15:36,MALE,NA,2000-10-07,Not_through_referral
9727,9/11/18 14:03,NA,NA,1900-01-00,Not_through_referral
9728,9/28/18 20:01,MALE,NA,1998-04-27,Installed_through_referral
9729,6/13/18 19:29,MALE,NA,1997-08-09,Not_through_referral
9730,6/25/18 16:38,MALE,NA,2018-06-25,Installed_through_referral
9731,6/24/18 16:39,FEMALE,NA,1996-06-20,Not_through_referral
9732,7/15/18 15:48,MALE,NA,2000-10-16,Installed_through_referral
9733,7/18/18 8:18,MALE,NA,1966-07-18,Not_through_referral
9734,7/26/18 15:48,MALE,NA,1994-04-09,Installed_through_referral
9735,8/12/18 17:31,MALE,NA,2002-08-15,Not_through_referral
9736,8/7/18 1:12,MALE,NA,1997-06-21,Not_through_referral
9737,6/26/18 15:32,NA,NA,1900-01-00,Not_through_referral
9738,7/10/18 9:21,MALE,NA,2000-04-29,Not_through_referral
9739,7/21/18 20:02,MALE,NA,2017-06-14,Not_through_referral
9740,7/17/18 16:04,MALE,NA,2018-07-17,Not_through_referral
9741,7/25/18 17:26,MALE,NA,1993-02-26,Not_through_referral
9742,7/26/18 15:51,MALE,NA,1995-01-26,Not_through_referral
9743,8/5/18 21:50,FEMALE,NA,2012-01-01,Not_through_referral
9744,6/3/18 21:39,MALE,NA,1984-05-01,Not_through_referral
9745,6/18/18 16:09,MALE,NA,1985-06-18,Not_through_referral
9746,6/19/18 1:37,FEMALE,NA,1994-11-04,Not_through_referral
9747,6/20/18 13:52,MALE,NA,1998-08-18,Not_through_referral
9748,7/16/18 15:44,FEMALE,NA,2017-08-23,Installed_through_referral
9749,7/21/18 23:07,MALE,NA,1995-10-10,Not_through_referral
9750,7/31/18 16:35,MALE,NA,2000-07-31,Installed_through_referral
9751,8/11/18 17:20,MALE,NA,1985-08-08,Not_through_referral
9752,6/5/18 7:11,MALE,NA,2018-06-05,Not_through_referral
9753,6/17/18 19:50,NA,NA,1900-01-00,Not_through_referral
9754,7/9/18 11:13,MALE,NA,1985-02-04,Not_through_referral
9755,7/19/18 20:11,MALE,NA,1984-06-22,Not_through_referral
9756,7/26/18 7:19,FEMALE,NA,1998-04-10,Not_through_referral
9757,6/2/18 22:18,MALE,NA,1998-09-01,Not_through_referral
9758,6/19/18 21:27,MALE,NA,2018-06-19,Installed_through_referral
9759,6/25/18 20:19,MALE,NA,2018-06-25,Not_through_referral
9760,7/16/18 16:09,MALE,NA,1991-04-03,Not_through_referral
9761,7/17/18 15:26,MALE,NA,1990-11-12,Not_through_referral
9762,8/3/18 20:46,MALE,NA,1998-09-02,Not_through_referral
9763,8/8/18 23:01,FEMALE,NA,2000-04-23,Not_through_referral
9764,6/2/18 16:17,MALE,NA,1993-07-20,Not_through_referral
9765,6/9/18 20:49,MALE,NA,1997-10-21,Not_through_referral
9766,6/18/18 21:03,MALE,NA,1992-09-02,Not_through_referral
9767,6/25/18 15:11,MALE,NA,2018-06-25,Installed_through_referral
9768,7/8/18 16:42,MALE,NA,2018-01-15,Not_through_referral
9769,7/9/18 10:42,MALE,NA,1990-12-13,Not_through_referral
9770,7/24/18 13:08,MALE,NA,1994-08-18,Not_through_referral
9771,8/7/18 20:10,MALE,NA,1982-11-15,Installed_through_referral
9772,6/10/18 11:34,MALE,NA,2001-02-08,Installed_through_referral
9773,6/7/18 16:36,FEMALE,NA,1995-11-18,Not_through_referral
9774,6/5/18 11:31,MALE,NA,1997-06-05,Not_through_referral
9775,6/23/18 19:36,MALE,NA,2018-06-23,Installed_through_referral
9776,7/7/18 19:06,NA,NA,1900-01-00,Not_through_referral
9777,7/18/18 22:47,MALE,NA,1996-07-25,Not_through_referral
9778,7/17/18 13:59,MALE,NA,1997-11-25,Not_through_referral
9779,7/18/18 15:41,MALE,NA,2018-07-18,Installed_through_referral
9780,7/24/18 17:58,MALE,NA,1969-02-01,Not_through_referral
9781,6/3/18 1:13,MALE,NA,1990-06-22,Installed_through_referral
9782,6/7/18 10:17,MALE,NA,1978-12-10,Not_through_referral
9783,6/23/18 12:38,MALE,NA,2018-06-07,Not_through_referral
9784,7/11/18 23:16,NA,NA,1900-01-00,Not_through_referral
9785,8/1/18 10:59,FEMALE,NA,2018-07-22,Not_through_referral
9786,6/12/18 11:10,MALE,NA,1998-05-15,Installed_through_referral
9787,6/12/18 22:04,MALE,NA,1997-01-23,Installed_through_referral
9788,6/26/18 18:54,MALE,NA,1983-06-28,Installed_through_referral
9789,6/30/18 17:11,MALE,NA,1970-04-11,Not_through_referral
9790,6/26/18 17:28,MALE,NA,2036-09-01,Not_through_referral
9791,6/24/18 17:10,MALE,NA,1989-07-16,Not_through_referral
9792,7/5/18 14:56,MALE,NA,1997-06-27,Not_through_referral
9793,7/16/18 17:22,MALE,NA,2018-07-16,Not_through_referral
9794,7/13/18 17:48,MALE,NA,1997-07-07,Not_through_referral
9795,6/1/18 13:54,MALE,NA,2001-03-10,Not_through_referral
9796,6/2/18 11:23,MALE,NA,1995-08-10,Not_through_referral
9797,6/8/18 11:48,MALE,NA,1984-08-25,Not_through_referral
9798,7/27/18 6:57,MALE,NA,2000-06-06,Not_through_referral
9799,8/5/18 21:20,MALE,NA,2007-07-25,Not_through_referral
9800,8/21/18 19:48,MALE,NA,1994-07-05,Installed_through_referral
9801,8/22/18 17:15,MALE,NA,1996-07-07,Not_through_referral
9802,9/12/18 16:23,NA,NA,1900-01-00,Installed_through_referral
9803,8/15/18 17:24,MALE,NA,2018-08-15,Installed_through_referral
9804,8/18/18 15:25,MALE,NA,1999-02-07,Not_through_referral
9805,8/19/18 17:32,MALE,NA,2018-02-22,Not_through_referral
9806,8/22/18 21:14,MALE,NA,1980-11-05,Not_through_referral
9807,8/23/18 19:13,MALE,NA,1999-01-27,Not_through_referral
9808,9/8/18 10:18,MALE,NA,1990-09-26,Not_through_referral
9809,8/16/18 11:02,FEMALE,NA,1994-03-24,Installed_through_referral
9810,8/19/18 18:37,FEMALE,NA,1990-07-27,Not_through_referral
9811,8/21/18 15:30,MALE,NA,2018-08-21,Not_through_referral
9812,8/18/18 18:23,FEMALE,NA,1983-09-20,Not_through_referral
9813,9/26/18 21:39,MALE,NA,1979-10-25,Not_through_referral
9814,8/20/18 10:46,MALE,NA,1997-01-25,Installed_through_referral
9815,8/29/18 13:14,MALE,NA,2018-08-29,Installed_through_referral
9816,8/26/18 16:35,FEMALE,NA,2005-08-23,Not_through_referral
9817,6/1/18 16:51,MALE,NA,1994-06-22,Installed_through_referral
9818,6/9/18 17:10,MALE,NA,1995-05-30,Installed_through_referral
9819,6/11/18 3:33,FEMALE,NA,1990-06-16,Not_through_referral
9820,6/21/18 13:53,MALE,NA,1994-03-17,Not_through_referral
9821,6/20/18 22:29,MALE,NA,1986-02-20,Not_through_referral
9822,6/23/18 14:33,MALE,NA,1984-01-24,Not_through_referral
9823,6/22/18 12:39,MALE,NA,1994-04-26,Not_through_referral
9824,7/14/18 19:20,FEMALE,NA,1994-10-19,Not_through_referral
9825,7/22/18 23:13,MALE,NA,2018-04-08,Not_through_referral
9826,8/3/18 12:49,FEMALE,NA,1989-05-09,Not_through_referral
9827,8/7/18 20:03,MALE,NA,1999-08-11,Installed_through_referral
9828,6/30/18 17:44,NA,NA,1900-01-00,Not_through_referral
9829,6/22/18 21:56,MALE,NA,1990-05-29,Installed_through_referral
9830,7/4/18 16:42,FEMALE,NA,1991-01-01,Installed_through_referral
9831,7/6/18 15:00,FEMALE,NA,2018-07-06,Not_through_referral
9832,7/25/18 12:43,FEMALE,NA,2018-07-13,Not_through_referral
9833,8/5/18 14:09,MALE,NA,1990-05-22,Not_through_referral
9834,6/6/18 23:33,FEMALE,NA,2003-06-06,Not_through_referral
9835,7/19/18 12:55,MALE,NA,1995-07-07,Not_through_referral
9836,7/13/18 18:02,MALE,NA,1997-06-15,Installed_through_referral
9837,7/25/18 19:41,MALE,NA,1979-05-21,Not_through_referral
9838,8/5/18 15:07,MALE,NA,2018-08-05,Installed_through_referral
9839,8/10/18 18:19,MALE,NA,2018-08-10,Not_through_referral
9840,6/10/18 21:07,MALE,NA,1978-08-29,Not_through_referral
9841,6/24/18 13:56,MALE,NA,2018-06-24,Not_through_referral
9842,7/7/18 18:31,FEMALE,NA,1978-10-12,Not_through_referral
9843,7/5/18 22:29,MALE,NA,2002-04-10,Not_through_referral
9844,7/6/18 23:15,MALE,NA,1997-12-13,Not_through_referral
9845,7/13/18 14:23,FEMALE,NA,2017-12-13,Not_through_referral
9846,8/9/18 22:09,MALE,NA,2018-06-12,Not_through_referral
9847,6/2/18 17:33,MALE,NA,2018-02-07,Installed_through_referral
9848,6/2/18 2:52,MALE,NA,1986-12-29,Installed_through_referral
9849,6/9/18 20:27,MALE,NA,2018-06-09,Installed_through_referral
9850,7/16/18 16:38,MALE,NA,1996-08-22,Not_through_referral
9851,7/16/18 17:04,MALE,NA,2018-07-16,Installed_through_referral
9852,7/14/18 18:22,MALE,NA,1997-01-21,Not_through_referral
9853,8/12/18 15:59,MALE,NA,2017-09-07,Not_through_referral
9854,6/2/18 13:00,FEMALE,NA,1993-10-06,Installed_through_referral
9855,6/3/18 2:05,FEMALE,NA,1987-02-02,Installed_through_referral
9856,6/8/18 13:06,FEMALE,NA,1989-05-11,Installed_through_referral
9857,6/8/18 14:48,FEMALE,NA,1995-09-02,Not_through_referral
9858,6/17/18 15:52,MALE,NA,1998-06-30,Installed_through_referral
9859,6/13/18 21:43,MALE,NA,1996-06-10,Installed_through_referral
9860,6/22/18 15:29,FEMALE,NA,1999-03-15,Not_through_referral
9861,7/14/18 19:10,MALE,NA,2001-11-06,Not_through_referral
9862,7/20/18 1:52,FEMALE,NA,2018-07-02,Not_through_referral
9863,7/25/18 19:38,MALE,NA,2018-07-19,Not_through_referral
9864,8/13/18 17:15,FEMALE,NA,1987-08-12,Not_through_referral
9865,8/13/18 23:29,FEMALE,NA,1992-06-11,Installed_through_referral
9866,6/4/18 18:47,MALE,NA,1986-12-25,Not_through_referral
9867,6/24/18 17:17,MALE,NA,1995-07-21,Not_through_referral
9868,7/1/18 20:33,MALE,NA,1992-12-10,Not_through_referral
9869,7/13/18 21:16,MALE,NA,1990-01-25,Installed_through_referral
9870,7/14/18 9:43,MALE,NA,1993-01-05,Installed_through_referral
9871,6/5/18 10:58,FEMALE,NA,1994-12-20,Not_through_referral
9872,6/14/18 9:06,MALE,NA,1998-06-18,Not_through_referral
9873,7/27/18 17:37,FEMALE,NA,1988-11-08,Installed_through_referral
9874,7/27/18 14:28,MALE,NA,1994-08-30,Installed_through_referral
9875,8/2/18 17:35,MALE,NA,1973-01-26,Not_through_referral
9876,8/9/18 12:46,MALE,NA,1997-07-16,Not_through_referral
9877,6/8/18 13:34,MALE,NA,1988-08-02,Not_through_referral
9878,6/17/18 10:03,MALE,NA,2018-01-05,Not_through_referral
9879,7/1/18 10:41,MALE,NA,1996-01-19,Installed_through_referral
9880,7/12/18 12:57,MALE,NA,1978-05-20,Not_through_referral
9881,7/20/18 10:37,MALE,NA,1999-03-11,Not_through_referral
9882,7/29/18 16:10,MALE,NA,1998-03-30,Not_through_referral
9883,8/14/18 10:26,MALE,NA,1992-07-27,Not_through_referral
9884,8/11/18 17:18,MALE,NA,1999-08-23,Not_through_referral
9885,8/7/18 14:55,MALE,NA,1991-09-07,Installed_through_referral
9886,8/9/18 12:50,MALE,NA,1998-01-26,Installed_through_referral
9887,6/2/18 21:30,MALE,NA,1994-09-22,Not_through_referral
9888,6/1/18 11:11,FEMALE,NA,1993-07-29,Not_through_referral
9889,6/18/18 16:03,MALE,NA,1990-10-14,Not_through_referral
9890,7/1/18 17:53,MALE,NA,1994-05-08,Installed_through_referral
9891,7/17/18 18:38,MALE,NA,1994-06-01,Not_through_referral
9892,8/19/18 21:53,MALE,NA,1985-08-29,Installed_through_referral
9893,9/3/18 10:40,MALE,NA,1999-04-22,Not_through_referral
9894,9/28/18 11:06,MALE,NA,1999-09-02,Not_through_referral
9895,8/22/18 20:30,MALE,NA,1997-06-20,Not_through_referral
9896,8/15/18 18:48,MALE,NA,1994-04-14,Not_through_referral
9897,8/25/18 16:14,MALE,NA,2011-01-21,Not_through_referral
9898,8/21/18 19:21,MALE,NA,1983-06-08,Not_through_referral
9899,9/4/18 13:51,MALE,NA,1995-10-20,Not_through_referral
9900,9/29/18 15:05,MALE,NA,1995-06-02,Not_through_referral
9901,9/24/18 12:23,MALE,NA,2018-07-19,Not_through_referral
9902,8/19/18 12:34,MALE,NA,1998-05-26,Installed_through_referral
9903,8/22/18 14:02,FEMALE,NA,1989-05-19,Not_through_referral
9904,9/10/18 19:04,MALE,NA,1989-02-12,Not_through_referral
9905,8/17/18 13:42,MALE,NA,2018-08-17,Installed_through_referral
9906,8/19/18 20:04,MALE,NA,2018-07-14,Not_through_referral
9907,8/25/18 23:07,FEMALE,NA,2000-01-13,Not_through_referral
9908,9/1/18 8:51,FEMALE,NA,1990-09-20,Not_through_referral
9909,8/15/18 13:50,MALE,NA,1993-08-15,Installed_through_referral
9910,8/19/18 21:25,MALE,NA,2017-09-01,Installed_through_referral
9911,8/24/18 13:18,MALE,NA,1997-02-14,Installed_through_referral
9912,9/2/18 0:33,FEMALE,NA,2018-04-25,Installed_through_referral
9913,8/29/18 16:57,MALE,NA,2014-04-03,Not_through_referral
9914,9/14/18 18:52,FEMALE,NA,2013-10-26,Installed_through_referral
9915,6/16/18 18:55,MALE,NA,2018-06-16,Installed_through_referral
9916,7/10/18 17:07,MALE,NA,2018-07-10,Installed_through_referral
9917,8/2/18 18:52,FEMALE,NA,2018-08-02,Not_through_referral
9918,8/11/18 17:05,MALE,NA,1990-12-10,Not_through_referral
9919,6/5/18 23:18,MALE,NA,1998-06-02,Installed_through_referral
9920,6/12/18 15:05,MALE,NA,1989-06-12,Installed_through_referral
9921,6/16/18 12:04,MALE,NA,1999-08-03,Not_through_referral
9922,6/16/18 13:04,MALE,NA,2018-06-16,Installed_through_referral
9923,6/19/18 15:12,MALE,NA,1966-06-27,Not_through_referral
9924,6/24/18 1:29,FEMALE,NA,1997-07-22,Not_through_referral
9925,6/26/18 10:07,MALE,NA,1995-03-13,Installed_through_referral
9926,6/24/18 16:42,MALE,NA,2000-01-29,Installed_through_referral
9927,6/24/18 12:40,MALE,NA,2018-06-14,Not_through_referral
9928,7/20/18 11:13,FEMALE,NA,2001-11-17,Not_through_referral
9929,7/25/18 23:27,FEMALE,NA,1992-03-23,Installed_through_referral
9930,7/28/18 13:27,FEMALE,NA,1995-08-11,Not_through_referral
9931,6/2/18 11:17,MALE,NA,1998-09-03,Not_through_referral
9932,6/14/18 15:40,MALE,NA,1998-06-18,Not_through_referral
9933,6/26/18 17:28,MALE,NA,1983-09-07,Not_through_referral
9934,7/7/18 10:47,MALE,NA,1999-06-23,Not_through_referral
9935,7/11/18 20:28,MALE,NA,1977-03-26,Not_through_referral
9936,7/23/18 20:25,FEMALE,NA,1996-02-25,Not_through_referral
9937,7/28/18 12:44,FEMALE,NA,1998-07-07,Not_through_referral
9938,6/5/18 14:50,FEMALE,NA,2018-06-05,Installed_through_referral
9939,6/6/18 13:11,MALE,NA,1992-07-20,Not_through_referral
9940,6/24/18 13:11,MALE,NA,1996-01-14,Installed_through_referral
9941,6/23/18 19:12,MALE,NA,2018-06-23,Installed_through_referral
9942,7/1/18 15:05,FEMALE,NA,2016-02-06,Not_through_referral
9943,7/19/18 14:18,FEMALE,NA,1998-06-10,Installed_through_referral
9944,7/17/18 14:49,MALE,NA,2018-07-17,Installed_through_referral
9945,8/1/18 14:32,FEMALE,NA,1985-09-02,Not_through_referral
9946,6/10/18 18:26,MALE,NA,1996-05-09,Not_through_referral
9947,6/14/18 13:48,MALE,NA,1992-07-29,Installed_through_referral
9948,6/14/18 11:47,MALE,NA,2017-07-28,Not_through_referral
9949,6/16/18 14:33,MALE,NA,1999-01-28,Installed_through_referral
9950,6/20/18 18:37,MALE,NA,1996-04-08,Not_through_referral
9951,6/25/18 12:51,MALE,NA,1995-12-19,Not_through_referral
9952,6/26/18 9:49,MALE,NA,1985-12-30,Not_through_referral
9953,7/21/18 20:06,MALE,NA,2002-03-31,Not_through_referral
9954,7/14/18 21:37,MALE,NA,1997-07-21,Not_through_referral
9955,8/2/18 16:59,MALE,NA,1990-08-18,Not_through_referral
9956,8/13/18 10:39,MALE,NA,1999-04-03,Not_through_referral
9957,8/10/18 10:54,MALE,NA,1996-02-14,Not_through_referral
9958,6/16/18 17:09,MALE,NA,1992-03-23,Not_through_referral
9959,6/25/18 22:58,FEMALE,NA,1992-08-02,Not_through_referral
9960,6/24/18 12:52,MALE,NA,1986-06-24,Not_through_referral
9961,6/27/18 17:08,MALE,NA,1988-02-23,Installed_through_referral
9962,6/22/18 21:15,MALE,NA,1999-06-01,Not_through_referral
9963,7/8/18 0:05,FEMALE,NA,1995-07-08,Not_through_referral
9964,7/15/18 1:39,MALE,NA,1985-08-10,Not_through_referral
9965,7/30/18 16:07,MALE,NA,2018-07-30,Installed_through_referral
9966,8/5/18 19:12,MALE,NA,1989-06-18,Not_through_referral
9967,8/9/18 14:11,MALE,NA,1979-08-13,Installed_through_referral
9968,8/4/18 17:24,MALE,NA,1987-08-13,Not_through_referral
9969,7/13/18 23:23,MALE,NA,1998-12-24,Installed_through_referral
9970,7/19/18 12:27,MALE,NA,1993-01-02,Installed_through_referral
9971,7/24/18 14:32,FEMALE,NA,1997-08-06,Installed_through_referral
9972,7/27/18 22:18,MALE,NA,1994-07-07,Not_through_referral
9973,6/8/18 16:55,FEMALE,NA,2017-07-06,Not_through_referral
9974,6/10/18 16:58,MALE,NA,2018-03-08,Installed_through_referral
9975,6/15/18 17:39,MALE,NA,2018-06-15,Not_through_referral
9976,6/13/18 22:06,MALE,NA,2001-12-10,Not_through_referral
9977,6/13/18 13:23,FEMALE,NA,1991-11-30,Not_through_referral
9978,7/10/18 13:05,NA,NA,1900-01-00,Not_through_referral
9979,8/2/18 11:25,FEMALE,NA,2018-01-17,Installed_through_referral
9980,7/24/18 18:46,MALE,NA,1981-08-05,Not_through_referral
9981,8/4/18 21:00,MALE,NA,1993-10-16,Installed_through_referral
9982,8/11/18 20:55,MALE,NA,1994-04-08,Not_through_referral
9983,6/10/18 14:40,MALE,NA,1989-04-20,Installed_through_referral
9984,6/20/18 20:36,MALE,NA,1997-03-04,Not_through_referral
9985,6/15/18 17:23,MALE,NA,1996-04-02,Not_through_referral
9986,6/28/18 15:31,FEMALE,NA,1999-06-30,Installed_through_referral
9987,7/24/18 16:47,MALE,NA,1966-07-10,Not_through_referral
9988,8/9/18 19:17,MALE,NA,1990-11-27,Not_through_referral
9989,6/18/18 21:06,FEMALE,NA,1988-09-06,Not_through_referral
9990,6/23/18 18:08,MALE,NA,1993-01-13,Installed_through_referral
9991,8/7/18 19:43,MALE,NA,1996-05-13,Installed_through_referral
9992,8/4/18 17:21,FEMALE,NA,2018-08-01,Installed_through_referral
9993,8/15/18 19:52,FEMALE,NA,1996-09-06,Installed_through_referral
9994,8/28/18 19:04,MALE,NA,1996-08-28,Not_through_referral
9995,9/25/18 14:15,MALE,NA,2002-06-28,Not_through_referral
9996,8/16/18 14:39,MALE,NA,1991-02-22,Not_through_referral
9997,9/3/18 18:49,MALE,NA,1980-09-26,Installed_through_referral
9998,9/18/18 14:28,FEMALE,NA,1994-06-28,Not_through_referral
9999,9/13/18 15:33,MALE,NA,1990-01-27,Installed_through_referral
10000,8/31/18 16:14,MALE,NA,1989-06-30,Not_through_referral
10001,9/25/18 13:06,MALE,NA,2000-05-20,Installed_through_referral
10002,9/26/18 23:12,MALE,NA,1998-09-15,Installed_through_referral
10003,8/15/18 12:55,MALE,NA,2000-01-30,Not_through_referral
10004,8/22/18 10:15,MALE,NA,1998-06-11,Not_through_referral
10005,8/25/18 21:45,MALE,NA,1976-07-21,Not_through_referral
10006,8/28/18 16:15,MALE,NA,1997-06-18,Not_through_referral
10007,8/25/18 18:11,MALE,NA,2000-06-28,Not_through_referral
10008,9/7/18 7:02,MALE,NA,2018-09-02,Installed_through_referral
10009,9/24/18 0:37,FEMALE,NA,1997-12-18,Not_through_referral
10010,8/23/18 6:30,FEMALE,NA,1971-08-16,Not_through_referral
10011,8/20/18 12:20,MALE,NA,1996-01-02,Installed_through_referral
10012,9/19/18 22:04,MALE,NA,1981-07-23,Not_through_referral
10013,9/13/18 21:03,FEMALE,NA,1995-04-05,Not_through_referral
10014,9/12/18 19:24,MALE,NA,2018-09-12,Not_through_referral
10015,9/10/18 12:58,MALE,NA,1994-09-09,Not_through_referral
10016,9/24/18 0:24,MALE,NA,1991-10-11,Not_through_referral
10017,9/26/18 14:01,FEMALE,NA,1995-12-08,Not_through_referral
10018,9/5/18 21:59,MALE,NA,1995-01-01,Not_through_referral
10019,9/5/18 0:56,MALE,NA,1992-03-30,Installed_through_referral
10020,9/9/18 17:02,MALE,NA,1998-08-12,Not_through_referral
10021,6/12/18 12:18,FEMALE,NA,1998-06-25,Installed_through_referral
10022,6/6/18 20:07,MALE,NA,1994-01-27,Not_through_referral
10023,6/27/18 18:54,FEMALE,NA,1987-07-29,Not_through_referral
10024,7/15/18 14:27,MALE,NA,1997-07-09,Installed_through_referral
10025,7/15/18 12:30,MALE,NA,2018-07-11,Not_through_referral
10026,7/24/18 18:52,MALE,NA,1988-04-22,Not_through_referral
10027,6/1/18 20:25,MALE,NA,1990-07-24,Not_through_referral
10028,6/4/18 18:07,MALE,NA,2018-06-04,Installed_through_referral
10029,6/16/18 13:10,MALE,NA,1987-06-29,Not_through_referral
10030,6/15/18 9:22,MALE,NA,1989-04-13,Installed_through_referral
10031,6/24/18 13:51,MALE,NA,2017-09-28,Not_through_referral
10032,7/2/18 20:10,MALE,NA,2000-01-07,Installed_through_referral
10033,7/19/18 0:21,MALE,NA,2017-12-26,Installed_through_referral
10034,6/12/18 18:57,FEMALE,NA,1996-06-26,Installed_through_referral
10035,6/22/18 9:05,MALE,NA,1995-03-09,Not_through_referral
10036,6/18/18 16:11,NA,NA,1900-01-00,Not_through_referral
10037,6/23/18 18:08,MALE,NA,1993-06-04,Not_through_referral
10038,6/25/18 19:17,MALE,NA,1989-07-07,Not_through_referral
10039,7/4/18 14:57,FEMALE,NA,1993-10-28,Not_through_referral
10040,7/18/18 15:29,FEMALE,NA,1998-08-07,Not_through_referral
10041,7/21/18 13:59,MALE,NA,1999-02-07,Not_through_referral
10042,7/24/18 15:15,MALE,NA,1989-02-12,Installed_through_referral
10043,6/12/18 16:13,MALE,NA,1976-03-07,Not_through_referral
10044,6/9/18 20:20,FEMALE,NA,2018-06-04,Not_through_referral
10045,6/16/18 19:02,MALE,NA,1988-12-30,Not_through_referral
10046,6/22/18 23:17,MALE,NA,1993-06-21,Not_through_referral
10047,6/28/18 16:28,MALE,NA,1995-08-30,Not_through_referral
10048,6/29/18 17:41,MALE,NA,1954-05-09,Not_through_referral
10049,7/3/18 13:39,MALE,NA,1996-07-20,Installed_through_referral
10050,7/15/18 11:21,MALE,NA,1987-04-18,Installed_through_referral
10051,7/26/18 14:53,MALE,NA,2018-06-17,Not_through_referral
10052,7/27/18 11:02,MALE,NA,1994-07-27,Not_through_referral
10053,7/23/18 16:42,MALE,NA,1974-06-20,Not_through_referral
10054,8/11/18 11:20,MALE,NA,1996-12-14,Not_through_referral
10055,8/7/18 17:17,FEMALE,NA,1997-08-25,Installed_through_referral
10056,6/13/18 12:41,FEMALE,NA,1990-11-03,Not_through_referral
10057,6/20/18 14:44,MALE,NA,1990-07-11,Not_through_referral
10058,6/25/18 15:18,MALE,NA,1999-07-09,Installed_through_referral
10059,6/24/18 7:19,MALE,NA,2017-12-02,Not_through_referral
10060,7/11/18 16:49,MALE,NA,1984-08-01,Not_through_referral
10061,7/31/18 21:00,MALE,NA,1995-02-01,Not_through_referral
10062,8/11/18 17:32,FEMALE,NA,1980-12-04,Not_through_referral
10063,6/11/18 16:25,FEMALE,NA,1998-01-01,Not_through_referral
10064,7/3/18 17:56,MALE,NA,1984-03-15,Installed_through_referral
10065,7/15/18 14:41,MALE,NA,1997-11-13,Installed_through_referral
10066,7/13/18 20:36,FEMALE,NA,1999-11-26,Not_through_referral
10067,7/24/18 18:52,MALE,NA,1993-02-24,Not_through_referral
10068,8/12/18 18:02,MALE,NA,1984-07-16,Installed_through_referral
10069,6/5/18 21:00,MALE,NA,1993-06-05,Not_through_referral
10070,6/4/18 11:55,MALE,NA,1999-01-21,Not_through_referral
10071,6/12/18 15:26,MALE,NA,1991-09-12,Not_through_referral
10072,6/13/18 17:53,MALE,NA,1992-11-11,Not_through_referral
10073,6/24/18 17:50,MALE,NA,2018-06-24,Not_through_referral
10074,7/1/18 19:03,MALE,NA,1990-04-12,Not_through_referral
10075,7/22/18 22:17,MALE,NA,2018-07-22,Not_through_referral
10076,6/11/18 16:23,MALE,NA,1991-10-16,Not_through_referral
10077,6/12/18 13:23,MALE,NA,1993-06-22,Not_through_referral
10078,6/16/18 15:38,MALE,NA,1995-06-22,Not_through_referral
10079,7/3/18 13:54,MALE,NA,2018-07-03,Installed_through_referral
10080,7/30/18 17:41,MALE,NA,1998-02-06,Not_through_referral
10081,7/23/18 23:19,MALE,NA,1995-07-10,Installed_through_referral
10082,8/7/18 19:38,MALE,NA,1998-08-04,Not_through_referral
10083,6/22/18 19:44,MALE,NA,2018-06-22,Not_through_referral
10084,6/28/18 14:44,FEMALE,NA,1995-07-22,Not_through_referral
10085,7/4/18 14:19,MALE,NA,1994-08-15,Installed_through_referral
10086,7/22/18 12:18,FEMALE,NA,2000-01-22,Installed_through_referral
10087,7/23/18 21:10,MALE,NA,1994-07-01,Not_through_referral
10088,7/31/18 13:09,MALE,NA,1996-08-26,Installed_through_referral
10089,7/23/18 18:57,MALE,NA,1980-04-06,Installed_through_referral
10090,8/10/18 15:17,MALE,NA,2018-05-31,Not_through_referral
10091,8/8/18 13:33,MALE,NA,1999-02-21,Not_through_referral
10092,6/5/18 1:28,MALE,NA,2000-06-05,Installed_through_referral
10093,6/18/18 19:49,MALE,NA,1987-01-07,Not_through_referral
10094,6/14/18 20:56,MALE,NA,2008-06-14,Installed_through_referral
10095,7/7/18 23:52,MALE,NA,1994-12-28,Installed_through_referral
10096,7/14/18 19:22,MALE,NA,1982-10-08,Not_through_referral
10097,7/18/18 15:26,NA,NA,1900-01-00,Not_through_referral
10098,7/15/18 14:59,MALE,NA,1992-07-01,Not_through_referral
10099,7/18/18 23:02,MALE,NA,2018-07-18,Not_through_referral
10100,8/10/18 22:34,MALE,NA,1995-08-10,Not_through_referral
10101,8/6/18 14:52,MALE,NA,1996-10-07,Installed_through_referral
10102,8/30/18 10:06,MALE,NA,1996-08-22,Installed_through_referral
10103,8/25/18 21:10,MALE,NA,1994-03-09,Not_through_referral
10104,9/28/18 18:30,MALE,NA,2000-09-12,Not_through_referral
10105,8/20/18 23:58,MALE,NA,2000-08-09,Not_through_referral
10106,8/31/18 3:08,MALE,NA,1990-01-18,Not_through_referral
10107,8/15/18 14:38,FEMALE,NA,1996-06-27,Not_through_referral
10108,8/28/18 8:21,MALE,NA,1995-07-30,Not_through_referral
10109,8/25/18 18:26,MALE,NA,2000-05-08,Not_through_referral
10110,9/2/18 14:06,MALE,NA,1998-07-04,Not_through_referral
10111,8/21/18 14:10,MALE,NA,1980-04-02,Not_through_referral
10112,9/6/18 17:42,MALE,NA,2000-06-25,Installed_through_referral
10113,8/26/18 12:34,MALE,NA,1999-09-02,Not_through_referral
10114,9/6/18 18:11,MALE,NA,1993-11-16,Not_through_referral
10115,9/11/18 14:28,FEMALE,NA,1998-09-11,Not_through_referral
10116,8/15/18 23:10,MALE,NA,1992-10-06,Installed_through_referral
10117,8/21/18 21:47,MALE,NA,1996-11-25,Not_through_referral
10118,9/5/18 13:15,MALE,NA,1998-07-11,Installed_through_referral
10119,8/30/18 15:08,MALE,NA,1999-01-01,Not_through_referral
10120,9/13/18 12:54,MALE,NA,1995-02-13,Not_through_referral
10121,6/6/18 10:26,MALE,NA,1997-04-01,Installed_through_referral
10122,6/6/18 17:00,MALE,NA,1997-02-25,Not_through_referral
10123,6/18/18 17:49,MALE,NA,1998-11-05,Installed_through_referral
10124,6/22/18 0:44,MALE,NA,1998-05-22,Not_through_referral
10125,7/1/18 20:37,MALE,NA,1994-04-29,Not_through_referral
10126,7/18/18 6:35,MALE,NA,2000-09-26,Not_through_referral
10127,6/28/18 17:53,FEMALE,NA,1993-06-15,Not_through_referral
10128,6/25/18 13:50,FEMALE,NA,1995-09-08,Installed_through_referral
10129,7/5/18 19:30,MALE,NA,1998-03-02,Not_through_referral
10130,7/28/18 11:57,FEMALE,NA,2018-07-28,Installed_through_referral
10131,8/13/18 15:26,MALE,NA,2018-08-07,Not_through_referral
10132,6/5/18 18:59,FEMALE,NA,1994-01-07,Installed_through_referral
10133,6/17/18 11:45,MALE,NA,1991-07-12,Not_through_referral
10134,6/30/18 15:04,FEMALE,NA,2000-12-26,Not_through_referral
10135,7/2/18 22:46,FEMALE,NA,1981-02-04,Not_through_referral
10136,7/13/18 18:57,MALE,NA,2018-07-13,Not_through_referral
10137,7/26/18 18:09,MALE,NA,1994-08-14,Installed_through_referral
10138,8/14/18 19:20,NA,NA,1900-01-00,Not_through_referral
10139,8/9/18 19:09,MALE,NA,1996-09-08,Not_through_referral
10140,8/13/18 18:05,MALE,NA,1989-01-05,Not_through_referral
10141,8/13/18 14:49,MALE,NA,1996-11-20,Installed_through_referral
10142,8/9/18 19:40,MALE,NA,1983-04-15,Not_through_referral
10143,6/5/18 16:47,FEMALE,NA,2018-06-01,Not_through_referral
10144,6/17/18 17:33,MALE,NA,1997-12-04,Not_through_referral
10145,6/26/18 14:13,FEMALE,NA,1999-11-05,Not_through_referral
10146,6/25/18 16:30,MALE,NA,2018-05-20,Not_through_referral
10147,7/15/18 10:10,MALE,NA,2002-08-01,Installed_through_referral
10148,7/19/18 20:16,MALE,NA,1987-12-26,Not_through_referral
10149,7/20/18 13:28,FEMALE,NA,1994-12-03,Not_through_referral
10150,7/27/18 12:35,MALE,NA,2018-07-27,Not_through_referral
10151,7/30/18 13:58,MALE,NA,1992-08-20,Installed_through_referral
10152,8/5/18 19:43,MALE,NA,2000-04-13,Not_through_referral
10153,8/12/18 17:38,MALE,NA,1997-08-24,Not_through_referral
10154,6/2/18 19:27,MALE,NA,1994-11-16,Not_through_referral
10155,6/3/18 16:15,MALE,NA,1996-10-18,Not_through_referral
10156,6/17/18 11:59,MALE,NA,1998-06-21,Installed_through_referral
10157,6/23/18 12:58,MALE,NA,1994-04-07,Not_through_referral
10158,6/24/18 14:17,MALE,NA,1999-11-29,Not_through_referral
10159,7/7/18 18:21,MALE,NA,1997-03-17,Installed_through_referral
10160,7/31/18 17:46,MALE,NA,1995-02-20,Not_through_referral
10161,8/12/18 18:35,FEMALE,NA,1992-08-03,Not_through_referral
10162,6/19/18 11:38,MALE,NA,1990-04-17,Not_through_referral
10163,6/21/18 3:02,MALE,NA,2017-02-16,Not_through_referral
10164,6/30/18 17:15,FEMALE,NA,1994-11-05,Not_through_referral
10165,7/22/18 18:14,FEMALE,NA,1995-09-13,Not_through_referral
10166,7/22/18 18:13,MALE,NA,1985-05-16,Not_through_referral
10167,7/18/18 16:30,MALE,NA,2018-07-13,Installed_through_referral
10168,6/13/18 19:35,MALE,NA,1992-01-16,Not_through_referral
10169,6/18/18 13:57,MALE,NA,1998-03-15,Installed_through_referral
10170,6/13/18 18:39,MALE,NA,1982-04-28,Not_through_referral
10171,6/27/18 17:58,MALE,NA,1992-06-30,Installed_through_referral
10172,6/24/18 19:53,MALE,NA,2018-06-24,Installed_through_referral
10173,6/27/18 14:55,MALE,NA,2018-06-27,Installed_through_referral
10174,6/28/18 17:00,MALE,NA,1998-05-31,Not_through_referral
10175,6/26/18 14:02,MALE,NA,1997-03-02,Installed_through_referral
10176,7/3/18 17:04,MALE,NA,1986-07-03,Not_through_referral
10177,7/14/18 16:08,MALE,NA,2018-07-14,Installed_through_referral
10178,7/18/18 15:45,MALE,NA,1987-11-24,Not_through_referral
10179,8/4/18 12:11,MALE,NA,1999-05-05,Not_through_referral
10180,6/8/18 11:19,FEMALE,NA,1994-05-23,Not_through_referral
10181,6/13/18 12:20,FEMALE,NA,1998-10-21,Not_through_referral
10182,7/5/18 12:37,FEMALE,NA,1996-07-05,Not_through_referral
10183,7/19/18 23:52,MALE,NA,1985-08-14,Installed_through_referral
10184,7/20/18 20:24,MALE,NA,1998-12-16,Not_through_referral
10185,7/21/18 10:10,MALE,NA,1980-06-18,Not_through_referral
10186,6/2/18 17:32,MALE,NA,1991-09-25,Installed_through_referral
10187,6/19/18 20:53,MALE,NA,1998-05-10,Not_through_referral
10188,7/21/18 18:04,MALE,NA,1980-07-25,Not_through_referral
10189,7/20/18 18:55,MALE,NA,1980-07-20,Installed_through_referral
10190,6/17/18 22:45,MALE,NA,1984-12-08,Not_through_referral
10191,6/22/18 9:30,MALE,NA,2018-06-22,Not_through_referral
10192,6/17/18 14:48,MALE,NA,2018-06-17,Not_through_referral
10193,6/25/18 17:22,FEMALE,NA,1994-04-08,Installed_through_referral
10194,6/25/18 15:34,FEMALE,NA,1990-03-14,Not_through_referral
10195,7/2/18 11:47,MALE,NA,2010-03-10,Not_through_referral
10196,8/10/18 20:04,FEMALE,NA,1996-06-28,Installed_through_referral
10197,8/9/18 17:09,MALE,NA,2018-08-09,Installed_through_referral
10198,8/10/18 7:15,MALE,NA,2018-08-10,Not_through_referral
10199,8/15/18 21:18,MALE,NA,1994-08-27,Installed_through_referral
10200,8/18/18 12:20,MALE,NA,1995-09-05,Not_through_referral
10201,8/18/18 18:37,MALE,NA,1999-08-03,Not_through_referral
10202,8/18/18 20:20,FEMALE,NA,1999-09-20,Installed_through_referral
10203,8/24/18 22:57,NA,NA,1900-01-00,Not_through_referral
10204,8/30/18 23:30,MALE,NA,2018-08-30,Not_through_referral
10205,8/18/18 21:07,MALE,NA,2018-08-18,Installed_through_referral
10206,9/1/18 15:39,MALE,NA,1996-06-19,Not_through_referral
10207,9/7/18 17:41,FEMALE,NA,2018-09-12,Not_through_referral
10208,9/28/18 6:00,MALE,NA,1998-11-27,Not_through_referral
10209,8/28/18 18:00,FEMALE,NA,1987-08-25,Installed_through_referral
10210,9/16/18 17:19,FEMALE,NA,1998-04-27,Not_through_referral
10211,8/15/18 16:00,MALE,NA,1990-10-03,Installed_through_referral
10212,9/15/18 13:15,MALE,NA,1997-05-03,Not_through_referral
10213,9/10/18 19:46,MALE,NA,1997-12-31,Not_through_referral
10214,8/20/18 9:35,MALE,NA,1997-08-20,Not_through_referral
10215,9/3/18 0:13,MALE,NA,1981-12-02,Not_through_referral
10216,9/12/18 18:11,MALE,NA,1997-10-10,Not_through_referral
10217,8/15/18 23:07,MALE,NA,1996-08-05,Not_through_referral
10218,8/15/18 21:38,FEMALE,NA,1995-05-23,Not_through_referral
10219,9/19/18 0:34,MALE,NA,1991-09-01,Not_through_referral
10220,9/28/18 21:49,MALE,NA,1999-10-23,Not_through_referral
10221,9/14/18 10:23,FEMALE,NA,1997-03-28,Not_through_referral
10222,6/12/18 11:46,MALE,NA,2018-05-01,Not_through_referral
10223,6/6/18 11:33,MALE,NA,1992-06-06,Not_through_referral
10224,6/11/18 18:00,MALE,NA,1991-12-12,Not_through_referral
10225,6/24/18 15:23,MALE,NA,1991-12-08,Not_through_referral
10226,7/10/18 15:42,MALE,NA,1988-08-14,Not_through_referral
10227,7/17/18 0:35,MALE,NA,1993-11-23,Not_through_referral
10228,7/25/18 11:33,FEMALE,NA,1993-07-16,Not_through_referral
10229,6/1/18 0:13,MALE,NA,1980-11-18,Not_through_referral
10230,6/12/18 20:59,MALE,NA,1998-12-01,Installed_through_referral
10231,6/25/18 18:32,MALE,NA,1979-11-07,Not_through_referral
10232,6/28/18 19:44,FEMALE,NA,2010-09-26,Installed_through_referral
10233,6/22/18 11:43,MALE,NA,1999-07-08,Not_through_referral
10234,7/14/18 1:43,MALE,NA,2017-03-04,Installed_through_referral
10235,7/26/18 14:51,FEMALE,NA,2018-05-08,Not_through_referral
10236,6/9/18 12:49,FEMALE,NA,2012-08-23,Installed_through_referral
10237,6/16/18 18:29,MALE,NA,1990-11-28,Not_through_referral
10238,6/17/18 17:56,MALE,NA,1995-02-27,Not_through_referral
10239,7/1/18 10:28,MALE,NA,1987-02-26,Not_through_referral
10240,6/29/18 12:32,FEMALE,NA,1995-04-20,Installed_through_referral
10241,6/27/18 11:03,MALE,NA,1993-03-31,Not_through_referral
10242,7/11/18 11:39,MALE,NA,1989-09-09,Installed_through_referral
10243,7/13/18 21:35,MALE,NA,1994-08-03,Installed_through_referral
10244,7/13/18 20:31,MALE,NA,1998-06-20,Not_through_referral
10245,8/2/18 19:08,MALE,NA,1979-05-17,Not_through_referral
10246,8/11/18 19:18,MALE,NA,1982-01-06,Installed_through_referral
10247,6/5/18 22:36,MALE,NA,1970-01-10,Not_through_referral
10248,6/27/18 14:39,MALE,NA,1997-08-25,Installed_through_referral
10249,7/4/18 16:54,FEMALE,NA,1995-07-04,Installed_through_referral
10250,7/20/18 14:10,MALE,NA,1990-02-24,Installed_through_referral
10251,8/1/18 17:59,MALE,NA,1993-08-03,Not_through_referral
10252,7/28/18 23:17,MALE,NA,1991-07-27,Not_through_referral
10253,8/14/18 16:54,MALE,NA,1989-12-21,Not_through_referral
10254,7/1/18 12:10,MALE,NA,1998-07-01,Installed_through_referral
10255,6/27/18 9:54,MALE,NA,1996-11-22,Installed_through_referral
10256,7/6/18 17:23,FEMALE,NA,1995-12-25,Not_through_referral
10257,7/4/18 14:44,MALE,NA,1989-08-30,Not_through_referral
10258,7/8/18 11:44,MALE,NA,1994-12-06,Not_through_referral
10259,7/16/18 13:56,MALE,NA,1980-07-09,Not_through_referral
10260,8/1/18 10:25,MALE,NA,1993-03-03,Not_through_referral
10261,8/4/18 20:32,FEMALE,NA,2018-08-01,Not_through_referral
10262,8/6/18 11:44,MALE,NA,1985-12-24,Not_through_referral
10263,8/11/18 10:10,MALE,NA,1998-10-14,Not_through_referral
10264,6/10/18 15:09,MALE,NA,1975-06-10,Installed_through_referral
10265,6/19/18 16:54,MALE,NA,2018-06-02,Not_through_referral
10266,6/27/18 17:04,MALE,NA,2018-06-27,Not_through_referral
10267,7/7/18 22:45,MALE,NA,2018-02-24,Not_through_referral
10268,7/19/18 21:44,MALE,NA,1988-02-22,Not_through_referral
10269,7/22/18 20:26,MALE,NA,1998-10-29,Not_through_referral
10270,8/2/18 12:59,MALE,NA,2018-08-02,Installed_through_referral
10271,8/10/18 12:34,FEMALE,NA,1997-11-11,Not_through_referral
10272,6/2/18 0:58,MALE,NA,1995-05-07,Not_through_referral
10273,6/1/18 21:55,FEMALE,NA,1987-06-03,Installed_through_referral
10274,6/5/18 15:59,MALE,NA,1991-06-10,Installed_through_referral
10275,6/11/18 13:57,MALE,NA,2014-06-11,Installed_through_referral
10276,6/11/18 22:11,NA,NA,1900-01-00,Installed_through_referral
10277,6/19/18 21:42,MALE,NA,2018-06-19,Installed_through_referral
10278,7/23/18 17:33,FEMALE,NA,1993-03-15,Installed_through_referral
10279,8/7/18 20:31,FEMALE,NA,2018-08-03,Not_through_referral
10280,8/8/18 17:45,FEMALE,NA,2018-08-08,Installed_through_referral
10281,8/12/18 12:21,FEMALE,NA,1993-09-01,Not_through_referral
10282,8/9/18 21:54,MALE,NA,1999-07-14,Not_through_referral
10283,6/18/18 10:04,MALE,NA,1999-10-03,Not_through_referral
10284,6/17/18 18:49,MALE,NA,1994-11-02,Not_through_referral
10285,6/15/18 19:23,FEMALE,NA,1973-12-11,Not_through_referral
10286,7/12/18 15:25,MALE,NA,1995-12-13,Installed_through_referral
10287,8/13/18 17:03,MALE,NA,1993-05-14,Installed_through_referral
10288,6/11/18 17:50,MALE,NA,2001-09-22,Not_through_referral
10289,6/12/18 12:17,MALE,NA,2018-06-12,Not_through_referral
10290,6/16/18 16:38,FEMALE,NA,1997-05-31,Installed_through_referral
10291,7/1/18 10:10,MALE,NA,1993-12-04,Installed_through_referral
10292,7/14/18 14:17,MALE,NA,2018-07-14,Installed_through_referral
10293,7/27/18 8:29,FEMALE,NA,1996-08-15,Not_through_referral
10294,8/3/18 17:37,MALE,NA,1987-12-08,Not_through_referral
10295,8/3/18 15:44,MALE,NA,2018-08-03,Not_through_referral
10296,6/8/18 17:00,MALE,NA,2001-02-02,Not_through_referral
10297,6/4/18 14:10,MALE,NA,2018-06-01,Not_through_referral
10298,6/7/18 9:23,MALE,NA,1991-09-09,Not_through_referral
10299,6/24/18 21:45,MALE,NA,1983-07-30,Not_through_referral
10300,7/7/18 13:18,MALE,NA,1990-05-02,Not_through_referral
10301,7/24/18 20:20,MALE,NA,2018-07-24,Not_through_referral
10302,7/27/18 1:10,MALE,NA,1989-02-14,Not_through_referral
10303,7/31/18 13:36,FEMALE,NA,1998-03-31,Installed_through_referral
10304,8/8/18 18:23,FEMALE,NA,1991-10-04,Not_through_referral
10305,8/5/18 13:37,MALE,NA,1995-04-18,Not_through_referral
10306,8/25/18 21:29,FEMALE,NA,2018-08-16,Not_through_referral
10307,9/4/18 15:20,MALE,NA,2018-09-04,Not_through_referral
10308,8/26/18 14:47,MALE,NA,1997-05-06,Not_through_referral
10309,8/15/18 17:26,MALE,NA,1998-07-10,Not_through_referral
10310,8/27/18 23:34,FEMALE,NA,2001-09-24,Installed_through_referral
10311,9/18/18 18:56,MALE,NA,1992-03-14,Not_through_referral
10312,8/18/18 14:15,FEMALE,NA,1998-12-11,Not_through_referral
10313,8/23/18 22:14,MALE,NA,1994-12-16,Installed_through_referral
10314,9/10/18 16:38,MALE,NA,1989-09-10,Not_through_referral
10315,8/15/18 6:53,FEMALE,NA,1997-10-25,Not_through_referral
10316,8/29/18 14:57,MALE,NA,2018-08-29,Installed_through_referral
10317,9/10/18 21:01,MALE,NA,2018-09-11,Installed_through_referral
10318,9/28/18 16:28,MALE,NA,2018-09-28,Installed_through_referral
10319,8/16/18 16:54,FEMALE,NA,1990-08-16,Not_through_referral
10320,8/27/18 21:13,FEMALE,NA,1987-11-25,Not_through_referral
10321,8/29/18 11:02,MALE,NA,2018-08-10,Installed_through_referral
10322,8/26/18 12:44,MALE,NA,2018-08-26,Installed_through_referral
10323,9/13/18 21:28,MALE,NA,1980-01-01,Not_through_referral
10324,9/13/18 21:14,MALE,NA,1997-07-15,Not_through_referral
10325,9/8/18 10:40,FEMALE,NA,1988-11-26,Installed_through_referral
10326,8/30/18 13:15,MALE,NA,2002-08-30,Installed_through_referral
10327,8/18/18 17:17,MALE,NA,2018-08-18,Installed_through_referral
10328,9/12/18 6:43,FEMALE,NA,1997-09-16,Not_through_referral
10329,8/16/18 15:02,FEMALE,NA,1991-08-15,Not_through_referral
10330,8/22/18 14:33,MALE,NA,1999-11-26,Not_through_referral
10331,8/28/18 20:15,MALE,NA,1990-04-04,Not_through_referral
10332,8/29/18 19:04,MALE,NA,1991-12-22,Installed_through_referral
10333,9/13/18 20:17,FEMALE,NA,1994-03-28,Not_through_referral
10334,6/12/18 10:58,MALE,NA,1993-12-05,Installed_through_referral
10335,6/12/18 16:51,MALE,NA,1994-06-12,Not_through_referral
10336,6/14/18 22:03,FEMALE,NA,1990-11-25,Not_through_referral
10337,6/17/18 12:23,MALE,NA,1998-02-04,Not_through_referral
10338,6/13/18 22:37,FEMALE,NA,1999-09-15,Not_through_referral
10339,7/2/18 17:32,MALE,NA,2018-06-06,Not_through_referral
10340,7/20/18 20:20,MALE,NA,1996-03-22,Not_through_referral
10341,7/27/18 21:11,MALE,NA,2000-07-12,Not_through_referral
10342,8/12/18 15:57,MALE,NA,1988-05-21,Not_through_referral
10343,8/7/18 23:01,FEMALE,NA,2017-09-04,Not_through_referral
10344,6/20/18 22:22,MALE,NA,1996-09-27,Not_through_referral
10345,6/14/18 14:30,MALE,NA,1977-01-16,Not_through_referral
10346,6/28/18 8:09,MALE,NA,2000-07-09,Not_through_referral
10347,7/7/18 18:24,FEMALE,NA,1990-12-14,Not_through_referral
10348,7/20/18 10:32,MALE,NA,1997-02-21,Installed_through_referral
10349,8/12/18 14:02,MALE,NA,1999-10-08,Not_through_referral
10350,8/14/18 11:11,FEMALE,NA,1998-12-28,Not_through_referral
10351,8/14/18 19:23,FEMALE,NA,2018-08-14,Not_through_referral
10352,6/10/18 16:56,FEMALE,NA,1988-10-07,Not_through_referral
10353,6/10/18 9:41,MALE,NA,1996-03-05,Not_through_referral
10354,6/21/18 22:35,MALE,NA,1993-02-26,Not_through_referral
10355,7/11/18 15:01,MALE,NA,1994-10-05,Installed_through_referral
10356,7/20/18 16:09,MALE,NA,1992-06-21,Installed_through_referral
10357,7/23/18 18:49,MALE,NA,1997-04-17,Installed_through_referral
10358,7/27/18 18:55,FEMALE,NA,1993-08-05,Not_through_referral
10359,8/4/18 12:39,FEMALE,NA,1997-12-26,Not_through_referral
10360,8/4/18 14:31,MALE,NA,1998-05-15,Not_through_referral
10361,6/9/18 21:24,MALE,NA,1999-11-12,Not_through_referral
10362,7/7/18 18:13,FEMALE,NA,1997-07-26,Not_through_referral
10363,7/17/18 15:00,MALE,NA,2018-07-17,Installed_through_referral
10364,6/26/18 13:52,NA,NA,1900-01-00,Not_through_referral
10365,6/28/18 16:45,MALE,NA,2018-06-28,Not_through_referral
10366,7/19/18 12:50,MALE,NA,1997-08-15,Not_through_referral
10367,7/28/18 19:49,MALE,NA,1983-11-27,Not_through_referral
10368,8/9/18 14:50,MALE,NA,2018-08-09,Installed_through_referral
10369,8/8/18 19:40,MALE,NA,2018-08-08,Installed_through_referral
10370,6/2/18 20:26,MALE,NA,2018-06-02,Installed_through_referral
10371,6/9/18 14:30,MALE,NA,2016-10-01,Installed_through_referral
10372,6/7/18 16:41,MALE,NA,2008-12-11,Installed_through_referral
10373,6/16/18 11:18,MALE,NA,2018-06-01,Not_through_referral
10374,6/29/18 11:13,MALE,NA,1995-07-10,Installed_through_referral
10375,7/2/18 18:12,MALE,NA,1997-07-02,Installed_through_referral
10376,7/15/18 16:26,MALE,NA,1996-04-19,Not_through_referral
10377,6/13/18 15:49,FEMALE,NA,1992-09-28,Not_through_referral
10378,7/1/18 19:07,MALE,NA,1990-07-17,Not_through_referral
10379,7/12/18 21:31,MALE,NA,1986-12-04,Not_through_referral
10380,7/23/18 12:34,FEMALE,NA,1993-09-14,Not_through_referral
10381,8/9/18 2:42,MALE,NA,1986-04-19,Not_through_referral
10382,8/9/18 12:49,FEMALE,NA,1987-06-28,Not_through_referral
10383,6/11/18 18:54,MALE,NA,1998-07-27,Installed_through_referral
10384,6/15/18 13:19,MALE,NA,1992-04-03,Installed_through_referral
10385,6/17/18 17:45,MALE,NA,1997-10-14,Installed_through_referral
10386,6/25/18 18:57,MALE,NA,1991-01-27,Installed_through_referral
10387,7/4/18 19:36,MALE,NA,2018-07-04,Not_through_referral
10388,7/30/18 16:30,FEMALE,NA,2018-07-30,Not_through_referral
10389,7/26/18 14:40,MALE,NA,1994-07-20,Not_through_referral
10390,8/14/18 13:14,FEMALE,NA,1995-10-14,Installed_through_referral
10391,8/14/18 11:08,MALE,NA,1991-01-19,Not_through_referral
10392,8/12/18 16:56,MALE,NA,2003-06-04,Installed_through_referral
10393,6/5/18 17:48,FEMALE,NA,1994-08-31,Not_through_referral
10394,6/15/18 16:20,MALE,NA,1974-07-12,Not_through_referral
10395,6/14/18 22:29,MALE,NA,1996-08-05,Not_through_referral
10396,6/23/18 13:07,MALE,NA,1999-06-25,Not_through_referral
10397,6/30/18 23:23,MALE,NA,1998-06-23,Installed_through_referral
10398,7/14/18 12:16,FEMALE,NA,1980-07-14,Not_through_referral
10399,8/8/18 18:18,MALE,NA,2018-08-09,Not_through_referral
10400,8/9/18 22:04,MALE,NA,2018-08-01,Not_through_referral
10401,8/7/18 15:12,MALE,NA,1990-11-26,Not_through_referral
10402,6/14/18 18:02,MALE,NA,1993-01-02,Not_through_referral
10403,6/24/18 18:20,MALE,NA,1988-04-19,Not_through_referral
10404,6/22/18 20:02,MALE,NA,1993-04-19,Installed_through_referral
10405,7/6/18 12:19,MALE,NA,1995-07-27,Not_through_referral
10406,7/21/18 17:14,MALE,NA,2000-12-23,Not_through_referral
10407,7/22/18 17:28,MALE,NA,1996-03-25,Not_through_referral
10408,7/25/18 17:22,FEMALE,NA,1999-01-22,Not_through_referral
10409,8/6/18 12:59,MALE,NA,1976-12-30,Not_through_referral
10410,8/6/18 19:37,MALE,NA,1982-07-12,Not_through_referral
10411,8/23/18 11:26,MALE,NA,2002-01-01,Installed_through_referral
10412,8/21/18 19:26,MALE,NA,1990-09-13,Installed_through_referral
10413,9/1/18 15:56,MALE,NA,2018-09-01,Not_through_referral
10414,8/15/18 21:41,MALE,NA,1998-07-26,Not_through_referral
10415,8/17/18 15:33,MALE,NA,2018-08-17,Installed_through_referral
10416,8/24/18 14:47,MALE,NA,2018-08-24,Installed_through_referral
10417,8/31/18 10:49,MALE,NA,2001-02-06,Installed_through_referral
10418,8/26/18 12:28,MALE,NA,1975-07-07,Not_through_referral
10419,8/16/18 14:16,MALE,NA,1998-11-09,Not_through_referral
10420,8/22/18 18:57,NA,NA,1900-01-00,Not_through_referral
10421,8/16/18 16:29,MALE,NA,1986-11-20,Not_through_referral
10422,8/31/18 23:04,MALE,NA,1992-05-14,Not_through_referral
10423,9/1/18 19:57,MALE,NA,1999-08-03,Not_through_referral
10424,9/26/18 15:51,NA,NA,1900-01-00,Not_through_referral
10425,8/16/18 14:32,MALE,NA,1995-12-28,Installed_through_referral
10426,8/29/18 17:11,MALE,NA,1990-05-08,Not_through_referral
10427,8/29/18 13:08,MALE,NA,1997-03-13,Installed_through_referral
10428,9/6/18 19:54,MALE,NA,2018-06-05,Installed_through_referral
10429,9/19/18 20:11,FEMALE,NA,1999-01-13,Not_through_referral
10430,8/20/18 15:02,MALE,NA,1999-07-07,Not_through_referral
10431,8/15/18 10:56,FEMALE,NA,1998-09-09,Installed_through_referral
10432,8/16/18 11:59,MALE,NA,1999-03-02,Not_through_referral
10433,9/1/18 12:41,MALE,NA,1975-02-08,Not_through_referral
10434,9/12/18 20:37,MALE,NA,1995-09-18,Not_through_referral
10435,8/30/18 16:36,FEMALE,NA,1999-08-24,Installed_through_referral
10436,8/27/18 10:51,MALE,NA,1980-04-01,Not_through_referral
10437,8/26/18 11:42,MALE,NA,2018-08-26,Installed_through_referral
10438,8/29/18 10:26,FEMALE,NA,1983-12-17,Not_through_referral
10439,9/21/18 19:52,NA,NA,1900-01-00,Not_through_referral
10440,8/21/18 13:47,MALE,NA,2018-08-12,Installed_through_referral
10441,8/20/18 20:23,MALE,NA,2018-08-20,Not_through_referral
10442,9/23/18 9:36,MALE,NA,2018-09-03,Not_through_referral
10443,8/19/18 9:57,MALE,NA,1995-03-22,Installed_through_referral
10444,9/10/18 18:45,MALE,NA,1993-05-18,Installed_through_referral
10445,9/12/18 20:01,FEMALE,NA,2018-09-12,Not_through_referral
10446,9/5/18 12:09,MALE,NA,2002-05-30,Not_through_referral
10447,7/2/18 14:56,FEMALE,NA,2016-11-14,Not_through_referral
10448,7/19/18 14:32,FEMALE,NA,2018-07-07,Not_through_referral
10449,6/2/18 0:15,MALE,NA,1989-03-08,Not_through_referral
10450,6/2/18 17:37,MALE,NA,2018-06-02,Installed_through_referral
10451,6/17/18 11:03,MALE,NA,1999-10-31,Installed_through_referral
10452,6/29/18 10:14,MALE,NA,1993-06-11,Not_through_referral
10453,7/10/18 13:31,MALE,NA,1986-12-09,Not_through_referral
10454,8/12/18 21:40,NA,NA,1900-01-00,Not_through_referral
10455,6/1/18 18:17,MALE,NA,1997-10-05,Installed_through_referral
10456,6/9/18 16:41,FEMALE,NA,1994-07-10,Not_through_referral
10457,6/13/18 14:44,FEMALE,NA,2017-11-22,Not_through_referral
10458,6/21/18 14:19,MALE,NA,1993-11-13,Not_through_referral
10459,6/22/18 8:43,MALE,NA,1994-06-21,Not_through_referral
10460,6/28/18 6:38,MALE,NA,2018-06-12,Not_through_referral
10461,7/5/18 17:18,MALE,NA,2017-10-10,Not_through_referral
10462,7/7/18 15:15,FEMALE,NA,1994-06-13,Not_through_referral
10463,7/11/18 10:21,MALE,NA,1997-08-02,Installed_through_referral
10464,7/19/18 22:41,MALE,NA,1997-08-16,Not_through_referral
10465,7/19/18 20:29,MALE,NA,1998-07-10,Not_through_referral
10466,7/30/18 11:12,MALE,NA,1985-07-31,Not_through_referral
10467,8/2/18 12:42,FEMALE,NA,2018-03-15,Not_through_referral
10468,8/14/18 12:44,MALE,NA,1995-06-10,Installed_through_referral
10469,6/3/18 19:10,MALE,NA,1998-09-09,Not_through_referral
10470,6/25/18 14:17,MALE,NA,2017-10-01,Not_through_referral
10471,7/1/18 14:58,MALE,NA,1990-10-09,Not_through_referral
10472,7/19/18 2:29,MALE,NA,2018-08-25,Not_through_referral
10473,7/21/18 21:07,MALE,NA,1996-05-14,Not_through_referral
10474,6/13/18 14:32,FEMALE,NA,1997-01-03,Not_through_referral
10475,6/27/18 22:57,MALE,NA,1998-10-23,Not_through_referral
10476,7/14/18 19:22,MALE,NA,1997-04-25,Not_through_referral
10477,8/5/18 19:07,MALE,NA,1990-05-07,Not_through_referral
10478,6/3/18 19:05,MALE,NA,1989-05-05,Not_through_referral
10479,7/5/18 17:19,FEMALE,NA,1990-01-01,Not_through_referral
10480,7/6/18 22:15,MALE,NA,1986-05-25,Not_through_referral
10481,7/21/18 13:23,MALE,NA,1997-02-25,Installed_through_referral
10482,7/15/18 11:07,MALE,NA,1997-10-20,Installed_through_referral
10483,8/11/18 10:38,MALE,NA,2000-10-26,Not_through_referral
10484,6/3/18 8:13,MALE,NA,1983-06-27,Installed_through_referral
10485,6/8/18 18:24,FEMALE,NA,2018-06-08,Installed_through_referral
10486,6/21/18 13:45,MALE,NA,1995-06-18,Not_through_referral
10487,6/16/18 15:42,MALE,NA,2000-01-28,Installed_through_referral
10488,6/14/18 20:03,MALE,NA,1987-07-11,Not_through_referral
10489,6/26/18 5:39,MALE,NA,1982-07-16,Installed_through_referral
10490,6/29/18 22:37,FEMALE,NA,1992-08-25,Not_through_referral
10491,7/17/18 9:58,MALE,NA,1998-07-22,Installed_through_referral
10492,7/25/18 14:31,MALE,NA,1988-10-19,Not_through_referral
10493,8/9/18 13:00,MALE,NA,1996-02-28,Not_through_referral
10494,8/7/18 14:44,MALE,NA,2018-08-07,Not_through_referral
10495,6/5/18 18:55,FEMALE,NA,1990-07-25,Not_through_referral
10496,6/10/18 17:15,MALE,NA,2018-03-01,Not_through_referral
10497,6/14/18 13:05,MALE,NA,1999-11-20,Not_through_referral
10498,6/17/18 10:42,MALE,NA,1981-10-02,Not_through_referral
10499,6/16/18 21:43,MALE,NA,1984-02-16,Not_through_referral
10500,7/1/18 20:59,MALE,NA,1989-03-06,Not_through_referral
10501,7/18/18 14:20,FEMALE,NA,2018-07-18,Not_through_referral
10502,8/2/18 12:48,MALE,NA,1999-07-30,Installed_through_referral
10503,8/7/18 18:58,MALE,NA,1992-11-07,Not_through_referral
10504,6/27/18 10:49,MALE,NA,1995-05-15,Not_through_referral
10505,6/28/18 22:02,MALE,NA,1990-08-24,Installed_through_referral
10506,7/22/18 19:31,MALE,NA,2018-07-22,Not_through_referral
10507,7/28/18 16:13,MALE,NA,2018-07-13,Not_through_referral
10508,8/10/18 10:01,MALE,NA,1998-12-21,Not_through_referral
10509,6/6/18 22:56,MALE,NA,2001-05-22,Not_through_referral
10510,6/14/18 15:43,NA,NA,1900-01-00,Not_through_referral
10511,6/19/18 12:22,MALE,NA,2018-06-13,Not_through_referral
10512,6/19/18 13:04,MALE,NA,1998-10-20,Not_through_referral
10513,6/23/18 18:38,MALE,NA,1996-05-27,Not_through_referral
10514,6/28/18 9:24,MALE,NA,1978-01-12,Installed_through_referral
10515,7/22/18 20:33,MALE,NA,1988-11-07,Not_through_referral
10516,7/15/18 15:15,FEMALE,NA,1989-08-15,Installed_through_referral
10517,7/19/18 9:24,MALE,NA,1998-12-20,Installed_through_referral
10518,7/26/18 15:42,FEMALE,NA,2018-07-14,Not_through_referral
10519,7/29/18 2:50,MALE,NA,1986-07-01,Not_through_referral
10520,8/5/18 20:40,MALE,NA,1983-09-23,Not_through_referral
10521,8/19/18 20:54,MALE,NA,1975-12-10,Not_through_referral
10522,8/26/18 1:23,MALE,NA,1989-07-27,Installed_through_referral
10523,9/4/18 16:26,MALE,NA,1989-11-20,Installed_through_referral
10524,8/19/18 5:32,MALE,NA,2017-08-24,Not_through_referral
10525,9/11/18 17:03,MALE,NA,2018-09-11,Installed_through_referral
10526,8/22/18 21:53,MALE,NA,1996-09-09,Not_through_referral
10527,8/15/18 19:44,MALE,NA,1991-07-10,Not_through_referral
10528,8/23/18 17:11,MALE,NA,1997-06-21,Not_through_referral
10529,9/12/18 11:15,MALE,NA,1997-05-25,Not_through_referral
10530,9/2/18 11:45,FEMALE,NA,1996-04-04,Not_through_referral
10531,9/4/18 14:57,MALE,NA,1999-10-14,Not_through_referral
10532,8/16/18 19:25,MALE,NA,2018-08-16,Installed_through_referral
10533,8/18/18 11:03,FEMALE,NA,1994-05-27,Not_through_referral
10534,9/8/18 13:12,MALE,NA,1970-01-02,Not_through_referral
10535,9/24/18 16:50,MALE,NA,2018-09-24,Installed_through_referral
10536,8/19/18 21:37,FEMALE,NA,1997-08-06,Not_through_referral
10537,8/20/18 11:51,MALE,NA,2018-08-20,Not_through_referral
10538,8/24/18 15:07,MALE,NA,1991-05-12,Not_through_referral
10539,9/6/18 12:37,FEMALE,NA,1994-03-23,Not_through_referral
10540,8/31/18 14:19,MALE,NA,1983-01-01,Not_through_referral
10541,9/8/18 14:01,MALE,NA,1998-11-20,Installed_through_referral
10542,8/19/18 17:08,MALE,NA,2009-09-07,Not_through_referral
10543,8/23/18 16:42,MALE,NA,2000-05-16,Not_through_referral
10544,9/15/18 21:34,MALE,NA,2001-07-21,Not_through_referral
10545,9/14/18 18:35,MALE,NA,2018-09-14,Not_through_referral
10546,8/16/18 20:22,MALE,NA,1991-03-27,Not_through_referral
10547,8/18/18 13:38,MALE,NA,2018-08-10,Not_through_referral
10548,8/21/18 12:42,MALE,NA,1999-10-30,Installed_through_referral
10549,8/31/18 16:46,MALE,NA,2018-08-19,Not_through_referral
10550,6/12/18 19:21,MALE,NA,1997-06-17,Not_through_referral
10551,6/11/18 12:28,FEMALE,NA,1984-07-13,Not_through_referral
10552,6/12/18 23:32,NA,NA,1900-01-00,Not_through_referral
10553,6/18/18 20:16,MALE,NA,1982-09-11,Not_through_referral
10554,6/17/18 14:48,MALE,NA,2005-08-17,Not_through_referral
10555,7/12/18 17:37,MALE,NA,1994-10-11,Not_through_referral
10556,7/3/18 13:33,FEMALE,NA,1988-03-25,Not_through_referral
10557,7/20/18 20:00,FEMALE,NA,1998-07-20,Installed_through_referral
10558,7/14/18 12:38,MALE,NA,1980-05-29,Not_through_referral
10559,7/21/18 17:26,MALE,NA,1999-12-08,Not_through_referral
10560,7/25/18 17:05,FEMALE,NA,2018-07-25,Not_through_referral
10561,8/9/18 21:35,FEMALE,NA,1996-01-15,Not_through_referral
10562,6/20/18 16:07,FEMALE,NA,1990-06-20,Not_through_referral
10563,6/27/18 14:41,MALE,NA,1992-09-28,Not_through_referral
10564,6/28/18 18:51,MALE,NA,1991-04-24,Not_through_referral
10565,6/25/18 19:52,MALE,NA,2018-06-25,Not_through_referral
10566,7/14/18 20:09,MALE,NA,1999-03-18,Installed_through_referral
10567,7/22/18 14:28,MALE,NA,2018-07-22,Not_through_referral
10568,6/1/18 20:06,MALE,NA,1995-06-23,Installed_through_referral
10569,6/7/18 21:24,MALE,NA,2018-06-07,Installed_through_referral
10570,6/21/18 12:12,MALE,NA,1990-06-21,Not_through_referral
10571,6/29/18 16:44,MALE,NA,1985-09-24,Not_through_referral
10572,6/23/18 16:40,MALE,NA,1994-04-01,Not_through_referral
10573,7/8/18 15:03,MALE,NA,1994-01-19,Installed_through_referral
10574,7/15/18 10:05,MALE,NA,1986-08-01,Installed_through_referral
10575,8/2/18 14:09,FEMALE,NA,1996-12-01,Not_through_referral
10576,6/10/18 17:41,MALE,NA,1988-07-02,Not_through_referral
10577,6/9/18 11:12,MALE,NA,1989-08-14,Installed_through_referral
10578,6/22/18 11:08,MALE,NA,1984-11-02,Not_through_referral
10579,6/14/18 11:24,MALE,NA,1969-07-16,Installed_through_referral
10580,6/21/18 10:50,MALE,NA,2018-06-04,Not_through_referral
10581,7/3/18 20:49,MALE,NA,1989-07-03,Not_through_referral
10582,7/11/18 10:58,FEMALE,NA,1997-08-13,Not_through_referral
10583,7/17/18 13:28,FEMALE,NA,1984-09-04,Not_through_referral
10584,7/30/18 21:46,FEMALE,NA,1992-03-05,Not_through_referral
10585,8/4/18 20:30,FEMALE,NA,1976-08-04,Installed_through_referral
10586,8/8/18 13:07,MALE,NA,2000-12-24,Installed_through_referral
10587,6/20/18 20:41,MALE,NA,1986-06-09,Not_through_referral
10588,7/7/18 11:16,MALE,NA,1996-07-20,Not_through_referral
10589,7/14/18 18:32,MALE,NA,1997-03-20,Not_through_referral
10590,7/29/18 17:13,MALE,NA,1985-08-16,Not_through_referral
10591,8/11/18 20:38,FEMALE,NA,1996-04-24,Not_through_referral
10592,8/5/18 18:03,MALE,NA,1998-05-12,Not_through_referral
10593,8/6/18 14:42,FEMALE,NA,1992-09-23,Not_through_referral
10594,6/13/18 0:54,MALE,NA,1996-10-31,Not_through_referral
10595,6/16/18 17:37,FEMALE,NA,1995-06-15,Not_through_referral
10596,6/26/18 15:51,MALE,NA,1996-06-17,Not_through_referral
10597,6/23/18 20:43,MALE,NA,1991-01-16,Not_through_referral
10598,7/2/18 19:15,MALE,NA,1995-07-15,Not_through_referral
10599,7/24/18 19:29,MALE,NA,2001-09-30,Not_through_referral
10600,8/13/18 22:26,MALE,NA,1988-02-21,Not_through_referral
10601,6/1/18 20:27,MALE,NA,1996-06-26,Not_through_referral
10602,6/4/18 23:17,FEMALE,NA,2018-06-04,Not_through_referral
10603,6/4/18 19:27,MALE,NA,1985-01-02,Installed_through_referral
10604,6/15/18 15:30,MALE,NA,1998-06-10,Not_through_referral
10605,6/21/18 17:18,FEMALE,NA,2018-04-22,Installed_through_referral
10606,6/29/18 12:43,MALE,NA,1996-07-13,Not_through_referral
10607,7/10/18 15:16,MALE,NA,1995-06-26,Installed_through_referral
10608,7/17/18 16:41,MALE,NA,1998-11-18,Installed_through_referral
10609,7/29/18 19:27,FEMALE,NA,1989-02-15,Installed_through_referral
10610,7/31/18 15:39,FEMALE,NA,1990-06-01,Installed_through_referral
10611,7/31/18 1:37,FEMALE,NA,1994-08-11,Installed_through_referral
10612,8/4/18 13:08,FEMALE,NA,1989-07-13,Not_through_referral
10613,6/7/18 11:54,FEMALE,NA,1993-01-23,Not_through_referral
10614,6/6/18 20:20,MALE,NA,1997-06-28,Not_through_referral
10615,6/7/18 19:55,MALE,NA,1999-01-20,Not_through_referral
10616,6/23/18 12:40,MALE,NA,1997-06-19,Not_through_referral
10617,6/29/18 17:44,FEMALE,NA,1986-02-28,Not_through_referral
10618,7/21/18 3:03,MALE,NA,1985-07-01,Not_through_referral
10619,6/2/18 20:54,MALE,NA,1984-09-28,Installed_through_referral
10620,6/9/18 18:17,MALE,NA,1985-11-13,Not_through_referral
10621,6/28/18 18:21,MALE,NA,1988-04-10,Not_through_referral
10622,6/30/18 8:42,MALE,NA,1996-06-30,Installed_through_referral
10623,7/1/18 15:13,MALE,NA,1995-07-01,Installed_through_referral
10624,8/10/18 15:38,MALE,NA,1989-08-03,Not_through_referral
10625,6/12/18 6:33,MALE,NA,2001-07-02,Not_through_referral
10626,6/16/18 15:13,FEMALE,NA,1992-06-10,Not_through_referral
10627,6/20/18 23:59,MALE,NA,1988-06-15,Installed_through_referral
10628,6/14/18 3:50,MALE,NA,1986-07-10,Not_through_referral
10629,7/6/18 12:21,MALE,NA,1971-11-02,Not_through_referral
10630,7/7/18 16:27,MALE,NA,2017-04-13,Not_through_referral
10631,7/17/18 18:06,MALE,NA,2018-07-17,Installed_through_referral
10632,7/25/18 17:09,MALE,NA,1990-04-08,Not_through_referral
10633,8/8/18 13:18,FEMALE,NA,1998-06-14,Installed_through_referral
10634,9/4/18 21:39,MALE,NA,1998-06-04,Not_through_referral
10635,9/24/18 16:18,MALE,NA,1990-10-02,Not_through_referral
10636,9/23/18 9:35,FEMALE,NA,1997-10-30,Not_through_referral
10637,8/20/18 22:43,MALE,NA,1998-03-09,Installed_through_referral
10638,8/24/18 2:57,MALE,NA,1996-01-24,Not_through_referral
10639,9/7/18 19:58,MALE,NA,1997-01-06,Not_through_referral
10640,9/9/18 3:24,MALE,NA,1996-12-12,Not_through_referral
10641,9/21/18 20:48,MALE,NA,1980-03-18,Installed_through_referral
10642,8/30/18 10:05,NA,NA,1900-01-00,Not_through_referral
10643,9/2/18 13:03,MALE,NA,2018-09-02,Not_through_referral
10644,8/31/18 17:14,MALE,NA,1993-01-01,Not_through_referral
10645,9/10/18 20:53,MALE,NA,2000-10-22,Installed_through_referral
10646,8/19/18 18:34,MALE,NA,1996-11-17,Not_through_referral
10647,8/30/18 13:03,MALE,NA,1996-08-22,Installed_through_referral
10648,9/9/18 13:54,FEMALE,NA,1992-02-12,Not_through_referral
10649,8/24/18 14:53,MALE,NA,1996-08-24,Installed_through_referral
10650,8/28/18 3:07,MALE,NA,1992-02-22,Not_through_referral
10651,9/12/18 17:03,MALE,NA,2018-09-12,Installed_through_referral
10652,9/27/18 10:55,MALE,NA,1983-03-23,Installed_through_referral
10653,9/12/18 8:43,FEMALE,NA,1990-10-02,Not_through_referral
10654,9/23/18 18:10,FEMALE,NA,1995-11-26,Not_through_referral
10655,8/25/18 10:15,FEMALE,NA,1999-04-25,Installed_through_referral
10656,9/5/18 21:39,MALE,NA,1990-04-01,Not_through_referral
10657,8/27/18 21:20,MALE,NA,1983-03-25,Not_through_referral
10658,9/9/18 15:53,MALE,NA,1996-08-22,Not_through_referral
10659,8/16/18 10:14,MALE,NA,2000-03-15,Not_through_referral
10660,8/27/18 0:08,MALE,NA,1998-03-26,Installed_through_referral
10661,9/6/18 19:24,MALE,NA,1998-08-11,Not_through_referral
10662,9/3/18 15:59,MALE,NA,1996-03-05,Not_through_referral
10663,9/7/18 15:00,MALE,NA,1996-09-09,Not_through_referral
10664,6/8/18 17:21,FEMALE,NA,1990-06-29,Not_through_referral
10665,6/9/18 11:54,MALE,NA,1983-09-12,Not_through_referral
10666,6/3/18 17:20,FEMALE,NA,2018-03-07,Not_through_referral
10667,7/3/18 1:57,MALE,NA,1998-02-10,Not_through_referral
10668,8/3/18 13:46,MALE,NA,1990-01-14,Not_through_referral
10669,6/18/18 20:21,MALE,NA,1991-02-07,Not_through_referral
10670,6/20/18 22:51,FEMALE,NA,1999-08-08,Not_through_referral
10671,6/24/18 19:00,MALE,NA,1999-05-10,Not_through_referral
10672,6/28/18 20:58,MALE,NA,1983-12-02,Not_through_referral
10673,6/24/18 14:29,MALE,NA,1993-09-21,Not_through_referral
10674,7/9/18 0:00,FEMALE,NA,2018-06-22,Not_through_referral
10675,7/1/18 17:07,MALE,NA,2018-07-01,Installed_through_referral
10676,7/20/18 11:41,MALE,NA,1995-07-20,Not_through_referral
10677,7/21/18 15:36,FEMALE,NA,1999-05-06,Not_through_referral
10678,7/23/18 20:49,MALE,NA,2018-05-04,Installed_through_referral
10679,8/11/18 18:24,FEMALE,NA,1999-09-08,Not_through_referral
10680,8/9/18 21:00,FEMALE,NA,1976-01-01,Installed_through_referral
10681,6/15/18 19:45,FEMALE,NA,1985-02-19,Installed_through_referral
10682,6/26/18 0:10,MALE,NA,2018-06-26,Installed_through_referral
10683,6/26/18 17:02,MALE,NA,2018-03-05,Not_through_referral
10684,7/16/18 14:35,MALE,NA,1979-10-03,Not_through_referral
10685,7/25/18 11:36,FEMALE,NA,1977-07-14,Not_through_referral
10686,7/23/18 22:22,MALE,NA,1993-07-17,Not_through_referral
10687,8/8/18 12:28,MALE,NA,1990-06-15,Installed_through_referral
10688,6/1/18 18:38,MALE,NA,1987-08-31,Not_through_referral
10689,6/10/18 19:56,FEMALE,NA,1992-04-09,Installed_through_referral
10690,6/28/18 20:38,FEMALE,NA,1992-07-21,Installed_through_referral
10691,6/28/18 10:36,MALE,NA,1992-10-23,Not_through_referral
10692,7/2/18 17:14,MALE,NA,1998-12-10,Installed_through_referral
10693,8/9/18 11:57,MALE,NA,1999-08-09,Not_through_referral
10694,6/22/18 16:06,MALE,NA,2018-06-22,Not_through_referral
10695,6/23/18 18:24,MALE,NA,2003-09-13,Not_through_referral
10696,7/9/18 22:31,FEMALE,NA,1984-07-05,Not_through_referral
10697,7/13/18 12:14,MALE,NA,2000-01-03,Installed_through_referral
10698,7/18/18 20:16,MALE,NA,1998-03-06,Not_through_referral
10699,8/3/18 18:34,MALE,NA,1990-08-02,Installed_through_referral
10700,6/2/18 13:34,FEMALE,NA,1992-07-16,Not_through_referral
10701,6/15/18 19:16,FEMALE,NA,1993-03-22,Not_through_referral
10702,6/21/18 21:55,MALE,NA,1992-05-26,Not_through_referral
10703,6/17/18 18:49,MALE,NA,2018-06-17,Not_through_referral
10704,6/24/18 17:34,MALE,NA,1986-06-24,Installed_through_referral
10705,6/22/18 16:47,MALE,NA,2018-06-22,Not_through_referral
10706,7/1/18 17:35,FEMALE,NA,2017-08-24,Installed_through_referral
10707,7/8/18 11:06,MALE,NA,1999-12-01,Not_through_referral
10708,7/28/18 19:51,MALE,NA,1971-10-09,Not_through_referral
10709,8/9/18 12:53,MALE,NA,1995-10-12,Installed_through_referral
10710,6/18/18 11:53,MALE,NA,1998-11-10,Not_through_referral
10711,6/21/18 20:59,NA,NA,1900-01-00,Not_through_referral
10712,6/20/18 15:55,MALE,NA,1954-06-15,Not_through_referral
10713,6/26/18 19:07,MALE,NA,1992-06-26,Not_through_referral
10714,7/3/18 11:49,MALE,NA,1979-09-02,Not_through_referral
10715,7/13/18 15:55,MALE,NA,1993-11-19,Installed_through_referral
10716,7/22/18 16:54,MALE,NA,1987-02-24,Not_through_referral
10717,7/14/18 9:25,FEMALE,NA,1997-01-03,Installed_through_referral
10718,7/12/18 22:08,MALE,NA,1997-08-20,Not_through_referral
10719,7/25/18 19:32,FEMALE,NA,1997-03-25,Not_through_referral
10720,7/29/18 22:23,MALE,NA,2018-07-11,Not_through_referral
10721,8/12/18 11:37,FEMALE,NA,1996-08-31,Not_through_referral
10722,6/9/18 13:51,MALE,NA,1998-05-08,Not_through_referral
10723,6/12/18 21:47,MALE,NA,1995-06-12,Installed_through_referral
10724,6/21/18 18:59,MALE,NA,1992-10-08,Not_through_referral
10725,6/19/18 11:04,MALE,NA,1972-01-01,Not_through_referral
10726,6/22/18 18:53,MALE,NA,1990-12-15,Installed_through_referral
10727,6/30/18 17:08,FEMALE,NA,1989-08-24,Not_through_referral
10728,7/17/18 15:41,MALE,NA,1980-08-03,Not_through_referral
10729,7/28/18 19:36,FEMALE,NA,1957-02-07,Installed_through_referral
10730,7/28/18 13:41,MALE,NA,1994-05-17,Not_through_referral
10731,8/8/18 13:15,FEMALE,NA,1999-06-15,Installed_through_referral
10732,8/9/18 15:43,FEMALE,NA,1996-06-06,Not_through_referral
10733,6/2/18 17:49,MALE,NA,1987-06-02,Not_through_referral
10734,7/20/18 13:13,FEMALE,NA,1999-06-01,Installed_through_referral
10735,7/25/18 11:33,FEMALE,NA,1985-12-07,Not_through_referral
10736,6/1/18 15:34,FEMALE,NA,1999-07-26,Not_through_referral
10737,6/7/18 12:16,NA,NA,1900-01-00,Not_through_referral
10738,6/12/18 19:37,MALE,NA,1996-11-12,Installed_through_referral
10739,6/12/18 22:40,MALE,NA,1996-06-15,Not_through_referral
10740,7/6/18 12:16,MALE,NA,1999-07-28,Not_through_referral
10741,7/5/18 16:44,FEMALE,NA,2018-06-26,Not_through_referral
10742,7/21/18 18:12,MALE,NA,1988-12-30,Not_through_referral
10743,8/2/18 11:31,FEMALE,NA,2018-08-02,Not_through_referral
10744,8/22/18 17:36,MALE,NA,1987-06-09,Not_through_referral
10745,9/8/18 3:43,MALE,NA,1986-12-12,Not_through_referral
10746,9/24/18 9:22,FEMALE,NA,1984-11-13,Not_through_referral
10747,8/17/18 18:05,FEMALE,NA,2018-01-28,Installed_through_referral
10748,8/24/18 19:23,MALE,NA,1991-11-02,Not_through_referral
10749,8/25/18 20:17,FEMALE,NA,1992-05-06,Installed_through_referral
10750,8/15/18 16:26,FEMALE,NA,1998-12-18,Installed_through_referral
10751,9/2/18 17:14,MALE,NA,1985-06-04,Not_through_referral
10752,9/3/18 19:05,MALE,NA,1999-09-30,Not_through_referral
10753,9/10/18 20:50,FEMALE,NA,1994-05-18,Not_through_referral
10754,9/22/18 10:37,FEMALE,NA,1994-08-20,Not_through_referral
10755,9/23/18 19:12,MALE,NA,1996-02-21,Not_through_referral
10756,8/16/18 14:19,MALE,NA,2001-05-11,Not_through_referral
10757,8/20/18 13:38,MALE,NA,1997-12-26,Not_through_referral
10758,8/17/18 17:53,MALE,NA,1995-11-29,Installed_through_referral
10759,8/21/18 17:56,MALE,NA,1996-10-10,Installed_through_referral
10760,8/30/18 17:23,FEMALE,NA,1998-06-26,Not_through_referral
10761,9/18/18 13:26,FEMALE,NA,1954-09-05,Not_through_referral
10762,8/15/18 19:52,MALE,NA,2018-08-15,Installed_through_referral
10763,8/29/18 1:31,FEMALE,NA,1991-10-01,Not_through_referral
10764,8/20/18 17:28,MALE,NA,1994-11-24,Not_through_referral
10765,8/17/18 20:02,FEMALE,NA,1998-10-22,Installed_through_referral
10766,9/10/18 1:21,MALE,NA,1997-07-14,Not_through_referral
10767,9/25/18 16:50,MALE,NA,2017-05-04,Installed_through_referral